SYMBOL,NAME,LAST PRICE,NET CHANGE,% CHANGE,DELTA,1 yr % CHANGE
AAA,Alternative Access First Priority CLO Bond ETF,$24.9650,0.0696,0.2788461538461538%,up,-0.90%
AAAU,Goldman Sachs Physical Gold ETF Shares,$32.7550,-0.0800,-0.24566252111162293%,down,39.55%
AADR,AdvisorShares Dorsey Wright ADR ETF,$77.9200,-1.9600,-2.5083184028666494%,down,21.88%
AAPB,GraniteShares 2x Long AAPL Daily ETF,$19.3900,0.0400,0.20523345305284763%,up,-7.32%
AAPD,Direxion Daily AAPL Bear 1X Shares,$18.0300,-0.0300,-0.16675931072818234%,down,-12.12%
AAPR,SHL Telemedicine Ltd Innovator Equity Defined Protection ETF -,$26.7609,-0.0504,-0.18862910801636282%,down,7.31%
AAPU,Direxion Daily AAPL Bull 2X Shares,$21.1700,0.0200,0.09407337723424271%,up,-21.75%
AAPX,ETF Opportunities Trust T-Rex 2X Long Apple Daily Target ETF,$18.2400,0.0735,0.40054495912806537%,up,-24.88%
AAPY,Kurv Yield Premium Strategy Apple (AAPL) ETF,$21.1051,0.0403,0.1905833837772397%,up,-16.08%
AAVM,Alpha Architect Global Factor Equity ETF,$26.0683,-0.1949,-0.749900923813298%,down,1.44%
AAXJ,iShares MSCI All Country Asia ex Japan ETF,$78.4700,-0.4400,-0.5638856849929514%,down,8.12%
ABCS,Alpha Blue Capital US Small-Mid Cap Dynamic ETF,$27.9744,-0.2912,-1.0448960845102768%,down,5.71%
ABEQ,Absolute Select Value ETF,$34.2000,-0.1575,-0.4626325111692706%,down,12.26%
ABFL,Abacus FCF Leaders ETF,$68.3500,0.0135,0.019699861663193655%,up,15.01%
ABHY,Abacus Tactical High Yield ETF,$19.4525,-0.0164,-0.08442728442728444%,down,-7.11%
ABLD,Abacus FCF Real Assets Leaders ETF,$28.1030,-0.2973,-1.0612134170500909%,down,-8.89%
ABLG,Abacus FCF International Leaders ETF,$30.6224,-0.1918,-0.6265332588549272%,down,1.30%
ABNY,Tidal Trust II YieldMax ABNB Option Income Strategy ETF,$11.6269,-0.2820,-2.3425818242232923%,down,-40.51%
ABOT,Abacus FCF Innovation Leaders ETF,$36.7752,-0.0667,-0.18084702564936828%,down,22.85%
ACES,ALPS Clean Energy ETF,$24.4800,-0.1300,-0.526742301458671%,down,-21.73%
ACGR,American Century Large Cap Growth ETF,$56.4762,-0.3536,-0.6287440588487369%,down,7.90%
ACIO,Aptus Collared Investment Opportunity ETF,$40.2600,-0.2000,-0.4987531172069825%,down,9.83%
ACLC,American Century Large Cap Equity ETF,$69.0900,-0.2600,-0.3775228691738057%,down,4.43%
ACSI,American Customer Satisfaction ETF,$61.2984,-0.3521,-0.5750336429793961%,down,14.69%
ACTV,LeaderShares Activist Leaders ETF,$30.6512,-0.1183,-0.3869174161896975%,down,-7.15%
ACVF,American Conservative Values ETF,$45.0569,-0.2818,-0.6268658044481222%,down,12.10%
ACWI,iShares MSCI ACWI ETF,$123.9100,-0.8900,-0.7208812570873158%,down,10.50%
ACWV,iShares MSCI Global Min Vol Factor ETF,$118.0400,-0.8800,-0.7470288624787776%,down,13.14%
ACWX,iShares MSCI ACWI ex U.S. ETF,$59.6600,-0.5200,-0.8746846089150546%,down,9.06%
ADFI,Anfield Dynamic Fixed Income ETF,$8.4700,0.0056,0.0665083135391924%,up,0.30%
ADIV,SmartETFs Asia Pacific Dividend Builder ETF,$16.6800,0.0284,0.1706146332085764%,up,12.81%
ADME,APTUS Drawdown Managed Equity ETF,$46.2703,-0.1770,-0.38342395424907394%,down,9.18%
ADPV,Series Portfolios Trust Adaptiv Select ETF,$33.7627,-0.3946,-1.1632088764687503%,down,7.56%
ADVE,Matthews International Funds Matthews Asia Dividend Active ETF,$34.5323,-0.2826,-0.822659524918491%,down,4.97%
AESR,Anfield U.S. Equity Sector Rotation ETF,$17.8402,-0.1270,-0.7102908277404921%,down,12.81%
AETH,Bitwise Trendwise Ether and Treasuries Rotation Strategy ETF,$40.2929,-1.1258,-2.829702577095445%,down,-21.23%
AFIF,Anfield Universal Fixed Income ETF,$9.2400,-0.0099,-0.10725777618877369%,down,1.49%
AFK,VanEck Africa Index ETF,$19.0300,0.0300,0.15706806282722513%,up,18.63%
AFLG,First Trust Active Factor Large Cap ETF,$34.9900,-0.2100,-0.601546834717846%,down,12.54%
AFMC,First Trust Active Factor Mid Cap ETF,$31.4100,-0.3000,-0.9572431397574984%,down,5.54%
AFSM,First Trust Active Factor Small Cap ETF,$29.0600,-0.2916,-1.0075671193117033%,down,0.02%
AGG,iShares Core U.S. Aggregate Bond ETF,$97.8600,-0.1800,-0.18461538461538463%,down,1.43%
AGGH,Simplify Aggregate Bond ETF,$19.9900,-0.0400,-0.20130850528434827%,down,-3.73%
AGGS,Harbor ETF Trust Harbor Disciplined Bond ETF,$40.6500,-0.0694,-0.17139780591050763%,down,0.01%
AGGY,WisdomTree Yield Enhanced U.S. Aggregate Bond Fund,$42.8700,-0.0800,-0.18726591760299627%,down,0.35%
AGIH,iShares U.S. ETF Trust iShares Inflation Hedged U.S. Aggregate,$24.6101,-0.0350,-0.1425081433224756%,down,1.17%
AGIX,KraneShares Artificial Intelligence & Technology ETF,$28.7200,-0.2200,-0.7573149741824441%,down,17.14%
AGMI,Themes Silver Miners ETF,$32.2600,0.0496,0.15308641975308643%,up,10.88%
AGNG,Global X Aging Population ETF,$31.3200,-0.3100,-0.9971051785139916%,down,5.25%
AGOX,Adaptive Alpha Opportunities ETF,$28.0100,0.0845,0.3005566522612887%,up,3.21%
AGQ,ProShares Ultra Silver,$41.1500,-0.6900,-1.7155643958229736%,down,-12.70%
AGQI,First Trust Exchange-Traded Fund VIII First Trust Active Globa,$14.9168,-0.0913,-0.6132167348391734%,down,3.97%
AGRH,iShares U.S. ETF Trust iShares Interest Rate Hedged U.S. Aggre,$25.8300,0.0250,0.09682416731216112%,up,-0.62%
AGZ,iShares  Agency Bond ETF,$109.0700,-0.2000,-0.1838404265097895%,down,1.55%
AGZD,WisdomTree Interest Rate Hedged U.S. Aggregate Bond Fund,$22.1900,0.1500,0.6729475100942127%,up,0.51%
AHLT,American Beacon Select Funds American Beacon AHL Trend ETF,$21.7209,-0.1401,-0.6468442679717439%,down,-17.64%
AHYB,American Century Select High Yield ETF,$45.9891,-0.1308,-0.28466219216003763%,down,1.95%
AIA,iShares Asia 50 ETF,$75.8100,-0.7300,-0.9681697612732095%,down,12.96%
AIBD,Direxion Shares ETF Trust Direxion Daily AI and Big Data Bear ,$12.5692,0.1046,0.8382484933965892%,up,-47.21%
AIBU,Direxion Shares ETF Trust Direxion Daily AI and Big Data Bull ,$34.1451,-0.3300,-0.9626604434072346%,down,29.29%
AIEQ,Amplify ETF Trust Amplify AI Powered Equity ETF,$40.3337,-0.2779,-0.6900456140263752%,down,15.82%
AIFD,TCW Artificial Intelligence ETF,$27.8283,-0.0835,-0.2983581369588909%,down,4.40%
AIPI,REX AI Equity Premium Income ETF,$41.0300,-0.2075,-0.5048661800486618%,down,-18.89%
AIQ,Global X Artificial Intelligence & Technology ETF,$40.4500,-0.2700,-0.6663376110562684%,down,17.21%
AIRL,Themes Airlines ETF,$31.6501,-0.0520,-0.1650814613518902%,down,25.68%
AIRR,First Trust RBA American Industrial Renaissance ETF,$76.7900,-1.1000,-1.4319187711533459%,down,5.73%
AIS,Tidal Trust III VistaShares Artificial Intelligence Supercycle,$24.5754,-0.0278,-0.1122783209948344%,down,-1.30%
AIVC,Amplify Bloomberg AI Value Chain ETF,$47.5463,-0.3692,-0.7722783046692296%,down,5.16%
AIVI,WisdomTree International AI Enhanced Value Fund,$47.7528,-0.4271,-0.8985960357418625%,down,14.35%
AIVL,WisdomTree U.S. AI Enhanced Value Fund,$110.0723,-0.8428,-0.7680649738495201%,down,9.29%
AIYY,Tidal Trust II YieldMax AI Option Income Strategy ETF,$5.0800,-0.1300,-2.838427947598253%,down,-60.10%
AJAN,Innovator ETFs Trust Innovator Equity Defined Protection ETF -,$26.7142,-0.0118,-0.04421396561802131%,down,6.80%
AJUL,SHL Telemedicine Ltd Innovator Equity Defined Protection ETF -,$27.3635,-0.0561,-0.20530424185644805%,down,5.73%
ALAI,The Alger ETF Trust Alger AI Enablers & Adopters ETF,$27.9600,-0.0235,-0.0844027339302582%,down,31.28%
ALTL,Pacer Lunt Large Cap Alternator ETF,$34.1100,-0.2684,-0.7908073070123749%,down,-0.93%
ALTY,Global X Alternative Income ETF,$11.4581,-0.0256,-0.22358078602620088%,down,1.15%
AMAX,Adaptive Hedged Multi-Asset Income ETF,$7.8200,0.0301,0.3844139921584654%,up,-2.37%
AMDL,GraniteShares 2x Long AMD Daily ETF,$5.5600,-0.1700,-3.0630630630630633%,down,-70.37%
AMDS,GraniteShares 1x Short AMD Daily ETF,$14.9000,0.2048,1.3741922929820913%,up,22.76%
AMDY,Tidal Trust II Yieldmax AMD Option Income Strategy ETF,$7.3400,0.0100,0.12738853503184713%,up,-56.73%
AMID,Argent Mid Cap ETF,$32.5200,-0.3800,-1.171754548257786%,down,-0.47%
AMJB,JPMorgan Chase & Co. Alerian MLP Index ETNs due January 28 20,$29.9000,-0.4300,-1.4066077854105332%,down,9.37%
AMLP,Alerian MLP ETF,$48.0400,-0.3800,-0.7847996695580338%,down,6.28%
AMOM,QRAFT AI-Enhanced U.S. Large Cap Momentum ETF,$42.2482,-0.0962,-0.22721743669443506%,down,6.78%
AMUB,NO Name,$18.7684,-0.1611,-0.8347020512634519%,down,9.50%
AMZA,InfraCap MLP ETF,$42.0200,-0.4200,-0.9847596717467761%,down,10.26%
AMZD,Direxion Daily AMZN Bear 1X Shares,$11.7100,0.0700,0.5952380952380953%,up,-18.67%
AMZP,Kurv Yield Premium Strategy Amazon (AMZN) ETF,$27.5750,-0.0916,-0.3332690565502287%,down,-10.15%
AMZU,Direxion Daily AMZN Bull 2X Shares,$32.8800,-0.3800,-1.1642156862745099%,down,-3.60%
AMZY,Tidal ETF Trust II YieldMax AMZN Option Income Strategy ETF,$15.9300,-0.0400,-0.25157232704402516%,down,-30.75%
AMZZ,GraniteShares 2x Long AMZN Daily ETF,$27.5100,-0.5300,-1.9564414913252122%,down,2.41%
ANEW,ProShares MSCI Transformational Changes ETF,$47.9822,-0.2676,-0.5579370506897069%,down,14.65%
ANGL,VanEck Fallen Angel High Yield Bond ETF,$28.7000,0.0200,0.06980802792321117%,up,0.60%
AOA,iShares Core 80/20 Aggressive Allocation ETF,$80.2300,-0.4300,-0.5375%,down,8.31%
AOCT,Innovator Equity Defined Protection ETF - 2 Yr to October 2026,$25.3009,-0.0296,-0.11715719645995282%,down,1.59%
AOHY,Angel Oak High Yield Opportunities ETF,$11.0200,0.0000,0%,unch,0.59%
AOK,iShares Core 30/70 Conservative Allocation ETF,$38.1300,-0.1100,-0.2890173410404624%,down,4.19%
AOM,iShares Core 40/60 Moderate Allocation ETF,$44.7000,-0.1500,-0.33647375504710636%,down,4.92%
AOR,iShares Core 60/40 Balanced Allocation ETF,$59.5500,-0.2600,-0.4382268666779033%,down,6.59%
AOTG,AOT Growth and Innovation ETF,$45.8033,-0.2389,-0.5216441945521044%,down,19.07%
APCB,Trust for Professional Managers ActivePassive Core Bond ETF,$29.2750,-0.0476,-0.16323451243977302%,down,0.45%
APIE,Trust for Professional Managers ActivePassive International Eq,$32.3000,-0.3651,-1.1421903400292195%,down,10.45%
APLY,Tidal ETF Trust II YieldMax AAPL Option Income Strategy ETF,$12.9700,0.0300,0.23112480739599384%,up,-25.27%
APMU,Trust for Professional Managers ActivePassive Intermediate Mun,$24.6206,-0.0040,-0.016270083384177344%,down,0.39%
APOC,Innovator Equity Defined Protection ETF - 6mo Apr/Oct,$25.3400,-0.0100,-0.03943217665615142%,down,0.83%
APRH,Innovator ETFs Trust Innovator Premium Income 20 Barrier ETF -,$24.7833,-0.0153,-0.06166868198307135%,down,0.02%
APRJ,Innovator ETFs Trust Innovator Premium Income 30 Barrier ETF -,$24.7146,-0.0084,-0.034014982790038464%,down,-0.40%
APRP,PGIM S&P 500 Buffer 12 ETF - April,$27.3965,-0.0593,-0.2167793821970389%,down,8.03%
APRT,AllianzIM U.S. Large Cap Buffer10 APR ETF,$38.1891,-0.0930,-0.24401058953483185%,down,7.85%
APRW,AllianzIM U.S. Large Cap Buffer20 APR ETF,$32.7854,0.0200,0.06103143118706133%,up,7.18%
APRZ,Trust TrueShares Structured Outcome (April) ETF,$34.2386,-0.1346,-0.3939888886937482%,down,5.34%
APUE,Trust for Professional Managers ActivePassive U.S. Equity ETF,$35.8200,-0.1300,-0.36424768842813116%,down,10.13%
AQWA,Global X Clean Water ETF,$18.4500,-0.2731,-1.4915346805024579%,down,5.35%
ARB,AltShares Merger Arbitrage ETF,$28.3400,-0.0400,-0.14124293785310735%,down,5.79%
ARCM,Arrow Reserve Capital Management ETF,$100.5100,0.0100,0.009953219866626855%,up,0.00%
AREA,Harbor ETF Trust Harbor AlphaEdge Next Generation REITs ETF,$18.2084,-0.0855,-0.47281716077442476%,down,-9.41%
ARGT,Global X MSCI Argentina ETF,$90.9400,-0.3400,-0.36645828842422934%,down,52.55%
ARKA,EA Series Trust ARK 21Shares Active Bitcoin Futures Strategy E,$66.2633,-1.7966,-2.674232196469585%,down,3.04%
ARKB,ARK 21Shares Bitcoin ETF Common Shares of Beneficial Interests,$105.3600,-3.0100,-2.8209934395501404%,down,56.02%
ARKD,EA Series Trust ARK 21Shares Blockchain and Digital Economy In,$47.2779,-1.0183,-2.1285535117056855%,down,5.95%
ARKF,ARK FinTech Innovation ETF,$40.9300,-0.3700,-0.9004623996106108%,down,48.77%
ARKG,ARK Genomic Revolution ETF,$21.0200,-0.4300,-2.037914691943128%,down,-17.87%
ARKK,ARK Innovation ETF,$56.6200,-1.0700,-1.877851877851878%,down,29.41%
ARKQ,ARK Autonomous Technology & Robotics ETF,$80.2700,-0.3000,-0.37032465127762004%,down,44.56%
ARKW,ARK Next Generation Internet ETF,$120.3300,-1.2600,-1.0377203096689178%,down,56.05%
ARKX,ARK Space Exploration & Innovation ETF,$20.9200,0.0200,0.0942951438000943%,up,38.45%
ARKZ,EA Series Trust ARK 21Shares Active Ethereum Futures Strategy ,$28.3000,-0.6943,-2.4796428571428573%,down,-38.57%
ARLU,SHL Telemedicine Ltd AllianzIM U.S. Equity Buffer15 Uncapped A,$26.7972,-0.1025,-0.38359917067730515%,down,6.43%
ARP,The Advisors Inner Circle Fund II PMV Adaptive Risk Parity ETF,$28.0287,-0.0947,-0.33900489355532726%,down,1.74%
ARTY,iShares Future AI & Tech ETF,$36.8900,-0.2300,-0.6231373611487402%,down,8.27%
ARVR,First Trust Indxx Metaverse ETF,$42.6042,-0.3006,-0.7050280744712288%,down,16.54%
ASEA,Global X FTSE Southeast Asia ETF,$16.8500,0.0406,0.2399527186761229%,up,13.25%
ASET,FlexShares Real Assets Allocation Index Fund,$32.2500,-0.0600,-0.18627755355479664%,down,3.96%
ASHR,Xtrackers Harvest CSI 300 China A-Shares ETF,$26.6500,-0.0700,-0.2642506606266516%,down,7.77%
ASHS,Xtrackers Harvest CSI 500 China A-Shares Small Cap ETF,$28.3400,-0.1200,-0.430416068866571%,down,6.70%
ASIA,Matthews International Funds Matthews Pacific Tiger Active ETF,$27.7205,-0.1614,-0.584484013601747%,down,3.77%
ASMF,Virtus ETF Trust II Virtus AlphaSimplex Managed Futures ETF,$22.3902,-0.0647,-0.2894258899734283%,down,-12.62%
ATFV,Alger 35 ETF,$26.8424,0.1100,0.40915008368978983%,up,27.44%
ATMP,Barclays PLC,$28.5972,-0.2500,-0.8558712769599452%,down,18.98%
AUGP,PGIM S&P 500 Buffer 12 ETF - August,$27.5261,-0.1043,-0.37991928081243714%,down,8.64%
AUGT,AIM ETF Products Trust AllianzIM U.S. Large Cap Buffer10 Aug E,$31.4827,-0.1052,-0.33506812839606837%,down,10.30%
AUGW,AIM ETF Products Trust AllianzIM U.S. Large Cap Buffer20 Aug E,$29.7909,-0.0763,-0.25664139494520727%,down,7.72%
AUGZ,TrueShares Structured Outcome (August) ETF,$38.9437,-0.1460,-0.3758730681797703%,down,4.97%
AUMI,Themes Gold Miners ETF,$55.1100,0.3800,0.6931776723823422%,up,68.46%
AUSF,Global X Funds Global X Adaptive U.S. Factor ETF,$43.5600,-0.4100,-0.944918183913344%,down,10.27%
AVDE,Avantis International Equity ETF,$72.7100,-0.6500,-0.8969228646336416%,down,11.63%
AVDS,American Century ETF Trust Avantis International Small Cap Equ,$59.9100,-0.3588,-0.601220538015302%,down,10.47%
AVDV,Avantis International Small Cap Value ETF,$77.2300,-0.4700,-0.6109450149486546%,down,13.27%
AVEE,American Century ETF Trust Avantis Emerging Markets Small Cap ,$57.4310,-0.1659,-0.29049050696634404%,down,1.73%
AVEM,Avantis Emerging Markets Equity ETF,$65.1300,-0.3100,-0.47928262213976497%,down,4.68%
AVES,Avantis Emerging Markets Value ETF,$51.3700,-0.0700,-0.13717421124828533%,down,2.16%
AVGE,American Century ETF Trust Avantis All Equity Markets ETF,$74.8200,-0.5100,-0.6841046277665996%,down,6.64%
AVGV,American Century ETF Trust Avantis All Equity Markets Value ET,$63.4100,-0.5398,-0.8550582763875292%,down,4.73%
AVGX,Defiance Daily Target 2x Long AVGO ETF,$28.1200,0.8100,2.9454545454545453%,up,43.01%
AVIE,American Century ETF Trust Avantis Inflation Focused Equity ET,$60.2308,-0.5357,-0.8947675224610532%,down,-3.37%
AVIG,Avantis Core Fixed Income ETF,$41.0000,-0.0600,-0.14680694886224616%,down,0.99%
AVIV,Avantis International Large Cap Value ETF,$61.5800,-0.4900,-0.799347471451876%,down,11.09%
AVL,Direxion Daily AVGO Bull 2X Shares,$30.5400,1.1000,3.6776997659645607%,up,20.05%
AVLC,American Century ETF Trust Avantis U.S. Large Cap Equity ETF,$67.7000,-0.3800,-0.5630463772410728%,down,9.36%
AVLV,Avantis U.S. Large Cap Value ETF,$65.6900,-0.5900,-0.9004884004884005%,down,4.46%
AVMA,American Century ETF Trust Avantis Moderate Allocation ETF,$60.0366,-0.3380,-0.5649443663513788%,down,5.46%
AVMC,American Century ETF Trust Avantis U.S. Mid Cap Equity ETF,$64.1300,-0.7100,-1.1112850211300673%,down,5.76%
AVMU,Avantis Core Municipal Fixed Income ETF,$44.6300,-0.0304,-0.06814691937815937%,down,-2.74%
AVMV,American Century ETF Trust Avantis U.S. Mid Cap Value ETF,$63.2300,-0.7900,-1.254167328147325%,down,4.04%
AVNM,American Century ETF Trust Avantis All International Markets E,$63.6100,-0.4248,-0.670772145902416%,down,9.14%
AVNV,American Century ETF Trust Avantis All International Markets V,$64.2548,-0.4036,-0.6314606987685264%,down,9.05%
AVRE,Avantis Real Estate ETF,$44.1600,0.0093,0.021228030130107278%,up,8.09%
AVS,Direxion Daily AVGO Bear 1X Shares,$14.9300,-0.2600,-1.7218543046357617%,down,-39.72%
AVSC,American Century ETF Trust Avantis U.S Small Cap Equity ETF,$49.6400,-0.5500,-1.1122345803842266%,down,-3.16%
AVSD,American Century ETF Trust Avantis Responsible International E,$66.3271,-0.6206,-0.9394575185363476%,down,14.39%
AVSE,American Century ETF Trust Avantis Responsible Emerging Market,$55.7859,-0.2176,-0.3924864812216141%,down,6.26%
AVSF,Avantis Short-Term Fixed Income ETF,$46.7400,-0.0700,-0.15005359056806006%,down,1.39%
AVSU,American Century ETF Trust Avantis Responsible U.S. Equity ETF,$65.5000,-0.4406,-0.6748436188527354%,down,7.22%
AVUS,Avantis U.S. Equity ETF,$96.4300,-0.7200,-0.7496095783446122%,down,7.58%
AVUV,Avantis U.S. Small Cap Value ETF,$88.6600,-1.1500,-1.300757832824341%,down,-3.73%
AVXC,Avantis Emerging Markets Ex-China Equity ETF,$53.8709,-0.1200,-0.22358859698155392%,down,3.11%
AWAY,Amplify ETF Trust Amplify Travel Tech ETF,$21.3200,0.0524,0.24546314773696096%,up,7.76%
AWEG,The Alger ETF Trust Alger Weatherbie Enduring Growth ETF,$23.1209,0.0147,0.06320596113908321%,up,-0.22%
AZTD,Tidal ETF Trust Aztlan Global Stock Selection DM SMID ETF,$25.8208,-0.3328,-1.2859599296740665%,down,19.46%
BAB,Invesco Taxable Municipal Bond ETF,$26.0900,-0.1900,-0.7330246913580246%,down,-0.77%
BABO,Tidal Trust II YieldMax BABA Option Income Strategy ETF,$15.7000,-0.0800,-0.5025125628140703%,down,-22.04%
BABX,GraniteShares 2x Long BABA Daily ETF,$26.1700,-1.3000,-5.013497878904744%,down,63.29%
BAFE,Brown Advisory Flexible Equity ETF,$25.1300,-0.0993,-0.3957641675999474%,down,-0.03%
BAI,BlackRock ETF Trust iShares A.I. Innovation and Tech Active ET,$26.0100,-0.1900,-0.7299270072992701%,down,3.87%
BALI,iShares Advantage Large Cap Income ETF,$29.2100,-0.1500,-0.5159958720330238%,down,1.47%
BALT,Innovator Defined Wealth Shield ETF,$31.8500,0.0300,0.09425070688030161%,up,7.68%
BAMA,Brookstone Active ETF,$30.7940,-0.1900,-0.6186909801367633%,down,6.66%
BAMD,Brookstone Dividend Stock ETF,$30.5898,-0.6527,-2.1437040394386364%,down,4.92%
BAMG,Brookstone Growth Stock ETF,$34.4700,-0.0464,-0.1343759050101361%,down,14.45%
BAMO,Brookstone Opportunities ETF,$30.4673,-0.1791,-0.5889510029595528%,down,6.40%
BAMU,Brookstone Ultra-Short Bond ETF,$25.2080,-0.1800,-0.7138607971445569%,down,-0.92%
BAMV,Brookstone Value Stock ETF,$30.7700,-0.3028,-0.9866405995438253%,down,4.46%
BAMY,Brookstone Yield ETF,$26.5700,-0.5540,-2.091923814702373%,down,-1.59%
BAPR,Innovator U.S. Equity Buffer ETF - April ,$43.8800,-0.1200,-0.27347310847766637%,down,8.13%
BAR,NO Name,$32.7000,-0.0800,-0.2460781298062135%,down,39.53%
BATT,Amplify Lithium & Battery Technology ETF,$8.7700,-0.0300,-0.3424657534246575%,down,-7.69%
BAUG,Innovator U.S. Equity Buffer ETF - August,$44.1267,-0.1828,-0.4153412705625738%,down,11.27%
BBAG,JPMorgan BetaBuilders U.S. Aggregate Bond ETF,$45.5500,-0.0800,-0.1761726491962123%,down,0.98%
BBAX,JPMorgan BetaBuilders Developed Asia Pacific-ex Japan ETF ,$52.6800,-0.4500,-0.857796416317194%,down,6.60%
BBBI,BondBloxx ETF Trust BondBloxx BBB Rated 5-10 Year Corporate Bo,$50.5960,-0.1088,-0.21570823874619585%,down,2.12%
BBBL,BondBloxx ETF Trust BondBloxx BBB Rated 10+ Year Corporate Bon,$47.0594,-0.1862,-0.3988381856503933%,down,-2.84%
BBBS,BondBloxx ETF Trust BondBloxx BBB Rated 1-5 Year Corporate Bon,$51.0155,-0.0879,-0.1725210646453505%,down,2.21%
BBC,Virtus LifeSci Biotech Clinical Trials ETF,$18.5200,0.0700,0.3934794828555369%,up,-32.46%
BBCA,JPMorgan BetaBuilders Canada ETF,$78.3600,-0.0500,-0.06381620931716657%,down,17.85%
BBCB,JPMorgan BetaBuilders USD Investment Grade Corporate Bond ETF,$44.8690,-0.1154,-0.2580235485616417%,down,0.47%
BBEM,J.P. Morgan Exchange-Traded Fund Trust JPMorgan BetaBuilders E,$55.6711,-0.2288,-0.4133470633931313%,down,5.29%
BBEU,JPMorgan BetaBuilders Europe ETF,$67.0400,-0.7100,-1.0644677661169415%,down,8.83%
BBH,VanEck Biotech ETF,$150.4300,-0.9200,-0.6209084160086388%,down,-9.89%
BBHY,JPMorgan BetaBuilders USD High Yield Corporate Bond ETF,$46.0000,-0.0300,-0.06527415143603132%,down,0.72%
BBIB,J.P. Morgan Exchange-Traded Fund Trust JPMorgan BetaBuilders U,$98.1216,-0.1886,-0.19279088833052904%,down,2.54%
BBIN,JPMorgan BetaBuilders International Equity ETF,$66.6250,-0.7000,-1.0540581237765396%,down,8.96%
BBJP,JPMorgan BetaBuilders Japan ETF,$60.5800,-1.0900,-1.8085282893645265%,down,6.43%
BBLB,J.P. Morgan Exchange-Traded Fund Trust JPMorgan BetaBuilders U,$81.6628,-0.4552,-0.5629845105052513%,down,-5.70%
BBLU,EA Series Trust EA Bridgeway Blue Chip ETF,$13.0600,-0.0200,-0.15384615384615385%,down,11.02%
BBMC,JPMorgan BetaBuilders U.S. Mid Cap Equity ETF,$93.6000,-1.0250,-1.0972894274825502%,down,4.88%
BBP,Virtus LifeSci Biotech Products ETF,$56.5227,-0.5196,-0.9407129938245341%,down,-1.55%
BBRE,JPMorgan BetaBuilders MSCI U.S. REIT ETF ,$93.1751,-0.0700,-0.07584787084191137%,down,9.87%
BBSB,J.P. Morgan Exchange-Traded Fund Trust JPMorgan BetaBuilders U,$98.9026,-0.0500,-0.05060728744939271%,down,1.32%
BBSC,JPMorgan BetaBuilders U.S. Small Cap Equity ETF,$63.0888,-0.6844,-1.0865130456179901%,down,2.19%
BBUS,JPMorgan BetaBuilders U.S. Equity ETF,$106.8100,-0.5400,-0.5073280721533259%,down,11.36%
BCD,abrdn Bloomberg All Commodity Longer Dated Strategy K-1 Free E,$32.6700,-0.2861,-0.876158743672272%,down,-4.27%
BCDF,Listed Funds Trust Horizon Kinetics Blockchain Development ETF,$30.2412,-0.4401,-1.45257112680705%,down,22.86%
BCI,abrdn Bloomberg All Commodity Strategy K-1 Free ETF,$20.4500,-0.2000,-0.9765625%,down,-4.30%
BCIL,Exchange Listed Funds Trust Bancreek International Large Cap E,$29.9860,-0.2093,-0.696274118429807%,down,18.89%
BCIM,abrdn Bloomberg Industrial Metals Strategy K-1 Free ETF,$20.5020,-0.2138,-1.0421033134791042%,down,-20.73%
BCUS,Exchange Listed Funds Trust Bancreek U.S. Large Cap ETF,$31.1300,-0.1516,-0.48730311796849896%,down,9.92%
BDCX,ETRACS Quarterly Pay 1.5x Leveraged MarketVector BDC Liquid In,$28.4945,-0.0040,-0.014070387111525407%,down,-15.84%
BDCZ,NO Name,$18.2539,-0.0033,-0.01811574312974166%,down,-7.13%
BDEC,Innovator U.S. Equity Buffer ETF - December,$43.4975,-0.1244,-0.28686332023539396%,down,5.09%
BDGS,Bridges Capital Tactical ETF,$32.1400,-0.0500,-0.15552099533437014%,down,14.78%
BDIV,ETF Series Solutions AAM Brentview Dividend Growth ETF,$20.1000,-0.1018,-0.5073612232489061%,down,5.91%
BDRY,Amplify Commodity Trust Breakwave Dry Bulk Shipping ETF,$5.1900,0.0170,0.3290110315463519%,up,-56.94%
BDVG,Litman Gregory Funds Trust IMGP Berkshire Dividend Growth ETF,$11.6754,-0.1048,-0.9015674196933983%,down,5.87%
BEDZ,AdvisorShares Hotel ETF,$30.1524,-0.1722,-0.5727895048464244%,down,9.39%
BEEZ,Honeytree U.S. Equity ETF,$32.2627,-0.1737,-0.5394409937888198%,down,8.69%
BELT,iShares Long-Term U.S. Equity Active ETF,$30.7076,-0.3024,-0.9854143041489071%,down,0.65%
BERZ,MicroSectors FANG & Innovation -3x Inverse Leveraged ETN,$7.5500,0.0700,0.9283819628647216%,up,-68.01%
BETE,ProShares Bitcoin & Ether Equal Weight ETF,$70.7400,-1.8330,-2.5851710190058728%,down,-13.04%
BETH,ProShares Bitcoin & Ether Market Cap Weight ETF,$83.5048,-1.9947,-2.367166556103165%,down,1.84%
BETZ,Roundhill Sports Betting & iGaming ETF,$21.3447,-0.0653,-0.3067945838775452%,down,27.09%
BFEB,Innovator U.S. Equity Buffer ETF - February,$43.1166,-0.1714,-0.39859167375945903%,down,7.69%
BFIX,Build Funds Trust Build Bond Innovation ETF,$24.9400,-0.0330,-0.1318575937986974%,down,7.83%
BFOR,Barron's 400 ETF,$73.9098,-0.7592,-1.0298733820054315%,down,10.23%
BGIG,ETF Series Solutions Bahl & Gaynor Income Growth ETF,$29.6800,-0.1945,-0.6577145349839882%,down,6.89%
BGLD,FT Vest Gold Strategy Quarterly Buffer ETF,$21.3797,-0.0086,-0.0402744280797059%,down,5.33%
BGRN,iShares USD Green Bond ETF,$47.1000,-0.1229,-0.26204690831556504%,down,1.34%
BGRO,iShares Large Cap Growth Active ETF,$34.0900,-0.1575,-0.46279291853375454%,down,10.74%
BHYB,DBX ETF Trust Xtrackers USD High Yield BB-B ex Financials ETF,$53.7593,-0.0303,-0.056404099070170056%,down,0.86%
BIB,ProShares Ultra Nasdaq Biotechnology,$44.9500,-0.9400,-2.180468568777546%,down,-21.70%
BIBL,Inspire 100 ETF,$39.6700,-0.3150,-0.7969639468690702%,down,4.01%
BIDD,iShares International Dividend Active ETF,$27.2600,-0.2800,-1.0313075506445675%,down,7.62%
BIGY,Tidal Trust II YieldMax Target 12 Big 50 Option Income ETF,$47.7664,-0.1090,-0.22961967398219502%,down,-5.35%
FCUS,Tidal ETF Trust II Pinnacle Focused Opportunities ETF,$24.3703,-0.1320,-0.537229604607151%,down,
FCVT,First Trust SSI Strategic Convertible Securities ETF,$36.8400,-0.1100,-0.2984264785675529%,down,
FDAT,Tactical Advantage ETF,$20.7528,-0.1099,-0.5294012803899939%,down,
FDCE,Foundations Dynamic Core ETF,$12.4934,-0.0903,-0.725097362187337%,down,
FDCF,Fidelity Disruptive Communications ETF,$40.4100,-0.1600,-0.3918687239774676%,down,
FDD,First Trust Dow Jones STOXX Select Dividend 30 Index Fund,$15.2400,-0.0900,-0.5960264900662252%,down,
FDEC,FT Vest U.S. Equity Buffer ETF - December,$45.0900,-0.1800,-0.40098017375807526%,down,
FDEM,Fidelity Emerging Markets Multifactor ETF,$26.8200,-0.0850,-0.31627906976744186%,down,
FDEV,Fidelity Emerging Markets Multifactor ETF,$31.9900,-0.1600,-0.5018820577164367%,down,
FDFF,Fidelity Disruptive Finance ETF,$37.2434,-0.1800,-0.4863550391786004%,down,
FDG,American Century Focused Dynamic Growth ETF,$103.1623,-1.2554,-1.2229359424711606%,down,
FDGR,Foundations Dynamic Growth ETF,$14.0026,-0.0517,-0.3700125246018966%,down,
FDHT,Fidelity Digital Health ETF,$20.2580,-0.2110,-1.0513622864887489%,down,
FDHY,Fidelity Enhanced High Yield ETF,$48.1000,-0.0100,-0.020673971469919374%,down,
FDIF,Fidelity Disruptors ETF,$31.8600,-0.2300,-0.7225887527489789%,down,
FDIG,Fidelity Crypto Industry and Digital Payments ETF,$29.6600,-1.1000,-3.646005966191581%,down,
FDIS,Fidelity MSCI Consumer Discretionary Index ETF,$92.8500,-0.7900,-0.8505598621877692%,down,
FDIV,MarketDesk Focused U.S. Dividend ETF,$25.7800,-0.2800,-1.0911925175370227%,down,
FDL,First Trust Morningstar ETF,$41.7000,-0.4300,-1.037895244991552%,down,
FDLO,Fidelity Low Volatility Factor ETF,$60.9900,-0.4300,-0.7072368421052632%,down,
FDLS,Northern Lights Fund Trust IV Inspire Fidelis Multi Factor ETF,$30.2800,-0.2491,-0.8283756056519758%,down,
FDM,First Trust DJ Select MicroCap ETF,$67.1941,-0.7366,-1.0993455565754027%,down,
FDMO,Fidelity Momentum Factor ETF,$71.9500,-0.1874,-0.2611388104667334%,down,
FDN,First Trust DJ Internet Index Fund,$249.5700,-0.8100,-0.3227991870242697%,down,
FDND,First Trust Exchange-Traded Fund IV FT Vest Dow Jones Internet,$22.1043,0.0102,0.045760430686406464%,up,
FDNI,First Trust Dow Jones International Internet ETF,$32.2737,-0.1100,-0.3417210313762038%,down,
FDRR,Fidelity Dividend ETF for Rising Rates,$51.4640,-0.2025,-0.3950294565174983%,down,
FDRV,Fidelity Electric Vehicles and Future Transportation ETF,$14.2500,-0.0501,-0.35059482155353394%,down,
FDT,First Trust Developed Markets Ex-US AlphaDEX Fund,$65.7700,-0.4700,-0.7178860546815335%,down,
FDTB,Foundations Dynamic Income ETF,$9.5202,-0.0099,-0.10409985173657481%,down,
FDTS,First Trust Developed Markets Ex-US Small Cap AlphaDEX Fund,$47.3100,-0.2815,-0.5993085065615233%,down,
FDTX,Fidelity Disruptive Technology ETF,$35.3500,-0.1033,-0.29060362846621485%,down,
FDV,Federated Hermes ETF Trust Federated Hermes U.S. Strategic Div,$27.2100,-0.3700,-1.3678373382624769%,down,
FDVL,Foundations Dynamic Value ETF,$10.2527,-0.0743,-0.7274115700537482%,down,
FDVV,Fidelity High Dividend ETF,$50.2700,-0.2800,-0.5606728073688427%,down,
FDWM,Fidelity Women's Leadership ETF,$22.8900,-0.1269,-0.5554534233264176%,down,
FEAC,Fidelity Covington Trust Fidelity Enhanced U.S. All-Cap Equity,$24.9719,-0.0629,-0.2522315878960918%,down,
FEBP,PGIM S&P 500 Buffer 12 ETF - February,$28.4879,-0.0877,-0.3085236247480273%,down,
FEBT,AIM ETF Products Trust AllianzIM U.S. Large Cap Buffer10 Feb E,$33.9095,-0.1125,-0.3325804696923113%,down,
FEBW,AIM ETF Products Trust AllianzIM U.S. Large Cap Buffer20 Feb E,$31.1713,-0.0792,-0.25452325095606904%,down,
FEBZ,TrueShares Structured Outcome (February) ETF,$34.6630,-0.1177,-0.34044891819969914%,down,
FEDM,FlexShares ESG & Climate Developed Markets ex-US Core Index Fu,$55.2230,-0.5457,-0.994296958985478%,down,
FEIG,FlexShares ESG & Climate Investment Grade Corporate Core Index,$40.5390,-0.1048,-0.2595794218908677%,down,
FELC,Fidelity Covington Trust Fidelity Enhanced Large Cap Core ETF,$32.9500,-0.1600,-0.48735912275357907%,down,
FELG,Fidelity Covington Trust Fidelity Enhanced Large Cap Growth ET,$34.9200,-0.0700,-0.20074562661313455%,down,
FELV,Fidelity Covington Trust Fidelity Enhanced Large Cap Value ETF,$30.7900,-0.1900,-0.6182883176049463%,down,
FEM,First Trust Emerging Markets AlphaDEX Fund,$23.7900,-0.1500,-0.6321112515802781%,down,
FEMB,First Trust Emerging Markets Local Currency Bond ETF,$28.2200,-0.0400,-0.14245014245014245%,down,
FEMR,Fidelity Covington Trust Fidelity Enhanced Emerging Markets ET,$27.2343,-0.1621,-0.5987957592996195%,down,
FEMS,First Trust Emerging Markets Small Cap AlphaDEX Fund,$39.2400,-0.2400,-0.6149116064565718%,down,
FENI,Fidelity Covington Trust Fidelity Enhanced International ETF,$32.5400,-0.3600,-1.1121408711770158%,down,
FENY,Fidelity MSCI Energy Index ETF,$22.6700,-0.2600,-1.1529933481152992%,down,
FEP,First Trust Europe AlphaDEX Fund,$46.6451,-0.2800,-0.602539272649021%,down,
FEPI,REX FANG & Innovation Equity Premium Income ETF,$43.1700,-0.0639,-0.14812239221140472%,down,
FESM,Fidelity Covington Trust Fidelity Enhanced Small Cap ETF,$30.5100,-0.2800,-0.9201445941505095%,down,
FEUS,FlexShares ESG & Climate US Large Cap Core Index Fund,$65.1835,-0.3762,-0.5794449527294907%,down,
FEUZ,First Trust Eurozone AlphaDEX ETF,$53.4100,-0.4300,-0.8075117370892019%,down,
FEX,First Trust Large Cap Core AlphaDEX Fund,$105.0002,-0.9900,-0.9446564885496184%,down,
FEZ,SPDR DJ Euro STOXX 50 Etf,$59.3200,-0.7200,-1.2193056731583405%,down,
FFEB,FT Vest U.S. Equity Buffer ETF - February,$50.6900,-0.2100,-0.41600633914421553%,down,
FFIU,UVA Unconstrained Medium-Term Fixed Income ETF,$21.6779,-0.0613,-0.2837949824306369%,down,
FFLC,Fidelity Fundamental Large Cap Core ETF,$46.2600,-0.2200,-0.4782608695652174%,down,
FFLG,Fidelity Fundamental Large Cap Growth ETF,$24.7100,-0.1300,-0.5284552845528455%,down,
FFLS,Northern Lights Fund Trust II The Future Fund Long/Short ETF,$24.6366,-0.0087,-0.035320626027647524%,down,
FFLV,Fidelity Covington Trust Fidelity Fundamental Large Cap Value ,$21.5038,-0.1931,-0.9020413883309197%,down,
FFND,One Global ETF,$26.3600,-0.2167,-0.8247917086928556%,down,
FFOG,Franklin Templeton ETF Trust Franklin Focused Growth ETF,$41.1500,-0.1898,-0.4621456903331686%,down,
FFSM,Fidelity Fundamental Small-Mid Cap ETF,$26.2300,-0.3500,-1.3415101571483328%,down,
FFTY,Innovator IBD 50 ETF,$29.6800,-0.1000,-0.33277870216306155%,down,
FGD,First Trust DJ Global Select Dividend,$26.4000,-0.1100,-0.4196871423120946%,down,
FGDL,Franklin Templeton Holdings Trust Franklin Responsibly Sourced,$44.3900,-0.0600,-0.13593112822836428%,down,
FGM,First Trust Germany AlphaDEX Fund,$54.8111,-0.3457,-0.6317640049853983%,down,
FHEQ,Fidelity Hedged Equity ETF,$27.7200,-0.1200,-0.433996383363472%,down,
FHLC,Fidelity MSCI Health Care Index ETF,$62.6900,-0.3900,-0.6280193236714976%,down,
FHYS,Federated Hermes ETF Trust Federated Hermes Short Duration Hig,$23.0310,-0.0045,-0.01956224052861521%,down,
FIAT,Tidal Trust II YieldMax Short COIN Option Income Strategy ETF,$5.2100,0.1400,2.5782688766114186%,up,
FIAX,Tidal ETF Trust II Nicholas Fixed Income Alternative ETF,$18.1449,-0.0300,-0.16565433462175594%,down,
FIBR,iShares U.S. Fixed Income Balanced Risk Systematic ETF,$87.7506,-0.0268,-0.030575597022758284%,down,
FICS,First Trust International Developed Capital Strength ETF,$39.6900,-0.3707,-0.9358464272730945%,down,
FID,First Trust S&P International Dividend Aristocrats ETF,$18.7100,-0.1250,-0.6734913793103449%,down,
FIDI,Fidelity International High Dividend ETF,$23.2700,-0.2261,-0.9773535806759777%,down,
FIDU,Fidelity MSCI Industrials Index ETF,$74.6700,-0.4505,-0.6035678159687565%,down,
FIGB,Fidelity Investment Grade Bond ETF,$42.4500,-0.5200,-1.2243936896632919%,down,
FIIG,First Trust Exchange-Traded Fund IV First Trust Intermediate D,$20.6400,-0.0200,-0.09727626459143969%,down,
FILL,iShares MSCI Global Energy Producers Fund,$22.8772,-0.1638,-0.7171628721541156%,down,
FINE,Themes European Luxury ETF,$22.3756,-0.2071,-0.9358971462141583%,down,
FINX,Global X FinTech ETF,$30.6500,-0.4000,-1.3076168682576006%,down,
FIRI,Tidal ETF Trust FIRE Funds Income Target ETF,$18.9200,-0.0210,-0.10977522216414011%,down,
FIRS,Tidal ETF Trust FIRE Funds Wealth Builder ETF,$20.8000,-0.1000,-0.4814636494944632%,down,
FISR,SPDR SSGA Fixed Income Sector Rotation ETF,$25.4400,-0.0500,-0.19739439399921044%,down,
FITE,SPDR S&P Kensho Future Security ETF,$68.8667,-0.8464,-1.224891461649783%,down,
FIVA,Fidelity International Value Factor ETF,$28.9500,-0.3675,-1.2790394152962672%,down,
FIW,First Trust Water ETF,$105.8447,-1.3000,-1.2358589219507559%,down,
FIXD,First Trust Smith Opportunistic Fixed Income ETF,$43.2700,-0.0950,-0.22051996285979575%,down,
FJAN,FT Vest U.S. Equity Buffer ETF - January,$45.9866,-0.2190,-0.47732176718031427%,down,
FJP,First Trust Japan AlphaDEX Fund,$57.9400,-0.5900,-1.010793215692993%,down,
FJUL,FT Vest U.S. Equity Buffer ETF - July,$49.5525,-0.2075,-0.4200404858299595%,down,
FJUN,FT Vest U.S. Equity Buffer ETF - June,$51.8800,-0.2400,-0.4641268613421002%,down,
FKU,First Trust United Kingdom AlphaDEX Fund,$45.5200,-0.3500,-0.7717750826901874%,down,
FLAO,AIM ETF Products Trust AllianzIM U.S. Equity 6 Month Floor5 Ap,$26.9216,-0.0428,-0.15919657801748183%,down,
FLAU,Franklin FTSE Australia ETF,$30.3300,-0.2848,-0.9419484574271049%,down,
FLAX,Franklin FTSE Asia ex Japan ETF,$24.7167,-0.0138,-0.05591572123176661%,down,
FLBL,Franklin Senior Loan ETF,$24.1900,-0.0100,-0.041407867494824016%,down,
FLBR,Franklin FTSE Brazil ETF,$17.5700,-0.2150,-1.226468910439247%,down,
FLCA,Franklin FTSE Canada ETF,$40.6504,-0.0104,-0.0255656397801355%,down,
FLCB,Franklin U.S. Core Bond ETF,$21.2400,0.0000,0%,unch,
FLCC,Federated Hermes ETF Trust Federated Hermes MDT Large Cap Core,$28.8423,-0.1336,-0.46274327792652215%,down,
FLCG,Federated Hermes ETF Trust Federated Hermes MDT Large Cap Grow,$28.3520,-0.1290,-0.4551709537419287%,down,
FLCH,Franklin FTSE China ETF,$21.1050,-0.2247,-1.0746054519368724%,down,
FLCO,Franklin Investment Grade Corporate ETF,$21.2000,-0.0559,-0.26461162681713396%,down,
FLCV,Federated Hermes ETF Trust Federated Hermes MDT Large Cap Valu,$28.5208,-0.1668,-0.5854357073663817%,down,
FLDB,Fidelity Low Duration Bond ETF,$50.3550,-0.0189,-0.03739242259372836%,down,
FLDR,Fidelity Low Duration Bond Factor ETF,$49.9400,-0.0100,-0.019956096587507483%,down,
FLDZ,RiverNorth Patriot ETF,$28.0269,-0.3088,-1.1032748111785178%,down,
FLEE,Franklin FTSE Europe ETF,$33.6492,-0.3148,-0.9385724039439123%,down,
FLEU,Franklin FTSE Eurozone ETF,$30.5100,-0.3515,-1.1612732708921816%,down,
FLGB,Franklin FTSE United Kingdom ETF,$30.5400,-0.3100,-1.0180623973727423%,down,
FLGR,Franklin FTSE Germany ETF,$33.0361,-0.3650,-1.1058930465081047%,down,
FLGV,Franklin U.S. Treasury Bond ETF,$20.3100,-0.0584,-0.28837227675837956%,down,
FLHK,Franklin FTSE Hong Kong ETF,$19.1800,-0.0952,-0.5021097046413503%,down,
FLHY,Franklin High Yield Corporate ETF,$24.0100,-0.0200,-0.08347245409015025%,down,
FLIA,Franklin International Aggregate Bond ETF,$20.4450,-0.0700,-0.34313725490196084%,down,
FLIN,Franklin FTSE India ETF,$39.1100,-0.1600,-0.41131105398457585%,down,
FLJH,Franklin FTSE Japan Hedged ETF,$32.0339,-0.3985,-1.2436918141047448%,down,
FLJJ,AIM ETF Products Trust AllianzIM U.S. Equity 6 Month Floor5 Ja,$28.9000,-0.1157,-0.40101762120644957%,down,
FLJP,Franklin FTSE Japan ETF,$31.6500,-0.5500,-1.7460317460317463%,down,
FLKR,Franklin FTSE South Korea ETF,$21.1300,0.2600,1.2536162005785922%,up,
FLLA,Franklin FTSE Latin America ETF,$21.5847,-0.1662,-0.7705146036161334%,down,
FLMB,Franklin Municipal Green Bond ETF,$23.0435,0.0700,0.30395136778115506%,up,
FLMI,Franklin Dynamic Municipal Bond ETF,$24.1700,0.0200,0.08254230293025175%,up,
FLMX,Franklin FTSE Mexico ETF,$30.1540,-0.1044,-0.3478701284853655%,down,
FLN,First Trust Latin America AlphaDEX Fund,$19.2619,-0.3382,-1.7631296332982307%,down,
FLOT,iShares Floating Rate Bond ETF,$50.9600,-0.0100,-0.019623233908948195%,down,
FLOW,Global X Funds Global X U.S. Cash Flow Kings 100 ETF,$30.8457,-0.2735,-0.8864788476747353%,down,
FLQL,Franklin U.S. Large Cap Multifactor Index ETF,$60.1300,-0.2600,-0.4339843097980304%,down,
FLQM,Franklin U.S. Mid Cap Multifactor Index ETF,$53.4900,-0.6100,-1.1436070491188601%,down,
FLQS,Franklin U.S. Small Cap Multifactor Index ETF,$40.4200,-0.3672,-0.9128969062938178%,down,
FLRG,Fidelity U.S. Multifactor ETF,$34.8274,-0.1361,-0.3916546762589928%,down,
FLRN,SPDR Bloomberg Investment Grade Floating Rate ETF,$30.7800,-0.0100,-0.03248862897985705%,down,
FLRT,Pacer Funds Pacer Pacific Asset Floating Rate High Income ETF,$47.2250,0.0000,0%,unch,
FLSA,Franklin FTSE Saudi Arabia ETF,$33.1800,0.3249,0.970867984066888%,up,
FLSP,Franklin Systematic Style Premia ETF,$24.3000,-0.0519,-0.21274851403976228%,down,
FLSW,Franklin FTSE Switzerland ETF,$37.9992,-0.5029,-1.3308774687657956%,down,
FLTB,Fidelity Limited Term Bond ETF,$49.9750,-0.0276,-0.05503774871678292%,down,
FLTR,VanEck ETF Trust VanEck IG Floating Rate ETF,$25.4500,0.0100,0.03927729772191673%,up,
FLTW,Franklin FTSE Taiwan ETF,$48.1200,-0.3100,-0.6379913562461411%,down,
FLUD,Franklin Ultra Short Bond ETF,$24.9900,-0.0428,-0.17147435897435895%,down,
FLV,American Century Focused Large Cap Value ETF,$68.4349,-0.5334,-0.7824521822553223%,down,
FLXR,TCW Flexible Income ETF,$39.1800,-0.0200,-0.05115089514066496%,down,
FLYD,Bank of Montreal MicroSectors Travel -3x Inverse Leveraged ETN,$10.7984,0.2485,2.3336620181246186%,up,
FLYU,Bank of Montreal MicroSectors Travel 3x Leveraged ETN,$42.9900,-0.7630,-1.7401418569115332%,down,
FMAG,Fidelity Magellan ETF,$32.4700,-0.2334,-0.7206684245953573%,down,
FMAR,FT Vest U.S. Equity Buffer ETF - March,$43.5300,-0.1000,-0.23014959723820483%,down,
FMAT,Fidelity MSCI Materials Index ETF,$48.8800,-0.7100,-1.4570080032833983%,down,
FMAY,FT Vest U.S. Equity Buffer ETF - May,$48.5000,-0.1200,-0.24798512089274644%,down,
FMB,First Trust Managed Municipal ETF,$49.6600,-0.0700,-0.14101531023368252%,down,
FMCE,Northern Lights Fund Trust IV FM Compounders Equity ETF,$25.7361,-0.1046,-0.4068519152378878%,down,
FMCX,FM Focus Equity ETF,$31.3126,-0.0431,-0.13740730586037378%,down,
FMDE,Fidelity Covington Trust Fidelity Enhanced Mid Cap ETF,$33.1900,-0.1900,-0.5726341169379144%,down,
FMED,Fidelity Disruptive Medicine ETF,$23.3992,-0.1906,-0.8251403734344628%,down,
FMET,Fidelity Metaverse ETF,$30.8300,-0.0700,-0.2271989613761766%,down,
FMF,First Trust Managed Futures Strategy Fund,$44.9000,-0.0300,-0.06645990252547629%,down,
FMHI,First Trust Municipal High Income ETF,$46.7300,-0.0300,-0.06429489927132448%,down,
FMNY,First Trust New York Municipal High Income ETF,$25.8967,-0.0198,-0.07655073225801463%,down,
FMQQ,FMQQ The Next Frontier Internet ETF,$14.2251,0.0573,0.40253463343355717%,up,
FNCL,Fidelity MSCI Financials Index ETF,$71.3900,-0.5200,-0.7318789584799438%,down,
FNDA,Schwab Fundamental U.S. Small Company ETF,$27.7300,-0.3400,-1.2305465074194717%,down,
FNDB,Schwab Fundamental U.S. Broad Market ETF,$23.1400,-0.1800,-0.78125%,down,
FNDC,Schwab Fundamental International Small Equity ETF,$40.2100,-0.2200,-0.5495878091431426%,down,
FNDE,Schwab Fundamental Emerging Markets Equity ETF,$31.8100,-0.2700,-0.8520037866834963%,down,
FNDF,Schwab Fundamental International Equity ETF,$39.0200,-0.3200,-0.8238928939237898%,down,
FNDX,Schwab Fundamental U.S. Large Company ETF,$23.6600,-0.1800,-0.7633587786259542%,down,
FNGD,NO Name,$8.3000,0.0600,0.7255139056831923%,up,
FNGG,Direxion Daily NYSE FANG+ Bull 2X Shares,$181.6700,1.4555,0.7917210617928634%,up,
FNGO,NO Name,$94.0000,0.3200,0.3370904877277994%,up,
FNGS,MicroSectors FANG  ETNs due January 8 2038,$59.9600,-0.0800,-0.13315579227696406%,down,
FNK,First Trust Mid Cap Value AlphaDEX Fund,$50.2600,-0.8218,-1.6436%,down,
FNOV,FT Vest U.S. Equity Buffer ETF - November,$48.3700,-0.2100,-0.43523316062176165%,down,
FNX,First Trust Mid Cap Core AlphaDEX Fund,$111.1100,-1.4200,-1.2808948222983945%,down,
FNY,First Trust Mid Cap Growth AlphaDEX Fund,$78.9700,-0.6800,-0.8571788730618933%,down,
FOCT,FT Vest U.S. Equity Buffer ETF - October,$43.1000,-0.1400,-0.32558139534883723%,down,
FORH,Formidable ETF,$22.5210,0.0062,0.027530227746029208%,up,
FOVL,iShares Focused Value Factor ETF,$70.4279,-0.7791,-1.1117294520547945%,down,
FPA,First Trust Asia Pacific Ex-Japan AlphaDEX Fund,$32.4500,0.1250,0.3872366790582404%,up,
FPE,First Trust Preferred Securities and Income ETF ETF,$17.5000,-0.0200,-0.11441647597254004%,down,
FPEI,First Trust Institutional Preferred Securities and Income ETF,$18.6700,-0.0200,-0.10735373054213634%,down,
FPFD,Fidelity Preferred Securities & Income ETF,$21.2400,-0.0315,-0.14796721234469315%,down,
FPRO,Fidelity Real Estate Investment ETF,$22.6651,-0.0436,-0.19424742488505545%,down,
FPX,First Trust US Equity Opportunities ETF,$135.0900,-0.1900,-0.13930640076251927%,down,
FPXE,First Trust IPOX Europe Equity Opportunities ETF,$29.8400,-0.1000,-0.3352329869259135%,down,
FPXI,First Trust International Equity Opportunities ETF,$52.8900,-0.3400,-0.6441834028040925%,down,
FQAL,Fidelity Quality Factor ETF,$67.2800,-0.2767,-0.4135201820863715%,down,
FRDM,Freedom 100 Emerging Markets ETF,$38.3900,-0.1000,-0.2598752598752599%,down,
FREL,Fidelity MSCI Real Estate Index ETF,$27.0800,-0.0250,-0.0931619154089808%,down,
FRI,First Trust S&P REIT Index Fund,$27.3600,0.0000,0%,unch,
FRNW,Fidelity Clean Energy ETF,$14.4757,-0.0136,-0.09416652241647913%,down,
FRTY,Alger Mid Cap 40 ETF,$17.5950,-0.0194,-0.10953892019468567%,down,
FSBD,Fidelity Merrimack Street Trust Fidelity Sustainable Core Plus,$46.7191,-0.0495,-0.10668057465269547%,down,
FSCC,Federated Hermes ETF Trust Federated Hermes MDT Small Cap Core,$24.7001,-0.2674,-1.0895918309136028%,down,
FSCS,First Trust SMID Capital Strength ETF,$35.6000,-0.5700,-1.6097147698390284%,down,
FSEC,Fidelity Investment Grade Securitized ETF,$42.7800,0.0600,0.13982754602656725%,up,
FSEP,FT Vest U.S. Equity Buffer ETF - September,$46.3343,-0.1616,-0.3497199643354888%,down,
FSGS,First Trust SMID Growth Strength ETF,$29.1000,-0.2365,-0.8104866346812886%,down,
FSIG,First Trust Limited Duration Investment Grade Corporate ETF,$19.0000,-0.0300,-0.158311345646438%,down,
FSLD,Fidelity Merrimack Street Trust Fidelity Sustainable Low Durat,$50.1580,-0.0505,-0.10042396811887018%,down,
FSMB,First Trust Short Duration Managed Municipal ETF,$19.8150,0.0050,0.025246149962130777%,up,
FSMD,Fidelity Small-Mid Multifactor ETF,$40.4900,-0.5200,-1.2906428394142468%,down,
FSST,Fidelity Sustainable U.S. Equity ETF,$26.2942,-0.1646,-0.6267682594805363%,down,
FSTA,Fidelity MSCI Consumer Staples Index ETF,$51.9300,-0.3500,-0.6769825918762089%,down,
FSYD,Fidelity Covington Trust Fidelity Sustainable High Yield ETF,$47.0950,-0.1476,-0.3118371348167429%,down,
FSZ,First Trust Switzerland AlphaDEX Fund,$75.5600,-0.5500,-0.7303146992431285%,down,
FTA,First Trust Large Cap Value AlphaDEX Fund,$75.8000,-0.8900,-1.1808411834947592%,down,
FTAG,First Trust Indxx Global Agriculture ETF,$25.7301,-0.1900,-0.7375776397515528%,down,
FTBD,Fidelity Merrimack Street Trust Fidelity Tactical Bond ETF,$48.4989,-0.1254,-0.25856363160249657%,down,
FTC,First Trust Large Cap Growth AlphaDEX Fund,$142.3950,-0.8200,-0.5767742843075192%,down,
FTCB,First Trust Exchange-Traded Fund IV First Trust Core Investmen,$20.7200,-0.0300,-0.14527845036319614%,down,
FTCE,First Trust Exchange-Traded Fund VI First Trust New Constructs,$20.7363,-0.0798,-0.3855035217051043%,down,
FTCS,First Trust Capital Strength ETF,$90.7200,-0.9200,-1.0193905817174516%,down,
FTDS,First Trust Dividend Strength ETF,$51.0700,-0.5346,-1.0527766837337533%,down,
FTEC,Fidelity MSCI Information Technology Index ETF,$181.2200,-0.8400,-0.4650390300614516%,down,
FTGC,First Trust Global Tactical Commodity Strategy Fund,$24.1100,-0.1800,-0.7441091360066142%,down,
FTGS,First Trust Growth Strength ETF,$32.6500,-0.3318,-1.0162887999950991%,down,
FTHF,First Trust Exchange-Traded Fund II First Trust Emerging Marke,$25.0623,0.0447,0.17905497428337952%,up,
FTHI,First Trust BuyWrite Income ETF,$22.1600,-0.0600,-0.27149321266968324%,down,
FTIF,First Trust Exchange-Traded Fund First Trust Bloomberg Inflati,$20.8230,-0.1811,-0.8738028033099322%,down,
FTLS,First Trust Long/Short Equity,$65.4000,-0.2400,-0.3682676077949977%,down,
FTQI,First Trust Nasdaq BuyWrite Income ETF,$19.1000,-0.0500,-0.26246719160104987%,down,
FTRB,Federated Hermes ETF Trust Federated Hermes Total Return Bond ,$24.8800,-0.0250,-0.10084711577248891%,down,
FTRI,First Trust Indxx Global Natural Resources Income ETF,$13.7000,-0.0400,-0.29239766081871343%,down,
FTSD,Franklin Short Duration U.S. Government ETF,$90.7100,0.0850,0.09378792894185149%,up,
FTSL,First Trust Senior Loan Fund,$45.8200,0.0300,0.0655307994757536%,up,
FTSM,First Trust Enhanced Short Maturity ETF,$60.0100,-0.0200,-0.03334444814938313%,down,
FTWO,Strive Natural Resources and Security ETF,$33.9000,-0.0900,-0.26478375992939096%,down,
FTXG,First Trust Nasdaq Food & Beverage ETF,$22.7039,-0.2600,-1.1560693641618498%,down,
FTXH,First Trust Nasdaq Pharmaceuticals ETF,$25.6400,-0.1747,-0.6899684044233807%,down,
FTXL,First Trust Nasdaq Semiconductor ETF,$83.6800,-0.2500,-0.29879287677781763%,down,
FTXN,First Trust Nasdaq Oil & Gas ETF,$26.3800,-0.2602,-0.9908606245239908%,down,
FTXO,First Trust Nasdaq Bank ETF,$31.1100,-0.3400,-1.0996119016817594%,down,
FTXR,First Trust Nasdaq Transportation ETF,$31.5400,-0.4202,-1.3450704225352115%,down,
FUMB,First Trust Ultra Short Duration Municipal ETF,$20.0700,0.0100,0.04982561036372696%,up,
FUNL,CornerCap Fundametrics Large-Cap ETF,$41.9373,-0.2483,-0.5944187360402566%,down,
FUSI,American Century ETF Trust American Century Multisector Floati,$50.5900,0.0300,0.059323709709313825%,up,
FUTY,Fidelity MSCI Utilities Index ETF,$52.2900,-0.7500,-1.4445300462249615%,down,
FV,First Trust Dorsey Wright Focus 5 ETF,$57.3700,-0.4600,-0.8033531260915124%,down,
FVAL,Fidelity Value Factor ETF,$61.5400,-0.3004,-0.4904489795918367%,down,
FVC,First Trust Dorsey Wright Dynamic Focus 5 ETF,$35.1600,0.0200,0.056753688989784334%,up,
FVD,First Trust VL Dividend,$44.6400,-0.4700,-1.0595130748422001%,down,
FWD,AB Active ETFs Inc. AB Disruptors ETF,$81.6300,-0.3300,-0.40302882266731804%,down,
FXA,Invesco CurrencyShares Australian Dollar Trust,$63.8950,-0.1600,-0.25117739403453687%,down,
FXB,Invesco CurrencyShares British Pound Sterling Trust,$129.9300,-0.3800,-0.2931646350871779%,down,
FXC,Invesco CurrencyShares Canadian Dollar Trust,$70.8300,-0.0700,-0.09903791737408037%,down,
FXD,First Trust Cons. Discret. AlphaDEX,$61.5500,-0.5600,-0.9064422143088379%,down,
FXE,Invesco CurrencyShares Euro Currency Trust,$104.9500,-0.4000,-0.3837298541826554%,down,
FXED,Sound Enhanced Fixed Income ETF,$17.8150,0.0550,0.307176766266406%,up,
FXF,Invesco CurrencyShares Swiss Franc Trust,$107.7444,0.0800,0.07458512026850643%,up,
FXG,First Trust Cons. Staples AlphaDEX,$63.7300,-0.5150,-0.8119826566811195%,down,
FXH,First Trust Health Care AlphaDEX,$102.0500,-0.8300,-0.8221077654516641%,down,
FXI,iShares China Large-Cap ETF,$35.6200,-0.3600,-1.021566401816118%,down,
FXL,First Trust Technology AlphaDEX,$146.9131,-1.3769,-0.9328641347649581%,down,
FXN,First Trust Energy AlphaDEX Fund,$14.6800,-0.1600,-1.094391244870041%,down,
FXO,First Trust Financials AlphaDEX,$53.8900,-0.6300,-1.1764705882352942%,down,
FXP,ProShares UltraShort FTSE China 50,$11.6100,0.2451,2.063131313131313%,up,
FXR,First Trust Industrials AlphaDEX,$71.9000,-0.7500,-1.0486577181208054%,down,
FXU,First Trust Utilities AlphaDEX Fund,$42.4400,-0.6300,-1.493244844749941%,down,
FXY,Invesco CurrencyShares Japanese Yen Trust,$63.9000,-0.2200,-0.3458032065388243%,down,
FXZ,First Trust Materials AlphaDEX Fund,$54.4400,-0.6500,-1.1968329957650525%,down,
FYC,First Trust Small Cap Growth AlphaDEX Fund,$74.4700,-0.6604,-0.8856108354566179%,down,
FYEE,Fidelity Yield Enhanced Equity ETF,$25.7207,-0.0514,-0.20046254587433263%,down,
FYLD,Cambria Foreign Shareholder Yield ETF,$28.4100,-0.1200,-0.4241781548250265%,down,
FYT,First Trust Small Cap Value AlphaDEX Fund,$48.9800,-0.7156,-1.4706124126592686%,down,
FYX,First Trust Small Cap Core AlphaDEX Fund,$93.0400,-1.1300,-1.2201706079257097%,down,
GAA,Cambria Global Asset Allocation ETF,$29.6450,-0.0455,-0.15385135592074117%,down,
GABF,Gabelli ETFs Trust Gabelli Financial Services Opportunities ET,$45.1821,-0.2689,-0.5969758256981552%,down,
GAEM,Simplify Exchange Traded Funds Simplify Gamma Emerging Market ,$25.4850,-0.0669,-0.2633516117984671%,down,
GAL,SPDR SSGA Global Allocation ETF,$46.0164,-0.1801,-0.3926313494658819%,down,
GAMR,Amplify Video Game Leaders ETF,$77.3856,-0.2913,-0.376455810058465%,down,
GAPR,FT Vest U.S. Equity Moderate Buffer ETF - April,$37.5552,-0.0205,-0.054593874833555274%,down,
GARP,iShares MSCI USA Quality GARP ETF,$56.9199,-0.2400,-0.4214963119072708%,down,
GAST,Gabelli Automation ETF,$27.5636,-0.1745,-0.6355831885514894%,down,
GAUG,FT Vest U.S. Equity Moderate Buffer ETF - August,$35.9127,-0.1425,-0.3977391668411136%,down,
GBF,iShares Government/Credit Bond ETF,$103.0549,-0.1914,-0.18635245734047584%,down,
GBIL,Goldman Sachs Access Treasury 0-1 Year ETF,$100.1200,0.0100,0.00998801438274071%,up,
GBLD,Invesco MSCI Green Building ETF,$17.0669,-0.0330,-0.19494789574422836%,down,
GBTC,Grayscale Bitcoin Trust (BTC) Common Units of fractional undiv,$83.2600,-2.3600,-2.799193452733958%,down,
GBUY,Goldman Sachs Future Consumer Equity ETF,$35.2495,-0.1155,-0.32823876457181184%,down,
GCAD,Gabelli Commercial Aerospace and Defense ETF,$39.0614,-0.1329,-0.3415469068031826%,down,
GCAL,Goldman Sachs ETF Trust Goldman Sachs Dynamic California Munic,$49.4717,-0.0964,-0.19516066338429644%,down,
GCC,WisdomTree EnhancedContinuous Commodity Index Fund,$19.2320,-0.1735,-0.8966408268733849%,down,
GCOR,Goldman Sachs ETF Trust Goldman Sachs Access U.S. Aggregate Bo,$40.8003,-0.0300,-0.07376444553725105%,down,
GCOW,Pacer Global Cash Cows Dividend ETF,$37.6800,-0.2400,-0.6408544726301735%,down,
GDEC,FT Vest U.S. Equity Moderate Buffer ETF - December,$34.1500,-0.1100,-0.3227699530516432%,down,
GDIV,Harbor ETF Trust Harbor Dividend Growth Leaders ETF,$14.8600,-0.0400,-0.2695417789757412%,down,
GDMA,GadsdenA DynamicA Multi-AssetA ETF,$33.1599,-0.1700,-0.5132850241545894%,down,
GDOC,Goldman Sachs Future Health Care Equity ETF,$31.1017,-0.3752,-1.2191199072013204%,down,
GDX,VanEck Gold Miners ETF ,$50.2800,0.5800,1.1519364448857992%,up,
GDXD,MicroSectors Gold Miners -3X Inverse Leveraged ETNs,$3.6400,-0.1200,-3.2967032967032965%,down,
GDXJ,VanEck Junior Gold Miners ETF,$64.5800,0.9300,1.4385150812064964%,up,
GDXU,MicroSectors Gold Miners 3X Leveraged ETN,$68.0100,2.3400,3.4280691473776734%,up,
GDXY,Tidal Trust II YieldMax Gold Miners Option Income Strategy ETF,$15.2400,0.1100,0.7222586999343401%,up,
GEM,Goldman Sachs ActiveBeta Emerging Markets Equity ETF,$35.1900,-0.1500,-0.4282043962318013%,down,
GEMD,Goldman Sachs ETF Trust Goldman Sachs Access Emerging Markets ,$40.3000,0.0305,0.07596380635954042%,up,
GENM,Spinnaker ETF Series Genter Capital Municipal Quality Intermed,$10.1000,0.0100,0.09891196834817013%,up,
GENT,Spinnaker ETF Series Genter Capital Taxable Quality Intermedia,$10.2400,-0.0001,-0.0009756192743343837%,down,
GFEB,FT Vest U.S. Equity Moderate Buffer ETF - February,$37.8906,-0.1000,-0.2642007926023778%,down,
GFGF,Guru Favorite Stocks ETF,$31.8800,-0.1150,-0.3615783681811036%,down,
GFLW,VictoryShares Free Cash Flow Growth ETF,$24.7791,-0.0252,-0.1011244070979703%,down,
GGLL,Direxion Daily GOOGL Bull 2X Shares,$33.7600,-0.2500,-0.7363770250368188%,down,
GGLS,Direxion Daily GOOGL Bear 1X Shares,$12.8900,0.0600,0.4669260700389105%,up,
GGM,Northern Lights Fund Trust II GGM Macro Alignment ETF,$25.9496,-0.1600,-0.6190992106485064%,down,
NFXS,Direxion Daily NFLX Bear 1X Shares,$14.2000,0.0300,0.21536252692031588%,up,
NIKL,Sprott Nickel Miners ETF,$11.0100,0.1100,1.0018214936247722%,up,
NITE,Capitol Series Trust The Nightview Fund NITE,$29.9668,-0.3041,-1.0161460630605343%,down,
NIXT,Research Affiliates Deletions ETF,$23.6500,-0.1800,-0.7623888182973316%,down,
NJAN,Innovator Growth-100 Power Buffer ETF - January,$49.1800,0.0050,0.010180189351521938%,up,
NJNK,Columbia ETF Trust I Columbia U.S. High Yield ETF,$19.9813,-0.0025,-0.012520345561537497%,down,
NJUL,Innovator Growth-100 Power Buffer ETF - July,$64.2000,-0.1207,-0.18836035974175747%,down,
NJUN,SHL Telemedicine Ltd Innovator Growth-100 Power Buffer ETF - J,$28.6521,-0.0586,-0.20540286652669362%,down,
NLR,VanEck Uranium and Nuclear ETF,$97.2600,-0.3900,-0.3914090726615817%,down,
NMB,Simplify Exchange Traded Funds Simplify National Muni Bond ETF,$24.9390,-0.2400,-0.9664053345574468%,down,
NNOV,Innovator ETFs Trust Innovator Growth-100 Power Buffer ETF - N,$26.4890,-0.0628,-0.2374452703775682%,down,
NOBL,ProShares S&P 500 Dividend Aristocrats ETF,$100.1900,-1.1300,-1.136249371543489%,down,
NOCT,Innovator Growth-100 Power Buffer ETF- October,$52.6443,-0.0757,-0.14390650069576988%,down,
NORW,Global X MSCI Norway ETF,$28.6900,-0.3047,-1.060933147632312%,down,
NOVP,PGIM S&P 500 Buffer 12 ETF - November,$27.6330,-0.0840,-0.30467678870664705%,down,
NOVZ,TrueShares Structured Outcome (November) ETF,$40.3865,-0.1448,-0.3594505966433073%,down,
NPFI,Nuveen Preferred and Income ETF,$25.7150,0.0128,0.04973771128812901%,up,
NRES,Xtrackers RREEF Global Natural Resources ETF,$24.8971,-0.2287,-0.9202034345677819%,down,
NRGD,Bank Of Montreal MicroSectors  U.S. Big Oil -3  Inverse Levera,$26.3190,1.1617,4.270531969253052%,up,
NRGU,Bank Of Montreal MicroSectors U.S. Big Oil 3 Leveraged ETNs du,$14.7580,-0.6156,-4.309596482876425%,down,
NRSH,Tidal ETF Trust Aztlan North America Nearshoring Stock Selecti,$21.4783,-0.0639,-0.29995212031882235%,down,
NSCR,Nuveen Sustainable Core ETF,$27.4320,-0.1296,-0.47519699041906066%,down,
NSCS,Nuveen Small Cap Select ETF,$26.1855,-0.3321,-1.2687582138818423%,down,
NSEP,Innovator U.S. Small Cap Power Buffer ETF - September Innovato,$26.4436,-0.0355,-0.13454155439079205%,down,
NSI,National Security Emerging Markets Index ETF,$27.9423,-0.0945,-0.34010545068470965%,down,
NTSE,WisdomTree Trust WisdomTree Emerging Markets Efficient Core Fu,$31.5267,-0.1785,-0.5710994864903776%,down,
NTSI,WisdomTree Trust WisdomTree International Efficient Core Fund,$40.3711,-0.4936,-1.231030139787762%,down,
NTSX,WisdomTree U.S. Efficient Core Fund,$47.5700,-0.5900,-1.2553191489361701%,down,
NUAG,Nuveen Enhanced Yield U.S. Aggregate Bond ETF,$20.7276,-0.0504,-0.24395438440240855%,down,
NUBD,Nuveen ESG U.S. Aggregate Bond ETF,$21.9250,-0.0400,-0.18302447952413636%,down,
NUDM,Nuveen ESG International Developed Markets Equity ETF,$34.5800,-0.5000,-1.4551804423748544%,down,
NUDV,Nuveen ESG Dividend ETF,$27.8700,-0.2056,-0.7403673028447967%,down,
NUEM,Nuveen ESG Emerging Markets Equity ETF,$30.9100,-0.0300,-0.0970873786407767%,down,
NUGO,Nuveen Growth Opportunities ETF,$33.7113,-0.0083,-0.02466289096625047%,down,
NUGT,Direxion Daily Gold Miners Index Bull 2XShares,$70.4800,1.5600,2.2090059473237043%,up,
NUHY,Nuveen ESG High Yield Corporate Bond ETF,$21.3726,-0.0096,-0.044946766173812894%,down,
NUKZ,Exchange Traded Concepts Trust Range Nuclear Renaissance Index,$50.5400,-0.3700,-0.7223740726278798%,down,
NULC,Nuveen ESG Large-Cap ETF,$46.8767,-0.3970,-0.8499050546872157%,down,
NULG,Nuveen ESG Large-Cap Growth ETF,$88.3800,-0.4700,-0.5325779036827195%,down,
NULV,Nuveen ESG Large-Cap Value ETF,$40.3950,-0.2900,-0.7201390613359819%,down,
NUMG,Nuveen ESG Mid-Cap Growth ETF,$46.8700,-0.2600,-0.5561497326203209%,down,
NUMV,Nuveen ESG Mid-Cap Value ETF,$34.9300,-0.3100,-0.8920863309352518%,down,
NURE,Nuveen Short-Term REIT ETF,$30.2051,-0.0531,-0.17743708669021357%,down,
NUSA,Nuveen ESG 1-5 Year U.S. Aggregate Bond ETF,$23.2250,-0.0269,-0.11594827586206896%,down,
NUSB,Nuveen Ultra Short Income ETF,$25.2900,-0.0100,-0.03955696202531645%,down,
NUSC,Nuveen ESG Small-Cap ETF,$39.5400,-0.4500,-1.1409736308316432%,down,
NVBT,AIM ETF Products Trust AllianzIM U.S. Large Cap Buffer10 Nov E,$33.1268,-0.1163,-0.3519890559550617%,down,
NVBW,AIM ETF Products Trust AllianzIM U.S. Large Cap Buffer20 Nov E,$31.4511,-0.0504,-0.1605627341539873%,down,
NVD,GraniteShares 2x Short NVDA Daily ETF,$16.4700,0.1000,0.5698005698005698%,up,
NVDD,Direxion Daily NVDA Bear 1X Shares,$5.3300,0.0300,0.544464609800363%,up,
NVDL,GraniteShares 2x Long NVDA Daily ETF,$55.6600,-0.5200,-0.994263862332696%,down,
NVDQ,ETF Opportunities Trust T-Rex 2X Inverse NVIDIA Daily Target E,$1.7800,0.0200,1.0443864229765012%,up,
NVDS,Tradr 1.5X Short NVDA Daily ETF,$17.5700,0.0900,0.4885993485342019%,up,
NVDU,Direxion Daily NVDA Bull 2X Shares,$78.6300,-0.7000,-0.9467135515282662%,down,
NVDX,ETF Opportunities Trust T-Rex 2X Long NVIDIA Daily Target ETF,$11.5450,-0.1100,-1.0142923005993545%,down,
NVDY,Tidal ETF Trust II YieldMax NVDA Option Income Strategy ETF,$15.8700,-0.0400,-0.2616088947024199%,down,
NVIR,Listed Funds Trust Horizon Kinetics Energy and Remediation ETF,$29.3017,-0.3264,-1.115013049478704%,down,
NVOX,Tidal Trust II Defiance Daily Target 2X Long NVO ETF,$6.6400,-0.3400,-5.230769230769231%,down,
NWLG,Nuveen Winslow Large-Cap Growth ESG ETF,$33.6503,-0.0059,-0.0175827057698096%,down,
NXTE,Investment Managers Series Trust II AXS Green Alpha ETF,$31.7259,-0.1866,-0.5886063970727399%,down,
NXTG,First Trust Indxx NextG ETF,$91.6150,-0.6700,-0.7320004370151862%,down,
NXTI,Simplify Exchange Traded Funds Simplify Next Intangible Core I,$29.6069,-0.1648,-0.5550933520160869%,down,
NYF,iShares New York Muni Bond ETF,$52.0800,-0.0800,-0.15381657373582003%,down,
NZAC,SPDR MSCI ACWI Climate Paris Aligned ETF,$37.9200,-0.1632,-0.43144014296741995%,down,
NZUS,SPDR MSCI USA Climate Paris Aligned ETF,$31.5600,-0.1676,-0.5333774632109578%,down,
OACP,Unified Series Trust OneAscent Core Plus Bond ETF,$22.4360,-0.0148,-0.06588025817939017%,down,
OAEM,Unified Series Trust OneAscent Emerging Markets ETF,$30.8769,-0.1966,-0.6379305869220985%,down,
OAIM,Unified Series Trust OneAscent International Equity ETF,$36.7500,-0.5476,-1.4891603485222613%,down,
OAKM,Harris Oakmark ETF Trust Oakmark U.S. Large Cap ETF,$24.4750,-0.1300,-0.5323505323505323%,down,
OALC,Unified Series Trust OneAscent Large Cap Core ETF,$30.5827,-0.1600,-0.5235602094240838%,down,
OARK,YieldMax Innovation Option Income Strategy ETF,$7.8500,-0.0700,-0.8860759493670887%,down,
OASC,Unified Series Trust OneAscent Small Cap Core ETF,$25.0861,-0.3492,-1.4004916961109486%,down,
OBIL,US Treasury 12 Month Bill ETF,$50.1150,-0.0150,-0.02994310809462022%,down,
OBND,SPDR Loomis Sayles Opportunistic Bond ETF,$25.7600,-0.0050,-0.019447685725398678%,down,
OBOR,KraneShares MSCI One Belt One Road Index ETF,$22.7819,-0.0211,-0.09289343230226024%,down,
OCFS,Professionally Managed Portfolios Otter Creek Focus Strategy E,$25.3972,-0.2429,-0.9597945273140372%,down,
OCIO,ClearShares OCIO ETF,$34.3341,-0.1237,-0.36104770966743915%,down,
OCTD,Innovator ETFs Trust Innovator Premium Income 10 Barrier ETF -,$23.9821,-0.0535,-0.22357808516862385%,down,
OCTH,Innovator ETFs Trust Innovator Premium Income 20 Barrier ETF -,$24.0539,-0.0175,-0.072811999417504%,down,
OCTJ,Innovator ETFs Trust Innovator Premium Income 30 Barrier ETF -,$24.0539,0.0036,0.01496869048906038%,up,
OCTP,PGIM S&P 500 Buffer 12 ETF - October,$27.1570,-0.0878,-0.3240809094935775%,down,
OCTQ,Innovator ETFs Trust Innovator Premium Income 40 Barrier ETF -,$24.0134,-0.0020,-0.008333784746673779%,down,
OCTT,AllianzIM U.S. Large Cap Buffer10 Oct ETF,$38.7034,-0.1281,-0.33190827827438785%,down,
OCTW,AllianzIM U.S. Large Cap Buffer20 Oct ETF,$36.0500,-0.0800,-0.2222222222222222%,down,
OCTZ,TrueShares Structured Outcome (October) ETF,$39.4231,-0.1363,-0.3465547927790491%,down,
ODDS,Pacer BlueStar Digital Entertainment ETF,$29.0101,-0.1753,-0.6061549100968188%,down,
OEF,iShares S&P 100 ETF,$288.9500,-1.1900,-0.41408587932354374%,down,
OEUR,ALPS OShares Europe Quality Dividend ETF,$32.5047,-0.3769,-1.163699012909062%,down,
OFOS,Exchange Traded Concepts Trust Range Global Offshore Oil Servi,$19.5955,-0.0567,-0.292210804069306%,down,
OGIG,ALPS O'Shares Global Internet Giants ETF,$50.1400,-0.1154,-0.2293992879477908%,down,
OGSP,Spinnaker ETF Series Obra High Grade Structured Products ETF,$10.0200,-0.0050,-0.04972650422675286%,down,
OIH,VanEck Oil Services ETF,$221.2600,-1.2200,-0.5576632993554874%,down,
OILD,MicroSectors Oil & Gas Exp. & Prod. -3x Inverse Leveraged ETN,$15.2400,0.5500,3.5279025016035925%,up,
OILK,ProShares K-1 Free Crude Oil ETF,$38.2184,0.2100,0.5422153369481023%,up,
OILT,Texas Capital Funds Trust Texas Capital Texas Oil Index ETF,$20.9491,-0.2133,-1.0236549231898873%,down,
OILU,MicroSectors Oil & Gas Exp. & Prod. 3x Leveraged ETN,$19.9400,-0.7200,-3.6866359447004604%,down,
OMFL,Invesco Exchange-Traded Self-Indexed Fund Trust Invesco Russel,$56.0550,-0.2800,-0.5006257822277848%,down,
OMFS,Invesco Exchange-Traded Self-Indexed Fund Trust Invesco Russel,$39.4600,-0.2000,-0.5076142131979695%,down,
OND,ProShares On-Demand ETF,$38.4915,0.1499,0.38505008990495765%,up,
ONEO,SPDR Russell 1000 Momentum Focus ETF,$119.5710,-1.1193,-0.9373853706579033%,down,
ONEQ,Fidelity Nasdaq Composite Index ETF,$75.5100,-0.2600,-0.34551495016611294%,down,
ONEV,SPDR Russell 1000 Low Volatility Focus ETF,$127.2227,-1.2736,-1.0038780464735002%,down,
ONEY,SPDR Russell 1000 Yield Focus ETF,$107.3354,-1.0049,-0.9401297601728887%,down,
ONLN,ProShares Online Retail ETF,$48.3380,-0.2500,-0.5196424859696529%,down,
ONOF,Global X Adaptive U.S. Risk Management ETF,$32.7487,-0.2039,-0.6245769019882927%,down,
OOSP,Spinnaker ETF Series Obra Opportunistic Structured Products ET,$10.0950,-0.0050,-0.049309664694280074%,down,
OOTO,Direxion Daily Travel & Vacation Bull 2X Shares,$15.5832,-0.0300,-0.1918158567774936%,down,
OPER,ETF Series Solutions ETF ClearShares Ultra-Short Maturity ETF,$100.1050,0.0150,0.014937263493328022%,up,
OPTZ,Optimize Strategy Index ETF,$29.0569,-0.2667,-0.9146090534979423%,down,
OSCV,Opus Small Cap Value ETF,$35.5000,-0.3400,-0.9596387242449901%,down,
OSEA,Harbor ETF Trust Harbor International Compounders ETF,$28.6400,-0.3162,-1.1050611942489288%,down,
OUNZ,Vaneck Merk Gold ETF,$31.9700,-0.0900,-0.28328611898017%,down,
OUSA,ALPS O'Shares U.S. Quality Dividend ETF,$53.0930,-0.2800,-0.5281026027913995%,down,
OUSM,ALPS O'Shares U.S. Small-Cap Quality Dividend ETF,$42.6700,-0.4500,-1.0575793184488838%,down,
OVB,Overlay Shares Core Bond ETF,$20.0802,-0.0498,-0.24923428022340996%,down,
OVF,Overlay Shares Foreign Equity ETF,$26.6603,-0.2609,-0.9829185409555673%,down,
OVL,Overlay Shares Large Cap Equity ETF,$45.7483,-0.2316,-0.508157730755391%,down,
OVLH,Overlay Shares Hedged Large Cap Equity ETF,$35.4800,-0.1396,-0.39449961284780116%,down,
OVM,Overlay Shares Municipal Bond ETF,$20.8255,-0.0890,-0.4278640449978367%,down,
OVS,Overlay Shares Small Cap Equity ETF,$31.3632,-0.3861,-1.2362954044776884%,down,
OVT,Overlay Shares Short Term Bond ETF,$21.8353,-0.0200,-0.09172208209126348%,down,
OWNS,Quaker Investment Trust CCM Affordable Housing MBS ETF,$16.9600,-0.0243,-0.14361107991986147%,down,
OZEM,Roundhill GLP-1 & Weight Loss ETF,$24.6300,-0.4500,-1.8549051937345424%,down,
PAAA,PGIM ETF Trust PGIM AAA CLO ETF,$51.3700,0.0400,0.0778816199376947%,up,
PAB,PGIM Active Aggregate Bond ETF,$41.8500,-0.0700,-0.1678254615200192%,down,
PABD,iShares Paris-Aligned Climate MSCI World ex USA ETF,$59.3200,-0.5800,-0.9795642627934469%,down,
PABU,iShares Paris-Aligned Climate MSCI USA ETF,$64.4200,-0.3100,-0.48354390890656684%,down,
PALC,Pacer Lunt Large Cap Multi-Factor Alternator ETF,$47.9536,-0.3191,-0.6676221062211668%,down,
PALL,abrdn Physical Palladium Shares ETF,$89.1900,-1.0600,-1.1984171848501979%,down,
PAMC,Pacer Lunt MidCap Multi-Factor Alternator ETF,$42.8720,-0.3613,-0.8451699228984205%,down,
PAPI,Morgan Stanley ETF Trust Parametric Equity Premium Income ETF,$25.4400,-0.2800,-1.1071569790431002%,down,
PAPR,Innovator U.S. Equity Power Buffer ETF - April,$36.4700,-0.0800,-0.21965952773201536%,down,
PATN,Pacer Nasdaq International Patent Leaders ETF,$22.2410,-0.2678,-1.2089092731195996%,down,
PAUG,Innovator U.S. Equity Power Buffer ETF - August,$39.1100,-0.1700,-0.4354508196721312%,down,
PAVE,Global X Funds Global X U.S. Infrastructure Development ETF,$41.6300,-0.4800,-1.1535688536409516%,down,
PAWZ,ProShares Pet Care ETF,$58.7763,-0.4532,-0.7773211578174634%,down,
PBAP,PGIM S&P 500 Buffer 20 ETF - April,$27.1484,-0.0405,-0.1493472969983037%,down,
PBAU,PGIM S&P 500 Buffer 20 ETF - August,$27.3535,-0.0798,-0.292361238322037%,down,
PBD,Invesco Global Clean Energy ETF,$11.7400,-0.0700,-0.5967604433077579%,down,
PBDC,Putnam ETF Trust Putnam BDC Income ETF,$33.3800,0.0200,0.05995203836930456%,up,
PBDE,PGIM S&P 500 Buffer 20 ETF - December,$26.6563,-0.0697,-0.2620448521533169%,down,
PBE,Invesco Biotechnology & Genome ETF,$63.4104,-0.3425,-0.5469254009721699%,down,
PBFB,PGIM S&P 500 Buffer 20 ETF - February,$27.8965,-0.0614,-0.22054993803768028%,down,
PBFR,PGIM Laddered S&P 500 Buffer 20 ETF,$26.9021,-0.0907,-0.33781141407783444%,down,
PBJ,Invesco Food & Beverage ETF,$48.0329,-0.2125,-0.4432836786078598%,down,
PBJA,PGIM S&P 500 Buffer 20 ETF - January,$28.4134,-0.0518,-0.18265033391866065%,down,
PBJL,PGIM S&P 500 Buffer 20 ETF - July,$27.3532,-0.1001,-0.3668480750554303%,down,
PBJN,PGIM S&P 500 Buffer 20 ETF - June,$27.7961,-0.0764,-0.27613127078213096%,down,
PBL,PGIM ETF Trust PGIM Portfolio Ballast ETF,$28.3740,-0.1640,-0.5801469469766917%,down,
PBMR,PGIM S&P 500 Buffer 20 ETF - March,$28.1489,-0.0586,-0.20850234120376301%,down,
PBMY,PGIM S&P 500 Buffer 20 ETF - May,$28.1818,-0.0450,-0.15963447253222843%,down,
PBNV,PGIM S&P 500 Buffer 20 ETF - November,$27.2600,-0.0592,-0.21753988843731398%,down,
PBOC,PGIM S&P 500 Buffer 20 ETF - October,$26.9230,-0.0613,-0.228107452378383%,down,
PBP,Invesco S&P 500 BuyWrite ETF,$21.6000,-0.0400,-0.18561484918793503%,down,
PBSE,PGIM S&P 500 Buffer 20 ETF - September,$27.0616,-0.0684,-0.2532526676688166%,down,
PBTP,Invesco 0-5 Yr US TIPS ETF,$26.0550,-0.0200,-0.07679017085813016%,down,
PBUS,Invesco MSCI USA ETF,$59.3000,-0.3400,-0.5753934675918091%,down,
PBW,Invesco WilderHill Clean Energy ETF,$18.1000,0.3500,1.8949648077964267%,up,
PCCE,Litman Gregory Funds Trust Polen Capital China Growth ETF,$12.4493,-0.1197,-0.9694113073689837%,down,
PCEF,Invesco CEF Income Composite ETF,$18.9400,-0.0250,-0.1322751322751323%,down,
PCEM,Litman Gregory Funds Trust Polen Capital Emerging Markets ex C,$10.7400,-0.0661,-0.6147579100091144%,down,
PCGG,Litman Gregory Funds Trust Polen Capital Global Growth ETF,$11.7300,-0.0465,-0.3979971755039158%,down,
PCIG,Litman Gregory Funds Trust Polen Capital International Growth ,$9.6550,-0.0499,-0.5167878373620001%,down,
PCLO,Virtus ETF Trust II VIRTUS SEIX AAA Private Credit CLO ETF,$24.9500,-0.0100,-0.04010427110487267%,down,
PCMM,BondBloxx Private Credit CLO ETF,$50.8200,0.0100,0.019739439399921045%,up,
PCRB,Putnam ETF Trust Putnam ESG Core Bond ETF,$48.2700,-0.0968,-0.20121309880644048%,down,
PCY,Invesco Emerging Markets Sovereign Debt ETF,$19.7900,-0.0400,-0.20304568527918782%,down,
PDBA,Invesco Agriculture Commodity Strategy No K-1 ETF,$35.4800,-0.4400,-1.2359550561797752%,down,
PDBC,Invesco Optimum Yield Diversified Commodity Strategy No K-1 ET,$12.6400,-0.0600,-0.4724409448818898%,down,
PDEC,Innovator U.S. Equity Power Buffer ETF - December,$38.7800,-0.1100,-0.28416429863084475%,down,
PDN,Invesco RAFI Developed Markets ex-U.S. Small-Mid ETF,$37.0863,-0.2300,-0.6231373611487402%,down,
PDP,Invesco Dorsey Wright Momentum ETF,$104.8600,-0.6000,-0.5720278386881494%,down,
PEJ,Invesco Leisure and Entertainment ETF,$53.0600,-0.1600,-0.30143180105501133%,down,
PEMX,Putnam ETF Trust Putnam Emerging Markets ex-China ETF,$55.2722,-0.0913,-0.16513857713129151%,down,
PEPS,Parametric Equity Plus ETF,$24.5525,-0.1191,-0.4870906659359625%,down,
PEX,ProShares Global Listed Private Equity ETF,$27.5286,-0.1223,-0.4446157146025179%,down,
PEXL,Pacer US Export Leaders ETF,$48.6125,-0.5020,-1.0347827162427905%,down,
PEY,Invesco High Yield Equity Dividend Achievers ETF,$20.2500,-0.3100,-1.5369360436291521%,down,
PEZ,Invesco Dorsey Wright Consumer Cyclicals Momentum ETF,$93.3405,-0.3000,-0.31955688112484026%,down,
PFEB,Innovator U.S. Equity Power Buffer ETF - February,$37.0100,-0.1100,-0.2982646420824295%,down,
PFF,iShares Preferred and Income Securities ETF,$30.2000,-0.1900,-0.6301824212271974%,down,
PFFA,Virtus InfraCap U.S. Preferred Stock ETF,$20.5300,-0.1300,-0.6341463414634146%,down,
PFFD,Global X U.S. Preferred ETF,$18.6400,-0.1100,-0.5907626208378087%,down,
PFFL,NO Name,$8.1551,-0.0760,-0.9353615910992961%,down,
PFFR,InfraCap REIT Preferred ETF,$17.8400,0.0400,0.22396416573348266%,up,
PFFV,Global X Variable Rate Preferred ETF,$23.0200,-0.0967,-0.42098389203308667%,down,
PFI,Invesco Dorsey Wright Financial Momentum ETF,$55.0000,-0.4617,-0.8425443855010102%,down,
PFIG,Invesco Fundamental Investment Grade Corporate Bond  ETF,$23.7800,-0.0283,-0.11920808761583826%,down,
PFIX,Simplify Interest Rate Hedge ETF,$58.1100,1.1100,1.8671152228763668%,up,
PFLD,AAM Low Duration Preferred and Income Securities ETF,$19.6500,-0.0300,-0.15182186234817813%,down,
PFM,Invesco Dividend Achievers ETF,$46.4600,-0.2600,-0.5619191700886103%,down,
PFRL,PGIM ETF Trust PGIM Floating Rate Income ETF,$49.9600,-0.0150,-0.03009328919650918%,down,
PFUT,Putnam Sustainable Future ETF,$24.4070,-0.1745,-0.7131530765709801%,down,
PFXF,VanEck Preferred Securities ex Financials ETF,$16.8300,-0.1000,-0.5988023952095809%,down,
PGF,Invesco Financial Preferred ETF,$13.9200,-0.0800,-0.5747126436781609%,down,
PGHY,Invesco Global ex-US High Yield Corporate Bond ETF,$19.6300,0.0656,0.33282597666159314%,up,
PGJ,Invesco Golden Dragon China ETF,$28.1800,-0.1900,-0.6836991723641598%,down,
PGRO,Putnam Focused Large Cap Growth ETF,$38.4030,-0.1804,-0.47028644719965795%,down,
PGX,Invesco Preferred ETF,$10.9600,-0.0500,-0.4570383912248629%,down,
PHB,Invesco Fundamental High Yield Corporate Bond ETF,$18.1800,-0.0100,-0.0550357732526142%,down,
PHDG,Invesco S&P 500 Downside Hedged ETF,$34.3210,-0.1749,-0.5116593384411504%,down,
PHEQ,Morgan Stanley ETF Trust Parametric Hedged Equity ETF,$29.6334,-0.0800,-0.27067628469731625%,down,
PHO,Invesco Water Resources ETF,$68.1200,-0.9100,-1.3415892672858618%,down,
PHYD,Putnam ETF Trust Putnam ESG High Yield ETF,$51.3704,-0.0142,-0.02767545654758425%,down,
PHYL,PGIM Active High Yield Bond ETF,$34.9400,-0.0050,-0.014326647564469915%,down,
PHYS,Sprott Physical Gold Trust ETV,$25.3300,-0.0500,-0.19849146486701072%,down,
PICB,Invesco International Corporate Bond ETF,$23.4500,-0.0850,-0.3653556845046207%,down,
PICK,iShares MSCI Global Select Metals & Mining Producers Fund,$36.9750,-0.3800,-1.032608695652174%,down,
PID,Invesco International Dividend Achievers ETF,$20.3400,-0.1400,-0.6886374815543533%,down,
PIE,Invesco Dorsey Wright Emerging Markets Momentum ETF,$19.4900,-0.1328,-0.6834791559444159%,down,
PIFI,Clearshares Piton Intermediate Fixed Income ETF,$94.2250,-0.1547,-0.16455643690106297%,down,
PILL,Direxion Daily Pharmaceutical & Medical Bull 3X Shares,$5.2500,-0.0800,-1.5904572564612325%,down,
PIN,Invesco India ETF,$26.6300,-0.0700,-0.26405130139569977%,down,
PINK,Simplify Health Care ETF,$28.5547,-0.2600,-0.913884007029877%,down,
PIO,Invesco Global Water ETF,$42.9800,-0.4100,-0.953266682166938%,down,
PIT,VanEck ETF Trust VanEck Commodity Strategy ETF,$48.8486,-0.2200,-0.4485219164118247%,down,
PIZ,Invesco Dorsey Wright Developed Markets Momentum ETF,$44.3150,-0.3400,-0.7668019846639602%,down,
PJAN,Innovator U.S. Equity Power Buffer ETF - January,$42.8200,-0.1334,-0.3126384198401185%,down,
PJBF,PGIM ETF Trust PGIM Jennison Better Future ETF,$58.2203,-0.4170,-0.7166179755971817%,down,
PJFG,PGIM ETF Trust PGIM Jennison Focused Growth ETF,$97.3218,-0.3779,-0.38878880814985295%,down,
PJFM,PGIM ETF Trust PGIM Jennison Focused Mid-Cap ETF,$57.0010,-0.0380,-0.0664626147791867%,down,
PJFV,PGIM ETF Trust PGIM Jennison Focused Value ETF,$69.9372,-0.4511,-0.6470379831807418%,down,
PJIO,PGIM ETF Trust PGIM Jennison International Opportunities ETF,$60.0316,-0.5643,-0.9404310350574292%,down,
PJP,Invesco Pharmaceuticals ETF,$79.9368,-0.9300,-1.1785578507160057%,down,
PJUL,Innovator U.S. Equity Power Buffer ETF - July,$41.7300,-0.2200,-0.5282112845138055%,down,
PJUN,Innovator U.S. Equity Power Buffer ETF - June,$38.8100,-0.1300,-0.3361779156969227%,down,
PKB,Invesco Building & Construction ETF,$77.1800,-1.6300,-2.117158072476945%,down,
PKW,Invesco BuyBack Achievers ETF,$118.1100,-1.1200,-0.9507640067911716%,down,
PLDR,Putnam Sustainable Leaders ETF,$32.2577,-0.1740,-0.5409371269399124%,down,
PLTM,GraniteShares Platinum Shares ETF,$10.4600,-0.0200,-0.19120458891013384%,down,
PLTY,Tidal Trust II YieldMax PLTR Option Income Strategy ETF,$62.0400,0.2200,0.35301668806161746%,up,
PMAR,Innovator U.S. Equity Power Buffer ETF - March,$41.1800,-0.1575,-0.3837485533288664%,down,
PMAY,Innovator U.S. Equity Power Buffer ETF - May,$36.9900,-0.0600,-0.16277807921866522%,down,
PMBS,PIMCO Mortgage-Backed Securities Active Exchange-Traded Fund,$48.1741,-0.1200,-0.2500520941862888%,down,
PMIO,PGIM ETF Trust PGIM Municipal Income Opportunities ETF,$49.9550,-0.0050,-0.010019036168720569%,down,
PNOV,Innovator U.S. Equity Power Buffer ETF - November,$38.4177,-0.0900,-0.2346805736636245%,down,
PNQI,Invesco NASDAQ Internet ETF,$48.7300,-0.1500,-0.30624744793793385%,down,
POCT,Innovator U.S. Equity Power Buffer ETF - October,$40.1200,-0.1375,-0.3432994195118907%,down,
POWA,Invesco Bloomberg Pricing Power ETF,$84.6588,-0.5837,-0.6904726135399822%,down,
PPA,Invesco Aerospace & Defense ETF,$132.5100,-0.4800,-0.36330608537693004%,down,
PPEM,Putnam ETF Trust Putnam PanAgora ESG Emerging Markets Equity E,$23.2053,-0.1064,-0.4599768282349686%,down,
PPH,VanEck Pharmaceutical ETF,$87.5000,-0.6800,-0.7826887661141805%,down,
PPI,Astoria Real Assets ETF,$15.5300,-0.1350,-0.8673305493093479%,down,
PPIE,Putnam ETF Trust Putnam PanAgora ESG International Equity ETF,$26.1054,-0.3344,-1.28633690178987%,down,
PPLT,abrdn Physical Platinum Shares ETF,$98.7600,-0.1300,-0.13141932875050547%,down,
PPTY,U.S. Diversified Real Estate ETF,$30.4531,-0.0394,-0.13059070750996002%,down,
PQDI,Principal Spectrum Tax-Advantaged Dividend Active ETF,$19.0800,0.0001,0.0005247938872008019%,up,
PRAE,Northern Lights Fund Trust III PlanRock Alternative Growth ETF,$30.5725,-0.4308,-1.4154942072509578%,down,
PRAY,NEOS ETF Trust FIS Christian Stock Fund,$29.5146,-0.1598,-0.5422426722587563%,down,
PREF,Principal Spectrum Preferred Securities Active ETF,$18.7600,0.0200,0.10672358591248667%,up,
PRF,Invesco RAFI US 1000 ETF,$40.7200,-0.3200,-0.7889546351084812%,down,
PRFD,PIMCO U.S. Treasury Index Fund PIMCO Preferred and Capital Sec,$50.2000,0.0165,0.03294958713168852%,up,
PRFZ,Invesco RAFI US 1500 Small-Mid ETF,$39.1800,-0.3600,-0.9214230867673406%,down,
PRN,Invesco Dorsey Wright Industrials Momentum ETF,$148.1700,-1.3000,-0.8773705878382939%,down,
PRNT,3D Printing (The) ETF,$21.1452,-0.2658,-1.2511650238653373%,down,
PSC,Principal U.S. Small-Cap ETF,$51.2200,-0.7500,-1.465702560093805%,down,
PSCC,Invesco S&P SmallCap Consumer Staples ETF,$35.1800,-0.4927,-1.4133677567412508%,down,
PSCD,Invesco S&P SmallCap Consumer Discretionary ETF,$98.1700,-1.0198,-1.0381757100682072%,down,
PSCE,Invesco S&P SmallCap Energy ETF,$37.3600,-0.5600,-1.5049717817790917%,down,
PSCF,Invesco S&P SmallCap Financials ETF,$52.7000,-0.6400,-1.2248803827751196%,down,
PSCH,Invesco S&P SmallCap Health Care ETF,$40.4400,-0.4300,-1.0693857249440437%,down,
PSCI,Invesco S&P SmallCap Industrials ETF,$126.4200,-1.7100,-1.3544554455445545%,down,
PSCJ,Pacer Swan SOS Conservative (July) ETF,$26.9700,-0.1314,-0.48792805103564024%,down,
PSCM,Invesco S&P SmallCap Materials ETF,$65.9600,-0.9547,-1.4500303766707168%,down,
PSCQ,Pacer Swan SOS Conservative (October) ETF,$26.7500,-0.0769,-0.28760565487321416%,down,
PSCT,Invesco S&P SmallCap Information Technology ETF,$42.7600,-0.5600,-1.3102480112306973%,down,
PSCU,Invesco S&P SmallCap Utilities & Communication Services ETF,$54.8300,-0.6789,-1.2384166362641371%,down,
PSCW,Pacer Swan SOS Conservative (April) ETF,$25.9300,-0.0469,-0.18078024599989975%,down,
PSCX,Pacer Swan SOS Conservative (January) ETF,$28.0100,-0.0788,-0.2814717974546091%,down,
PSDM,PGIM ETF Trust PGIM Short Duration Multi-Sector Bond ETF,$51.0600,-0.0645,-0.12666928515318146%,down,
PSEP,Innovator U.S. Equity Power Buffer ETF - September,$39.6900,-0.1117,-0.2818991472361517%,down,
PSET,Principal Quality ETF,$70.2400,-0.6097,-0.8682872226344265%,down,
PSFD,Pacer Swan SOS Flex (January) ETF,$33.5400,-0.1352,-0.40406455469216973%,down,
PSFF,Pacer Swan SOS Fund of Funds ETF,$29.4900,-0.0900,-0.30643513789581206%,down,
PSFJ,Pacer Swan SOS Flex (July) ETF,$29.5300,-0.1223,-0.41466904459980874%,down,
PSFM,Pacer Swan SOS Flex (April) ETF,$29.3700,-0.0660,-0.22462044250227176%,down,
PSFO,Pacer Swan SOS Flex (October) ETF,$29.0900,-0.0920,-0.3164371923766153%,down,
PSH,PGIM ETF Trust PGIM Short Duration High Yield ETF,$50.3300,0.0002,0.0003975700518431348%,up,
PSI,Invesco Semiconductors ETF,$52.2600,-0.6900,-1.3287117273252456%,down,
PSIL,AdvisorShares Psychedelics ETF,$13.1100,-0.2314,-1.7788232400104547%,down,
PSK,SPDR ICE Preferred Securities ETF,$31.4300,-0.1400,-0.4444444444444445%,down,
PSL,Invesco Dorsey Wright Consumer Staples Momentum ETF,$110.9900,-0.5337,-0.48176566167178186%,down,
PSLV,Sprott Physical Silver Trust ETV,$11.2300,-0.0900,-0.8108108108108109%,down,
PSMD,Pacer Swan SOS Moderate (January) ETF,$29.5300,-0.0753,-0.25502687434592214%,down,
PSMJ,Pacer Swan SOS Moderate (July) ETF,$28.8400,-0.1278,-0.44371918616762723%,down,
PSMO,Pacer Swan SOS Moderate (October) ETF,$27.9800,-0.0700,-0.25062656641604014%,down,
PSMR,Pacer Swan SOS Moderate (April) ETF,$27.7400,-0.0444,-0.1599567684409619%,down,
PSP,Invesco Global Listed Private Equity ETF,$66.7400,-0.5359,-0.805936165765083%,down,
PSQ,ProShares Short QQQ,$35.9900,0.1500,0.41620421753607106%,up,
PSQA,Palmer Square Funds Trust Palmer Square CLO Senior Debt ETF,$20.3950,0.0300,0.14698677119059284%,up,
PSQO,Palmer Square Funds Trust Palmer Square Credit Opportunities E,$20.5150,0.0100,0.04878048780487805%,up,
PSR,Invesco Active U.S. Real Estate Fund,$91.9344,-0.1923,-0.21096652949636815%,down,
PST,ProShares UltraShort Lehman 7-10 Year Treasury,$23.3976,0.1242,0.5258433816556022%,up,
PSTP,Innovator ETFs Trust Innovator Power Buffer Step-Up Strategy E,$32.4446,-0.1072,-0.3310378902510576%,down,
PSTR,PeakShares Sector Rotation ETF,$27.2932,-0.1844,-0.6755667580122804%,down,
PSWD,Xtrackers Cybersecurity Select Equity ETF,$34.4600,-0.7900,-2.269462798046538%,down,
PTBD,Pacer Trendpilot US Bond ETF,$19.5400,-0.0100,-0.05122950819672131%,down,
PTEC,Global X PropTech ETF,$35.6912,0.0400,0.11217049915872127%,up,
PTEU,Pacer TrendpilotTM European Index ETF,$28.1200,-0.2434,-0.8685040606311462%,down,
PTF,Invesco Dorsey Wright Technology Momentum ETF,$63.4300,-0.3400,-0.5325814536340852%,down,
PTH,Invesco Dorsey Wright Healthcare Momentum ETF,$36.5500,-0.2900,-0.8019911504424778%,down,
PTIN,Pacer Trendpilot International ETF,$28.0700,-0.2400,-0.8550053437833987%,down,
PTIR,GraniteShares 2x Long PLTR Daily ETF,$245.4900,1.4500,0.5770684920603335%,up,
PTL,Northern Lights Fund Trust IV Inspire 500 ETF,$220.3400,-1.2108,-0.5527956861117618%,down,
PTLC,Pacer Fund Trust Pacer Trendpilot US Large Cap ETF,$48.3400,-0.3000,-0.6234413965087282%,down,
PTMC,Pacer Trendpilot US Mid Cap ETF,$34.7600,0.0000,0%,unch,
PTNQ,Pacer Trendpilot 100 ETF,$67.1800,-0.3200,-0.47761194029850745%,down,
PTRB,PGIM ETF Trust PGIM Total Return Bond ETF,$41.1800,-0.1800,-0.43838285435947394%,down,
PUI,Invesco Dorsey Wright Utilities Momentum ETF,$41.6600,-0.5800,-1.4006278676648152%,down,
PULS,PGIM Ultra Short Bond ETF,$49.7200,-0.0100,-0.02012477359629704%,down,
PULT,Putnam ETF Trust Putnam ESG Ultra Short ETF,$50.6250,0.0000,0%,unch,
PUSH,PGIM ETF Trust PGIM Ultra Short Municipal Bond ETF,$50.2950,0.0040,0.007965112805910115%,up,
PUTD,Cboe Validus S&P 500 Dynamic PutWrite Index ETF,$20.1096,-0.0578,-0.2881643234619603%,down,
PVAL,Putnam Focused Large Cap Value ETF,$38.4400,-0.2800,-0.7304983042003653%,down,
PVI,Invesco Floating Rate Municipal Income ETF,$24.8450,0.0000,0%,unch,
PWB,Invesco Large Cap Growth ETF,$109.6400,-0.0600,-0.05458018739197671%,down,
PWER,Macquarie ETF Trust Macquarie Energy Transition ETF,$26.6199,-0.1967,-0.7380558400966565%,down,
PWRD,TCW Transform Systems ETF,$82.2100,-0.1100,-0.1337223437879893%,down,
PWS,Pacer WealthShield ETF,$29.7100,-0.2014,-0.6840777009011213%,down,
PWV,Invesco Large Cap Value ETF,$59.8200,-0.4500,-0.7546536978031192%,down,
PWZ,Invesco California AMT-Free Municipal Bond Portfolio,$23.3100,0.0000,0%,unch,
PXE,Invesco Energy Exploration & Production ETF,$27.1300,-0.4600,-1.7011834319526629%,down,
PXF,Invesco RAFI Developed Markets ex-U.S. ETF,$56.2300,-0.4500,-0.8031411743708727%,down,
PXH,Invesco RAFI Emerging Markets ETF,$22.4800,-0.1700,-0.7585899152164213%,down,
VUSB,Vanguard Ultra-Short Bond ETF,$49.7400,0.0000,0%,unch,
VUSE,Vident U.S. Equity Strategy ETF,$60.2843,-0.3338,-0.5539844393106561%,down,
VV,Vanguard Large-Cap ETF,$272.0600,-1.5700,-0.579399933571982%,down,
VWID,Virtus WMC International Dividend ETF,$31.7728,-0.2351,-0.7442063645313337%,down,
VWO,Vanguard FTSE Emerging Markets ETF,$47.5500,-0.2900,-0.6125897760878748%,down,
VWOB,Vanguard Emerging Markets Government Bond ETF,$64.0700,-0.0400,-0.06255864873318737%,down,
VXF,Vanguard Extended Market ETF,$183.5900,-1.6500,-0.9000654593061314%,down,
VXUS,Vanguard Total International Stock ETF,$67.1100,-0.5800,-0.8680035917390003%,down,
VXX,Barclays PLC,$53.5500,0.6100,1.1404000747803327%,up,
VXZ,Barclays PLC,$59.0800,0.7200,1.2257405515832482%,up,
VYM,Vanguard High Dividend Yield ETF,$128.7600,-0.9000,-0.7021924007177968%,down,
VYMI,Vanguard International High Dividend Yield ETF,$79.1600,-0.6500,-0.8251872540307224%,down,
WABF,Western Asset Bond ETF,$24.8355,-0.0697,-0.2818404952628961%,down,
WANT,Direxion Daily Consumer Discretionary Bull 3X Shares,$40.6700,-1.3300,-3.2928942807625647%,down,
WBAT,WisdomTree Trust WisdomTree Battery Value Chain and Innovation,$27.3231,0.2833,1.0368440122532783%,up,
WBIF,WBI BullBear Value 3000 ETF,$27.9210,-0.2658,-0.9532450858386798%,down,
WBIG,WBI BullBear Yield 3000 ETF,$21.4093,-0.1803,-0.8447536720781502%,down,
WBIL,WBI BullBear Quality 3000 ETF,$30.9965,-0.0038,-0.012258776316044157%,down,
WBIY,WBI Power Factor High Dividend ETF,$28.6801,-0.1900,-0.6634078212290503%,down,
WBND,Western Asset Total Return ETF,$19.8534,-0.0700,-0.354251012145749%,down,
WCBR,WisdomTree Cybersecurity Fund,$30.2589,-0.5650,-1.8555008210180621%,down,
WCEO,Hypatia Women CEO ETF,$28.1820,-0.2910,-1.034287887458104%,down,
WCLD,WisdomTree Cloud Computing Fund,$35.6500,-0.3000,-0.841514726507714%,down,
WCME,First Trust Exchange-Traded Fund First Trust WCM Developing Wo,$15.2900,-0.0461,-0.30230499360634777%,down,
WCMI,First Trust Exchange-Traded Fund First Trust WCM International,$15.4700,-0.0800,-0.5198180636777128%,down,
WDIV,SPDR S&P Global Dividend,$69.0216,-0.4891,-0.7149017028429436%,down,
WDTE,Defiance S&P 500 Enhanced Options & 0DTE Income ETF,$33.4628,-0.0630,-0.18809844415715476%,down,
WEAT,Teucrium Wheat Fund ETV,$4.5600,0.0000,0%,unch,
WEBL,Direxion Daily Dow Jones Internet Bull 3X Shares,$24.3200,-0.2000,-0.8080808080808081%,down,
WEBS,Direxion Daily Dow Jones Internet Bear 3X Shares,$26.1700,0.3100,1.2015503875968991%,up,
WEED,Listed Funds Trust Roundhill Cannabis ETF,$10.6991,0.0781,0.7372167001765167%,up,
WEEI,Westwood Salient Enhanced Energy Income ETF,$19.9415,-0.2156,-1.0758805153846922%,down,
WEEL,Tidal Trust II Peerless Option Income Wheel ETF,$19.1998,-0.0424,-0.22149319848715965%,down,
WFH,Direxion Work From Home ETF,$64.6295,-0.2409,-0.37080820488192323%,down,
WGMI,CoinShares Valkyrie Bitcoin Miners ETF,$16.9000,-0.9700,-5.61667631731326%,down,
WINC,Western Asset Short Duration Income ETF,$24.1550,-0.0450,-0.18652849740932642%,down,
WINN,Harbor ETF Trust Harbor Long-Term Growers ETF,$27.3500,-0.1100,-0.402488108305891%,down,
WIP,SPDR FTSE International Government Inflation-Protected Bond ET,$38.4300,-0.5800,-1.514360313315927%,down,
WISE,Themes Generative Artificial Intelligence ETF,$32.8000,-0.2916,-0.89028925241349%,down,
WLDR,Affinity World Leaders Equity ETF,$31.6550,0.0748,0.23667141275114698%,up,
WLTG,ETF Opportunities Trust WealthTrust DBS Long Term Growth ETF,$30.2364,-0.1640,-0.5437737901033171%,down,
WNDY,Global X Wind Energy ETF,$11.5500,0.2200,1.8867924528301887%,up,
WOMN,Impact Shares Trust I ETF Impact Shares YWCA Womenas Empowerme,$38.5259,-0.1294,-0.33609865820272933%,down,
WOOD,iShares Global Timber & Forestry ETF,$74.4350,-1.0500,-1.419302514193025%,down,
WRND,NYLI Global Equity R&D Leaders ETF,$31.0277,-0.0870,-0.2815743566673247%,down,
WTAI,WisdomTree Trust WisdomTree Artificial Intelligence and Innova,$22.1600,-0.2100,-0.9395973154362416%,down,
WTBN,WisdomTree Bianco Total Return Fund,$25.1100,-0.0450,-0.17982017982017984%,down,
WTID,Bank Of Montreal MicroSectors Energy 3X Inverse Leveraged ETNs,$17.2740,0.7591,4.2949610166231%,up,
WTIU,Bank Of Montreal MicroSectors Energy 3X Leveraged ETNs,$8.4500,-0.3600,-4.368932038834951%,down,
WTMF,WisdomTree Managed Futures Strategy Fund,$34.6752,-0.0703,-0.20267309377738826%,down,
WTPI,WisdomTree Equity Premium Income Fund,$31.2500,0.0000,0%,unch,
WTRE,WisdomTree New Economy Real Estate Fund,$18.0200,-0.1698,-0.9448818897637795%,down,
WTV,WisdomTree U.S. Value Fund,$83.6067,-0.7800,-0.935139671502218%,down,
WUGI,AXS Esoterica NextG Economy ETF,$75.6039,-0.4739,-0.6280381461278711%,down,
WWJD,Inspire International ETF,$33.6500,-0.2500,-0.746491489997014%,down,
XAIX,Xtrackers Artificial Intelligence and Big Data ETF,$34.9600,-0.0100,-0.028465698832906346%,down,
XAPR,SHL Telemedicine Ltd FT Vest U.S. Equity Enhance & Moderate Bu,$34.5119,-0.0495,-0.14360063358340153%,down,
XAR,SPDR S&P Aerospace & Defense ETF,$191.5400,-0.0500,-0.025969978704617463%,down,
XAUG,FT Vest U.S. Equity Enhance & Moderate Buffer ETF - August,$35.0533,-0.0537,-0.15341191527776984%,down,
XB,BondBloxx ETF Trust BondBloxx B-Rated USD High Yield Corporate,$39.1413,0.0356,0.0909425324940734%,up,
XBAP,Innovator U.S. Equity Accelerated 9 Buffer ETF - April,$35.9000,-0.0200,-0.05567928730512249%,down,
XBB,BondBloxx ETF Trust BondBloxx BB-Rated USD High Yield Corporat,$40.5812,-0.0946,-0.23337625877627952%,down,
XBI,SPDR Series Trust  SPDR S&P Biotech ETF,$80.4600,-0.5300,-0.6728449917481275%,down,
XBIL,US Treasury 6 Month Bill ETF,$50.1400,-0.0050,-0.00997406742469579%,down,
XBJA,Innovator ETFs Trust Innovator U.S. Equity Accelerated 9 Buffe,$29.2885,-0.1083,-0.3705870879656719%,down,
XBJL,Innovator U.S. Equity Accelerated 9 Buffer ETF - July,$35.3104,-0.1034,-0.29350568986610576%,down,
XBOC,Innovator U.S. Equity Accelerated 9 Buffer ETF - October,$30.8872,-0.1127,-0.36574877894429386%,down,
XC,WisdomTree Trust WisdomTree Emerging Markets Ex-China Fund,$32.4947,-0.0400,-0.12360939431396786%,down,
XCCC,BondBloxx ETF Trust BondBloxx CCC-Rated USD High Yield Corpora,$38.3000,-0.0100,-0.026143790849673203%,down,
XCEM,Columbia EM Core ex-China ETF,$32.1000,0.0000,0%,unch,
XCLR,Global X Funds Global X S&P 500 Collar 95-110 ETF,$27.2543,-0.1399,-0.5148947759710863%,down,
XCNY,SPDR S&P Emerging Markets ex-China ETF,$25.2400,-0.0800,-0.317334391114637%,down,
XCOR,FundX Investment Trust FundX ETF,$69.9496,-0.4111,-0.5901191291328794%,down,
XDAT,Franklin Exponential Data ETF,$25.8018,-0.0603,-0.2326900591565275%,down,
XDEC,FT Vest U.S. Equity Enhance & Moderate Buffer ETF - December,$37.8754,-0.0928,-0.24556761047896267%,down,
XDJL,Innovator U.S. Equity Accelerated ETF - July,$36.1307,-0.1469,-0.40803062035097853%,down,
XDOC,Innovator U.S. Equity Accelerated ETF - October,$30.9360,-0.1481,-0.48047132257761027%,down,
XDQQ,Innovator Growth Accelerated ETF - Quarterly,$34.3702,-0.0226,-0.06585235087064965%,down,
XDSQ,Innovator ETFs Trust Innovator U.S. Equity Accelerated ETF - Q,$36.5655,-0.1220,-0.33453987057145984%,down,
XDTE,Roundhill ETF Trust Roundhill S&P 500 0DTE Covered Call Strate,$43.1000,-0.1900,-0.4408352668213457%,down,
XEMD,BondBloxx ETF Trust BondBloxx JP Morgan USD Emerging Markets 1,$42.7600,-0.0661,-0.15567996344700405%,down,
XES,SPDR Series Trust SPDR S&P Oil & Gas Equipment & Services ETF,$61.3600,-0.3600,-0.5911330049261084%,down,
XFEB,First Trust Exchange-Traded Fund VIII FT Vest U.S. Equity Enha,$33.0957,-0.0732,-0.22156237798178469%,down,
XFIV,BondBloxx ETF Trust BondBloxx Bloomberg Five Year Target Durat,$48.8000,-0.0983,-0.20213236276898716%,down,
XFIX,F/m Opportunistic Income ETF,$51.3700,-0.0297,-0.057933924116312596%,down,
XFLX,FundX Investment Trust FundX Flexible ETF,$23.6550,-0.0300,-0.1270378996400593%,down,
XHB,SPDR Series Trust SPDR Homebuilders ETF,$94.9300,-2.5000,-2.6530828823092434%,down,
XHE,SPDR S&P Health Care Equipment,$81.7211,-0.6294,-0.7704265866944122%,down,
XHLF,BondBloxx ETF Trust BondBloxx Bloomberg Six Month Target Durat,$50.3100,0.0100,0.019876764062810574%,up,
XHS,SPDR S&P Health Care Services ETF,$96.3700,-0.7408,-0.7696223572801413%,down,
XHYC,BondBloxx ETF Trust BondBloxx USD High Yield Bond Consumer Cyc,$36.9157,-0.0090,-0.02442565779653427%,down,
XHYD,BondBloxx ETF Trust BondBloxx USD High Yield Bond Consumer Non,$37.8950,-0.0150,-0.03965631196298744%,down,
XHYE,BondBloxx ETF Trust BondBloxx USD High Yield Bond Energy Secto,$37.8300,0.0838,0.2220302787831257%,up,
XHYF,BondBloxx ETF Trust BondBloxx USD High Yield Bond Financial & ,$37.5700,-0.0142,-0.03786161845087322%,down,
XHYH,BondBloxx ETF Trust BondBloxx USD High Yield Bond Healthcare S,$35.1100,0.0100,0.02854288568574283%,up,
XHYI,BondBloxx ETF Trust BondBloxx USD High Yield Bond Industrial S,$37.7672,-0.0152,-0.04031199361373154%,down,
XHYT,BondBloxx ETF Trust BondBloxx USD High Yield Bond Telecom Med,$34.6321,0.0750,0.21649520246631335%,up,
XIJN,First Trust Exchange-Traded Fund VIII FT Vest U.S. Equity Buff,$30.7550,-0.0200,-0.06508298080052066%,down,
XIMR,First Trust Exchange-Traded Fund VIII FT Vest U.S. Equity Buff,$31.0400,-0.0300,-0.09674298613350532%,down,
XISE,FT Vest U.S. Equity Buffer & Premium Income ETF - September,$30.2404,0.0014,0.004628267474189144%,up,
XITK,SPDR FactSet Innovative Technology ETF,$179.0660,-1.1840,-0.6569383565444155%,down,
XJH,iShares ESG Select Screened S&P Mid-Cap ETF,$40.4800,-0.5790,-1.4402626800328349%,down,
XJR,iShares ESG Select Screened S&P Small-Cap ETF,$38.2410,-0.4308,-1.1313262883674027%,down,
XJUL,FT Vest U.S. Equity Enhance & Moderate Buffer ETF - July,$36.4686,-0.0077,-0.021113301654240895%,down,
XJUN,FT Vest U.S. Equity Enhance & Moderate Buffer ETF - June,$39.9002,-0.0500,-0.12555652931619404%,down,
XLB,Materials Select Sector SPDR,$86.3300,-1.1900,-1.3835600511568422%,down,
XLC,The Communication Services Select Sector SPDR Fund,$100.9800,-0.0200,-0.019646365422396856%,down,
XLE,SPDR Select Sector Fund - Energy Select Sector,$82.2600,-1.0500,-1.2859767299448865%,down,
XLF,SPDR Select Sector Fund - Financial,$50.8500,-0.3400,-0.6720695789681754%,down,
XLG,Invesco S&P 500 Top 50 ETF,$49.3600,-0.2000,-0.4074149521287431%,down,
XLI,SPDR Select Sector Fund - Industrial,$142.7300,-0.7100,-0.49789621318373073%,down,
XLK,SPDR Select Sector Fund - Technology,$231.6300,-0.9600,-0.4151530877010898%,down,
XLP,SPDR Select Sector Fund - Consumer Staples,$82.1100,-0.5600,-0.6847640009782343%,down,
XLRE,Real Estate Select Sector SPDR Fund (The),$41.6900,0.0000,0%,unch,
XLSR,SPDR SSGA U.S. Sector Rotation ETF,$52.4900,-0.1400,-0.26748184944593045%,down,
XLU,SPDR Select Sector Fund - Utilities,$81.0900,-1.1400,-1.415621507512728%,down,
XLV,SPDR Select Sector Fund - Health Care,$132.3600,-0.6800,-0.5171889260724065%,down,
XLY,SPDR Select Sector Fund - Consumer Discretionary,$214.9700,-1.9900,-0.9260982874162323%,down,
XMAR,FT Vest U.S. Equity Enhance & Moderate Buffer ETF - March,$37.5712,-0.0414,-0.11034497463931318%,down,
XMAY,First Trust Exchange-Traded Fund VIII FT Vest U.S. Equity Enha,$32.5498,-0.0700,-0.21525215252152521%,down,
XME,SPDR S&P Metals & Mining ETF,$60.3300,-0.5600,-0.9199934286183672%,down,
XMHQ,Invesco S&P MidCap Quality ETF,$97.5200,-1.1800,-1.2133676092544987%,down,
XMLV,Invesco S&P MidCap Low Volatility ETF,$61.6400,-0.5793,-0.9454763859397723%,down,
XMMO,Invesco S&P MidCap Momentum ETF,$124.2500,-1.0300,-0.8298420883016435%,down,
XMPT,VanEck CEF Muni Income ETF,$20.8900,-0.1000,-0.4796163069544364%,down,
XMVM,Invesco S&P MidCap Value with Momentum ETF,$54.3964,-0.6735,-1.2441395209647206%,down,
XNAV,FundX Investment Trust FundX Aggressive ETF,$69.1362,-0.5000,-0.7260297643162179%,down,
XNOV,FT Vest U.S. Equity Enhance & Moderate Buffer ETF - November,$34.6920,-0.0701,-0.20246832280555818%,down,
XNTK,SPDR NYSE Technology ETF,$216.3239,-0.8600,-0.3957297993741947%,down,
XOCT,FT Vest U.S. Equity Enhance & Moderate Buffer ETF - October,$34.8639,-0.0715,-0.20543025427381123%,down,
XOMO,Tidal ETF Trust II YieldMax XOM Option Income Strategy ETF,$12.2810,-0.1666,-1.3640755236052204%,down,
XONE,BondBloxx ETF Trust BondBloxx Bloomberg One Year Target Durati,$49.5800,-0.0100,-0.020177562550443905%,down,
XOP,SPDR S&P Oil & Gas Explor & Product,$121.1800,-2.1100,-1.7490053050397878%,down,
XOVR,ERShares Private-Public Crossover ETF,$17.8100,-0.1500,-0.8384572386808272%,down,
XPAY,Roundhill ETF Trust Roundhill S&P 500 Target 20 Managed Distri,$52.6100,-0.2600,-0.4958992942971581%,down,
XPH,SPDR S&P Pharmaceuticals ETF,$40.7100,-0.0500,-0.12462612163509472%,down,
XPND,First Trust Expanded Technology ETF,$31.1975,-0.0065,-0.020735438139807893%,down,
XPP,ProShares Ultra FTSE China 50,$23.2467,-0.4474,-1.9616268261456709%,down,
XRLV,Invesco S&P 500 ex-Rate Sensitive Low Volatility ETF,$55.2527,-0.4535,-0.8249459282961001%,down,
XRLX,FundX Investment Trust FundX Conservative ETF,$42.9604,-0.1321,-0.30840346924720136%,down,
XRMI,Global X Funds Global X S&P 500 Risk Managed Income ETF,$17.7366,-0.0624,-0.3527895248648771%,down,
XRT,SPDR S&P Retail ETF,$75.9400,-0.0500,-0.065470734581642%,down,
XSD,SPDR S&P Semiconductor ETF,$227.0400,-2.7000,-1.1867610214935607%,down,
XSEP,FT Vest U.S. Equity Enhance & Moderate Buffer ETF - September,$39.7836,-0.0380,-0.09568896051571313%,down,
XSHD,Invesco S&P SmallCap High Dividend Low Volatility ETF,$13.2800,-0.1051,-0.7989418391625934%,down,
XSHQ,Invesco S&P SmallCap Quality ETF,$40.0900,-0.5000,-1.2553351744915893%,down,
XSLV,Invesco S&P SmallCap Low Volatility ETF,$45.7445,-0.3910,-0.861406140878458%,down,
XSMO,Invesco S&P SmallCap Momentum ETF,$65.8600,-0.7300,-1.1100973236009732%,down,
XSOE,WisdomTree Emerging Markets Ex-State Owned Enterprises Fund,$32.8800,-0.1200,-0.3665241295051924%,down,
XSVM,Invesco S&P SmallCap Value with Momentum ETF,$50.1200,-0.6500,-1.301822551572201%,down,
XSVN,BondBloxx ETF Trust BondBloxx Bloomberg Seven Year Target Dura,$47.1900,-0.1400,-0.2979991485738613%,down,
XSW,SPDR S&P Software & Services ETF,$179.1200,-1.6000,-0.8880501748348782%,down,
XT,iShares Exponential Technologies ETF,$61.5600,-0.6500,-1.059840208706995%,down,
XTAP,Innovator U.S. Equity Accelerated Plus ETF - April,$37.0079,-0.1318,-0.3567977000354632%,down,
XTEN,BondBloxx ETF Trust BondBloxx Bloomberg Ten Year Target Durati,$45.3000,-0.1450,-0.3219717997113356%,down,
XTJA,Innovator ETFs Trust Innovator U.S. Equity Accelerated Plus ET,$28.1953,-0.1107,-0.3937189906282788%,down,
XTJL,Innovator U.S. Equity Accelerated Plus ETF - July,$35.1339,-0.1220,-0.3481933900336777%,down,
XTL,SPDR S&P Telecom ETF,$102.9850,-0.8400,-0.806606491261763%,down,
XTN,SPDR S&P Transportation ETF,$77.4300,-0.2200,-0.28376112472591253%,down,
XTOC,Innovator U.S. Equity Accelerated Plus ETF - October,$30.0653,-0.1239,-0.41335410668472655%,down,
XTR,Global X Funds Global X S&P 500 Tail Risk ETF,$27.2534,-0.1407,-0.5180278858792299%,down,
XTRE,BondBloxx ETF Trust BondBloxx Bloomberg Three Year Target Dura,$49.4600,-0.0547,-0.11082902950645625%,down,
XTWO,BondBloxx ETF Trust BondBloxx Bloomberg Two Year Target Durati,$49.3600,-0.0200,-0.04056383733901227%,down,
XTWY,BondBloxx ETF Trust BondBloxx Bloomberg Twenty Year Target Dur,$37.4700,-0.2800,-0.755735492577598%,down,
XUSP,Innovator ETFs Trust Innovator Uncapped Accelerated U.S. Equit,$39.5074,-0.1813,-0.4608693220670738%,down,
XVOL,Acruence Active Hedge U.S. Equity ETF,$21.1100,-0.1038,-0.48887318968562343%,down,
XVV,iShares ESG Select Screened S&P 500 ETF,$45.4300,-0.2498,-0.552407994657255%,down,
XXCH,Direxion Shares ETF Trust Direxion Daily MSCI Emerging Markets,$23.9467,-0.0416,-0.1743043538378383%,down,
XYLD,Global X Funds Global X S&P 500 Covered Call ETF,$38.2800,-0.1200,-0.31405391258832765%,down,
XYLG,Global X S&P 500 Covered Call & Growth ETF,$26.6886,-0.2006,-0.7547198206129558%,down,
XYZY,Tidal Trust II YieldMax XYZ Option Income Strategy ETF,$10.1600,-0.0500,-0.49603174603174605%,down,
YALL,Tidal ETF Trust God Bless America ETF,$40.2166,-0.3628,-0.9050338140390003%,down,
YANG,Direxion Daily FTSE China Bear 3X Shares,$35.5900,1.1100,3.0228758169934644%,up,
YBIT,Tidal Trust II YieldMax Bitcoin Option Income Strategy ETF,$10.6000,-0.2800,-2.6070763500931102%,down,
YBTC,Roundhill ETF Trust Roundhill Bitcoin Covered Call Strategy ET,$46.0200,-1.2100,-2.5871285011759673%,down,
YCL,ProShares Ultra Yen,$23.3800,-0.2100,-0.9071274298056156%,down,
YCS,ProShares UltraShort Yen New,$41.1100,0.2603,0.6275313404050145%,up,
YDEC,FT Vest International Equity Moderate Buffer ETF - December,$24.7047,-0.0933,-0.37819213619781106%,down,
YEAR,AB Active ETFs Inc. AB Ultra Short Income ETF,$50.5900,-0.0200,-0.03957261574990107%,down,
YGLD,Simplify Exchange Traded Funds Simplify Gold Strategy PLUS Inc,$34.8576,0.0487,0.14048468659222227%,up,
YINN,Direxion Daily FTSE China Bull 3X Shares,$36.7000,-1.1600,-3.2556834128543355%,down,
YLD,Principal Active High Yield ETF,$19.0400,0.0000,0%,unch,
YLDE,Franklin ClearBridge Enhanced Income ETF,$51.5400,-0.5500,-1.0723337882628194%,down,
YMAG,Tidal Trust II YieldMax Magnificent 7 Fund of Option Income ET,$15.4200,-0.0300,-0.19206145966709348%,down,
YMAR,FT Vest International Equity Moderate Buffer ETF - March,$25.1600,-0.1500,-0.5978477481068155%,down,
YMAX,Tidal Trust II YieldMax Universe Fund of Option Income ETFs,$13.5200,-0.1100,-0.8046817849305048%,down,
YOLO,AdvisorShares Pure Cannabis ETF,$1.9641,0.0098,0.5014070094653365%,up,
YQQQ,YieldMax Short N100 Option Income Strategy ETF,$14.9900,0.0700,0.46480743691899074%,up,
YSEP,FT Vest International Equity Buffer ETF - September,$23.9075,-0.1406,-0.5895375945524378%,down,
YXI,ProShares Short FTSE China 50,$11.3151,0.1121,0.9766765118447076%,up,
YYY,Amplify High Income ETF,$11.4100,-0.0300,-0.2617801047120419%,down,
ZALT,Innovator ETFs Trust Innovator U.S. Equity 10 Buffer ETF - Qua,$30.5000,0.0100,0.032829940906106365%,up,
ZAUG,Innovator ETFs Trust Innovator Equity Defined Protection ETF -,$25.2816,-0.0434,-0.1719322571060711%,down,
ZDEK,Innovator ETFs Trust Innovator Equity Defined Protection ETF -,$24.1246,-0.0600,-0.24916943521594687%,down,
ZECP,Zacks Trust Zacks Earnings Consistent Portfolio ETF,$30.6300,-0.2900,-0.9489528795811517%,down,
GGME,Invesco Next Gen Media and Gaming ETF,$55.3395,-0.2010,-0.36203626486645185%,down,
GGRW,Gabelli Growth Innovators ETF,$31.5684,-0.0301,-0.09543346131774269%,down,
GGUS,Goldman Sachs ETF Trust Goldman Sachs MarketBeta Russell 1000 ,$54.6092,-0.2400,-0.44004400440044006%,down,
GHMS,Collaborative Investment Series Trust Goose Hollow Multi-Strat,$26.0384,-0.1024,-0.39432996638183004%,down,
GHTA,Goose Hollow Tactical Allocation ETF,$29.8653,-0.0990,-0.33077290602374215%,down,
GHYB,Goldman Sachs Access High Yield Corporate Bond ETF,$44.7743,0.0763,0.17059314094839056%,up,
GHYG,iShares US & Intl High Yield Corp Bond ETF,$45.3400,-0.0500,-0.11059500110595001%,down,
GIAX,Tidal Trust II Nicholas Global Equity and Income ETF,$17.3800,-0.1194,-0.6764642561725948%,down,
GIGB,Goldman Sachs Access Investment Grade Corporate Bond ETF,$45.3300,-0.1480,-0.3282178656967976%,down,
GII,SPDR S&P Global Infrastructure ETF,$66.6238,-0.5002,-0.7544517479690737%,down,
GINN,Goldman Sachs Innovate Equity ETF,$63.2282,-0.5543,-0.8785819690190093%,down,
GINX,SGI Enhanced Global Income ETF,$27.4938,-0.1300,-0.4737609329446064%,down,
GJAN,FT Vest U.S. Equity Moderate Buffer ETF - January,$38.8900,-0.0700,-0.18041237113402064%,down,
GJUL,FT Vest U.S. Equity Moderate Buffer ETF - July,$37.2900,-0.1719,-0.4628669748856296%,down,
GJUN,FT Vest U.S. Equity Moderate Buffer ETF - June,$36.5200,-0.1869,-0.5131795716639209%,down,
GK,AdvisorShares Gerber Kawasaki ETF,$21.9505,-0.0515,-0.23443296810346%,down,
GLD,SPDR Gold Trust,$305.6100,-0.6900,-0.22711563148020145%,down,
GLDI,UBS AG,$160.2300,-0.2900,-0.1815904821540388%,down,
GLDM,SPDR Gold MiniShares Trust,$65.6700,-0.1400,-0.21436227224008578%,down,
GLIN,VanEck India Growth Leaders ETF,$46.8633,-0.0151,-0.032511642828383744%,down,
GLL,ProShares UltraShort Gold,$11.0700,0.0700,0.6255585344057195%,up,
GLOF,iShares Global Equity Factor ETF,$46.1963,-0.2912,-0.6322298259631084%,down,
GLOV,Goldman Sachs ETF Trust Goldman Sachs ActiveBeta World Low Vol,$53.7000,-0.3100,-0.578790141896938%,down,
GLOW,VictoryShares WestEnd Global Equity ETF,$27.0509,-0.2200,-0.815418828762046%,down,
GLRY,Northern Lights Fund Trust IV Inspire Momentum ETF,$32.0000,-0.1725,-0.5398537231129374%,down,
GLTR,abrdn Physical Precious Metals Basket Shares ETF,$134.1400,-0.3800,-0.28500712517812943%,down,
GMAR,FT Vest U.S. Equity Moderate Buffer ETF - March,$38.1103,-0.0100,-0.026246719160104987%,down,
GMAY,FT Vest U.S. Equity Moderate Buffer ETF - May,$38.1600,-0.1100,-0.2890173410404624%,down,
GMET,VanEck Green Metals ETF,$21.8362,-0.1306,-0.6029714581198001%,down,
GMF,SPDR S&P Emerging Asia Pacific ETF,$121.2085,-1.1674,-0.9669302243138969%,down,
GMMA,Tidal Trust III GammaRoad Market Navigation ETF,$20.2825,0.0455,0.22380167728290007%,up,
GMNY,Goldman Sachs ETF Trust Goldman Sachs Dynamic New York Municip,$48.8959,-0.0764,-0.1564496576127912%,down,
GMOI,The 2023 ETF Series Trust II GMO International Value ETF,$28.4600,-0.2200,-0.7768361581920904%,down,
GMOM,Cambria Global Momentum ETF,$29.1355,-0.1500,-0.51660186183311%,down,
GMOV,The 2023 ETF Series Trust II GMO US Value ETF,$24.1667,-0.2246,-0.9321861550018884%,down,
GMUB,Goldman Sachs ETF Trust Goldman Sachs Municipal Income ETF,$49.4150,-0.0600,-0.12164216928535225%,down,
GMUN,Goldman Sachs ETF Trust Goldman Sachs Community Municipal Bond,$49.1000,-0.0300,-0.061174551386623165%,down,
GNMA,iShares GNMA Bond ETF,$43.2500,-0.0500,-0.11576753878212549%,down,
GNOM,Global X Genomics & Biotechnology ETF,$7.8200,-0.0350,-0.453074433656958%,down,
GNOV,FT Vest U.S. Equity Moderate Buffer ETF - November,$35.3984,-0.0989,-0.28009062588501843%,down,
GNR,SPDR S&P Global Natural Resources ETF,$53.2600,-0.3700,-0.6961429915333961%,down,
GOAU,US Global GO Gold and Precious Metal Miners ETF,$28.5500,0.3600,1.256106071179344%,up,
GOCT,FT Vest U.S. Equity Moderate Buffer ETF - October,$35.4582,-0.0596,-0.16845485070830177%,down,
GOEX,Global X Gold Explorers ETF,$44.7294,0.5045,1.1323337971899268%,up,
GOLY,Strategy Shares Gold Enhanced Yield ETF,$28.5900,-0.4800,-1.7063633131887666%,down,
GOOP,Kurv Yield Premium Strategy Google (GOOGL) ETF,$25.1811,-0.1055,-0.41786646492892304%,down,
GOOX,ETF Opportunities Trust T-Rex 2X Long Alphabet Daily Target ET,$23.6100,-0.0700,-0.2949852507374632%,down,
GOOY,Tidal ETF Trust II YieldMax GOOGL Option Income Strategy ETF,$12.3300,-0.0500,-0.40420371867421184%,down,
GOP,Unusual Whales Subversive Republican Trading ETF,$32.0266,-0.2263,-0.7071919199494996%,down,
GOVI,Invesco Equal Weight 0-30 Year Treasury ETF,$26.9700,-0.1100,-0.41060097051138483%,down,
GOVT,iShares U.S. Treasury Bond ETF,$22.7150,-0.0400,-0.17667844522968199%,down,
GOVZ,iShares 25  Year Treasury STRIPS Bond ETF,$9.2900,-0.0800,-0.8733624454148472%,down,
GPIQ,Goldman Sachs Nasdaq-100 Premium Income ETF,$47.8100,-0.1600,-0.3352189398701027%,down,
GPIX,Goldman Sachs S&P 500 Premium Income ETF,$48.1000,-0.2000,-0.4164931278633902%,down,
GPRF,Goldman Sachs Access U.S. Preferred Stock and Hybrid Securitie,$49.7650,-0.0342,-0.06878519710378117%,down,
GQI,Natixis ETF Trust Natixis Gateway Quality Income ETF,$52.6885,-0.2947,-0.5614381351185554%,down,
GQQQ,Astoria US Quality Growth Kings ETF,$25.5589,-0.1395,-0.5465101701820917%,down,
GQRE,FlexShares Global Quality Real Estate Index Fund,$59.1926,0.0192,0.032682909391740414%,up,
GREK,Global X MSCI Greece ETF,$55.7100,0.8300,1.486123545210385%,up,
GRID,First Trust NASDAQ Clean Edge Smart Grid Infrastructure Index ,$130.7700,-1.2600,-0.9662576687116564%,down,
GRN,NO Name,$27.8935,0.4408,1.5531900649394126%,up,
GRNB,VanEck Green Bond ETF,$23.9200,-0.0402,-0.16841223292836194%,down,
GRNY,Tidal ETF Trust Fundstrat Granny Shots US Large Cap ETF,$20.7400,-0.1200,-0.5769230769230769%,down,
GRPM,Invesco S&P MidCap 400 GARP ETF,$104.6800,-1.5800,-1.517188400230459%,down,
GRPZ,Invesco Exchange-Traded Fund Trust II Invesco S&P SmallCap 600,$24.0371,-0.3573,-1.491702327523223%,down,
GRW,TCW Compounders ETF,$34.0812,0.0974,0.2867126074068405%,up,
GSC,Goldman Sachs Small Cap Equity ETF,$48.7200,-0.6000,-1.2355848434925865%,down,
GSEE,Goldman Sachs MarketBeta Emerging Markets Equity ETF,$47.8009,-0.2185,-0.45911945720943625%,down,
GSEP,FT Vest U.S. Equity Moderate Buffer ETF - September,$35.6231,-0.0587,-0.16515996882500078%,down,
GSEU,Goldman Sachs ActiveBeta Europe Equity ETF,$42.2975,-0.4884,-1.1589938300901756%,down,
GSEW,Goldman Sachs Equal Weight U.S. Large Cap Equity ETF,$78.6700,-0.6000,-0.7638446849140675%,down,
GSFP,Goldman Sachs Future Planet Equity ETF,$32.9072,-0.2731,-0.8328758767917048%,down,
GSG,iShares GSCI Commodity-Indexed Trust Fund,$21.2600,-0.0800,-0.3750586029067042%,down,
GSIB,Themes Global Systemically Important Banks ETF,$40.9300,-0.4161,-1.0201029664133365%,down,
GSID,Goldman Sachs MarketBeta International Equity ETF,$63.0700,-0.5603,-0.8899301143583227%,down,
GSIE,Goldman Sachs ActiveBeta International Equity ETF,$39.1100,-0.4500,-1.1553273427471116%,down,
GSIG,Golden Sachs ETF Trust Goldman Sachs Access Investment Grade C,$47.2900,-0.0493,-0.10442547981707535%,down,
GSJY,Goldman Sachs ActiveBeta Japan Equity ETF,$41.3569,-0.7619,-1.853730696894715%,down,
GSLC,Goldman Sachs ActiveBeta U.S. Large Cap Equity ETF,$115.9700,-0.5900,-0.5102482054830062%,down,
GSPY,Gotham Enhanced 500 ETF,$32.1900,-0.1519,-0.47350374064837913%,down,
GSSC,GS ActiveBeta U.S. Small Cap Equity ETF,$65.8200,-0.6200,-0.945410186032327%,down,
GSST,Goldman Sachs Ultra Short Bond ETF,$50.4850,0.0150,0.02972946189673967%,up,
GSUS,Goldman Sachs MarketBeta U.S. Equity ETF,$81.5300,-0.3300,-0.40595399188092013%,down,
GSY,Invesco Ultra Short Duration ETF,$50.0800,0.0000,0%,unch,
GTEK,Goldman Sachs Future Tech Leaders Equity ETF,$33.1298,-0.1500,-0.44923629829290207%,down,
GTIP,Goldman Sachs Access Inflation Protected USD Bond ETF,$49.0800,-0.1371,-0.2802494649504198%,down,
GTO,Invesco Total Return Bond ETF,$46.1600,-0.0600,-0.13032145960034752%,down,
GTOS,Invesco Short Duration Total Return Bond ETF,$24.8650,0.0000,0%,unch,
GTR,WisdomTree Target Range Fund,$24.0041,-0.0910,-0.38000901999432074%,down,
GUMI,Goldman Sachs ETF Trust Goldman Sachs Ultra Short Municipal In,$50.1905,-0.0200,-0.039860488290981565%,down,
GUNR,FlexShares Global Upstream Natural Resources Index Fund ETF,$39.1800,-0.2300,-0.5879345603271984%,down,
GURU,Global X Guru Index ETF,$51.5028,-0.2592,-0.5047525018548485%,down,
GUSA,Goldman Sachs ETF Trust II Goldman Sachs MarketBeta U.S. 1000 ,$51.0796,-0.2581,-0.5068566053372138%,down,
GUSH,Direxion Daily S&P Oil & Gas Exp. & Prod. Bull 2X Shares,$21.2100,-0.7700,-3.6666666666666665%,down,
GVAL,Cambria Global Value ETF,$26.6500,-0.1000,-0.3766478342749529%,down,
GVI,iShares Intermediate Government/Credit Bond ETF,$105.7900,-0.1400,-0.13256320424202256%,down,
GVIP,Goldman Sachs Hedge Industry VIP ETF,$130.0187,-0.5995,-0.46015530913302743%,down,
GVLU,Tidal ETF Trust Gotham 1000 Value ETF,$23.5000,-0.2069,-0.8850163186914249%,down,
GVUS,Goldman Sachs ETF Trust Goldman Sachs MarketBeta Russell 1000 ,$48.4256,-0.3564,-0.7386130488305294%,down,
GWX,SPDR S&P International SmallCap ETF,$35.5348,-0.2400,-0.6775832862789384%,down,
GXC,SPDR S&P China ETF,$85.1100,-0.8600,-1.021984551396316%,down,
GXDW,Global X Dorsey Wright Thematic ETF,$24.4228,-0.2095,-0.8555490215296154%,down,
GXG,Global X MSCI Colombia ETF,$29.3800,0.0700,0.2383384405856316%,up,
GXUS,Goldman Sachs ETF Trust II Goldman Sachs MarketBeta Total Inte,$49.4954,-0.4346,-0.8816131126257709%,down,
GYLD,Arrow Dow Jones Global Yield ETF ETF,$13.0200,-0.0990,-0.7615384615384616%,down,
HACK,Amplify ETF Trust Amplify Cybersecurity ETF,$80.9100,-1.1300,-1.3924830560690078%,down,
HAIL,SPDR S&P Kensho Smart Mobility ETF,$28.0916,-0.1647,-0.5841792760007662%,down,
HAP,VanEck Natural Resources ETF,$50.2002,-0.3758,-0.7511583189084818%,down,
HAPI,Harbor Human Capital Factor US Large Cap ETF,$36.3100,-0.1607,-0.4445624780416013%,down,
HAPS,Harbor Human Capital Factor US Small Cap ETF,$27.2268,-0.2388,-0.8823594617163888%,down,
HAPY,Harbor Human Capital Factor Unconstrained ETF,$23.1374,-0.2130,-0.9217267880634218%,down,
HARD,Simplify Exchange Traded Funds Simplify Commodities Strategy N,$27.7800,-0.1900,-0.6810035842293907%,down,
HART,NYLI Healthy Hearts ETF,$29.8547,-0.2260,-0.7611400935596098%,down,
HAUS,Tidal ETF Trust Residential REIT ETF,$18.2517,-0.0512,-0.2831357281897009%,down,
HAUZ,Xtrackers International Real Estate ETF,$22.1600,-0.0400,-0.18091361374943465%,down,
HAWX,iShares Currency Hedged MSCI ACWI ex U.S. ETF,$34.5740,-0.2313,-0.6686942393422338%,down,
HCMT,Direxion Shares ETF Trust Direxion HCM Tactical Enhanced US ET,$29.3600,-0.2700,-0.9243409791167408%,down,
HCOM,Hartford Schroders Commodity Strategy ETF,$15.2200,-0.1700,-1.1151197113807807%,down,
HCOW,Amplify COWS Covered Call ETF,$21.9900,-0.1900,-0.85431654676259%,down,
HCRB,Hartford Core Bond ETF,$34.5820,-0.0777,-0.22475030154721928%,down,
HDEF,Xtrackers MSCI EAFE High Dividend Yield Equity ETF,$28.7800,-0.2700,-0.944386149003148%,down,
HDG,ProShares Hedge Replication ETF,$49.2588,-0.1112,-0.22544577238492025%,down,
HDGE,Ranger Equity Bear Bear ETF,$17.7106,0.2500,1.4037057832678272%,up,
HDLB,ETRACS Monthly Pay 2xLeveraged US High Dividend Low Volatility,$14.9839,-0.2317,-1.570996569165887%,down,
HDMV,First Trust Exchange-Traded Fund III First Trust Horizon Manag,$35.1563,-0.2791,-0.7965000799068515%,down,
HDUS,Lattice Strategies Trust Hartford Disciplined US Equity ETF,$57.2187,-0.3038,-0.532652585328735%,down,
HDV,iShares Core High Dividend ETF,$115.6800,-0.8900,-0.7727706868108014%,down,
HEAL,Global X HealthTech ETF,$10.3850,-0.1050,-1.0149830836152731%,down,
HEAT,Touchstone ETF Trust Touchstone Climate Transition ETF,$26.9788,-0.3091,-1.1478843425753311%,down,
HECO,SPDR Galaxy Hedged Digital Asset Ecosystem ETF,$27.9291,-0.6100,-2.15929203539823%,down,
HEDJ,WisdomTree Europe Hedged Equity Fund,$49.6400,-0.4300,-0.8646692137542731%,down,
HEEM,iShares Currency Hedged MSCI Emerging Markets ETF,$28.8200,-0.1547,-0.5403422982885085%,down,
HEFA,iShares Currency Hedged MSCI EAFE ETF,$37.7200,-0.3150,-0.8345476222016162%,down,
HEGD,Swan Hedged Equity US Large Cap ETF,$22.7700,-0.1000,-0.4409171075837743%,down,
HEJD,VictoryShares Hedged Equity Income ETF,$26.6694,-0.1035,-0.3884274879062069%,down,
HELO,J.P. Morgan Exchange-Traded Fund Trust JPMorgan Hedged Equity ,$61.2800,-0.1300,-0.21266154097824308%,down,
HELX,Franklin Genomic Advancements ETF,$26.0233,-0.3209,-1.241762536616323%,down,
HEQT,Simplify Hedged Equity ETF,$29.4600,-0.0600,-0.20442930153321975%,down,
HERD,Pacer Cash Cows Fund of Funds ETF,$38.9000,-0.3357,-0.8666737232891779%,down,
HERO,Global X Video Games & Esports ETF,$29.4100,-0.2200,-0.745005079580088%,down,
HEWJ,iShares Currency Hedged MSCI Japan ETF,$43.7600,-0.6800,-1.5535755083390448%,down,
HEZU,iShares Currency Hedged MSCI Eurozone ETF,$41.2000,-0.2600,-0.6310679611650485%,down,
HF,DGA Core Plus Absolute Return ETF,$19.9700,0.0123,0.06147756069034802%,up,
HFGO,Hartford Large Cap Growth ETF,$23.0800,-0.0600,-0.2604166666666667%,down,
HFND,Tidal ETF Trust Unlimited HFND Multi-Strategy Return Tracker E,$21.5663,-0.1063,-0.49398894914655633%,down,
HFSI,Hartford Strategic Income ETF,$34.2800,-0.0450,-0.13121446274967197%,down,
HFSP,TradersAI Large Cap Equity & Cash ETF,$17.0850,-0.0225,-0.13169446883230904%,down,
HFXI,NYLI FTSE International Equity Currency Neutral ETF,$29.1800,-0.2900,-0.9962212298179319%,down,
HGER,Harbor Commodity All-Weather Strategy ETF,$23.6900,-0.0454,-0.1909601002750835%,down,
HIBL,Direxion Daily S&P 500 High Beta Bull 3X Shares,$32.7200,-0.9500,-2.9087568891610536%,down,
HIBS,Direxion Daily S&P 500 High Beta Bear 3X Shares,$12.7400,0.3200,2.5137470542026707%,up,
HIDE,Alpha Architect High Inflation and Deflation ETF,$22.5902,-0.0299,-0.1328115630455157%,down,
HIDV,AB Active ETFs Inc. AB US High Dividend ETF,$70.5678,-0.4014,-0.5716320136713188%,down,
HIGH,Simplify Exchange Traded Funds Simplify Enhanced Income ETF,$24.0900,-0.0200,-0.08285004142502071%,down,
HIPS,GraniteShares HIPS US High Income ETF,$12.1100,-0.1600,-1.3278008298755186%,down,
HISF,First Trust High Income Strategic Focus ETF,$44.0400,-0.0944,-0.21503416856492027%,down,
HIYS,Invesco Actively Managed Exchange-Traded Fund Trus Invesco Hig,$25.2450,-0.0093,-0.036895830771122864%,down,
HJUL,SHL Telemedicine Ltd Innovator Premium Income 9 Buffer ETF - J,$23.9661,0.0000,0%,unch,
HKND,Humankind US Stock ETF,$31.6166,-0.1833,-0.5813197512344719%,down,
HLAL,Wahed FTSE USA Shariah ETF,$51.1900,-0.3500,-0.6837272904864231%,down,
HLGE,Hartford Longevity Economy ETF,$31.3929,-0.1537,-0.48940160544105055%,down,
HMOP,Hartford Municipal Opportunities ETF,$38.0400,0.0050,0.013102725366876311%,up,
HNDL,Strategy Shares Nasdaq 7HANDL Index ETF,$21.0200,-0.1300,-0.6208213944603629%,down,
HOCT,Innovator ETFs Trust Innovator Premium Income 9 Buffer ETF - O,$23.8300,-0.0167,-0.07012887756001897%,down,
HODL,VanEck Bitcoin Trust Common Shares of Beneficial Interest,$29.9000,-0.8700,-2.8741328047571852%,down,
HOMZ,Hoya Capital Housing ETF,$42.4471,-0.5212,-1.236591922293057%,down,
HQGO,Hartford US Quality Growth ETF,$52.1341,-0.1854,-0.3557175748273216%,down,
HRTS,Tema GLP-1 Obesity & Cardiometabolic ETF,$27.4200,-0.3450,-1.2725931390630765%,down,
HSCZ,iShares Currency Hedged MSCI EAFE Small-Cap ETF,$34.2907,-0.1605,-0.46691724073729285%,down,
HSMV,First Trust Horizon Managed Volatility Small/Mid ETF,$35.7955,-0.3579,-1.0057580279386598%,down,
HTAB,Hartford Schroders Tax-Aware Bond ETF,$18.6700,-0.0100,-0.05336179295624333%,down,
HTEC,ROBO Global Healthcare Technology and Innovation ETF,$27.2497,-0.3217,-1.1904497583575717%,down,
HTRB,Hartford Total Return Bond ETF,$33.3600,-0.1200,-0.3597122302158273%,down,
HTUS,Capitol Series Trust Hull Tactical US ETF,$38.0670,-0.0016,-0.00421625154156697%,down,
HUSV,First Trust Exchange-Traded Fund III First Trust Horizon Manag,$39.9879,-0.2768,-0.6941953929301415%,down,
HWAY,Themes US Infrastructure ETF,$26.6463,-0.3519,-1.3228328697090443%,down,
HYBB,iShares BB Rated Corporate Bond ETF,$46.3100,-0.0100,-0.02160293799956794%,down,
HYBI,NEOS Enhanced Income Credit Select ETF,$49.8090,-0.0347,-0.06980444696571939%,down,
HYD,VanEck ETF Trust VanEck High Yield Muni ETF,$49.9500,-0.0300,-0.06013229104028863%,down,
HYDB,iShares High Yield Systematic Bond ETF,$46.9000,-0.0200,-0.042716787697565144%,down,
HYDR,Global X Hydrogen ETF,$18.3800,0.0000,0%,unch,
HYDW,Xtrackers Low Beta High Yield Bond ETF,$46.7370,-0.0426,-0.09124068049269966%,down,
HYEM,VanEck Emerging Markets High Yield Bond ETF,$19.5200,-0.0300,-0.1530612244897959%,down,
HYFI,AB Active ETFs Inc. AB High Yield ETF,$37.0900,0.0100,0.027019724398811132%,up,
HYG,iShares iBoxx $ High Yield Corporate Bond ETF,$79.5000,-0.0500,-0.06298815822625346%,down,
HYGH,iShares Interest Rate Hedged High Yield Bond ETF,$85.7700,0.0900,0.10485844110450891%,up,
HYGI,iShares U.S. ETF Trust iShares Inflation Hedged High Yield Bon,$27.0003,-0.0150,-0.055534987041836355%,down,
HYGV,FlexShares High Yield Value-Scored Bond Index Fund,$40.4500,-0.0300,-0.07429420505200594%,down,
HYGW,iShares Trust iShares High Yield Corporate Bond BuyWrite Strat,$30.7000,0.0100,0.032605151613955004%,up,
HYHG,ProShares High Yield Interest Rate Hedged,$64.5831,0.3415,0.5290833147418261%,up,
HYKE,ETF Series Solutions Vest 2 Year Interest Rate Hedge ETF,$25.5920,0.1786,0.6924198250728862%,up,
HYLB,Xtrackers USD High Yield Corporate Bond ETF,$36.4300,-0.0400,-0.10998075336816059%,down,
HYLS,First Trust Tactical High Yield ETF,$41.3700,-0.0400,-0.09685230024213076%,down,
HYMB,SPDR Nuveen Bloomberg High Yield Municipal Bond ETF,$24.7400,-0.0500,-0.20234722784297854%,down,
HYRM,DBX ETF Trust Xtrackers Risk Managed USD High Yield Strategy E,$23.1950,-0.0251,-0.1083531189294194%,down,
HYS,PIMCO 0-5 Year High Yield Corporat Bond Index Exchange-Traded ,$93.9000,-0.0700,-0.07460300543536183%,down,
HYSA,BondBloxx ETF Trust BondBloxx USD High Yield Bond Sector Rotat,$15.0200,-0.0203,-0.13556198120830465%,down,
HYSD,Columbia ETF Trust I Columbia Short Duration High Yield ETF,$20.1250,-0.0305,-0.15174506828528073%,down,
HYTR,Counterpoint High Yield Trend ETF,$21.4359,-0.0100,-0.04666355576294914%,down,
HYUP,Xtrackers High Beta High Yield Bond ETF,$41.7973,0.0773,0.1851736512027903%,up,
HYXF,iShares ESG Advanced High Yield Corporate Bond ETF,$49.1100,0.1500,0.3210616438356165%,up,
HYXU,iShares International High Yield Bond ETF,$52.8950,-0.1382,-0.2636554241093998%,down,
HYZD,WisdomTree Interest Rate Hedged High Yield Bond Fund,$22.1867,0.1296,0.5845737483085249%,up,
IAGG,iShares International Aggregate Bond Fund,$50.8200,-0.0200,-0.039416633819471816%,down,
IAI,iShares U.S. Broker-Dealers & Securities Exchanges ETF,$154.5700,-2.0100,-1.3027415905113746%,down,
IAK,iShares U.S. Insurance ETF,$134.9400,-1.3600,-1.0167464114832536%,down,
IAPR,Innovator International Developed Power Buffer ETF  April,$28.8500,-0.1750,-0.6085898104677447%,down,
IAT,iShares U.S. Regional Banks ETF,$47.0500,-0.6200,-1.3293310463121784%,down,
IAU,iShares Gold Trust Shares of the iShares Gold Trust,$62.5400,-0.1400,-0.22518899790895933%,down,
IAUG,Innovator ETFs Trust Innovator International Developed Power B,$26.8903,-0.2526,-0.942811713857018%,down,
IAUM,iShares Gold Trust Micro Shares,$33.0600,-0.0800,-0.24338302403407364%,down,
IBAT,Ishares Energy Storage & Materials ETF,$21.1008,0.0500,0.23730422401518747%,up,
IBB,iShares Biotechnology ETF,$124.2400,-0.9400,-0.7710606184890493%,down,
IBBQ,Invesco Nasdaq Biotechnology ETF,$20.8200,-0.1800,-0.8806262230919765%,down,
IBD,Inspire Corporate Bond ETF,$23.7300,-0.0700,-0.2961082910321489%,down,
IBDQ,iShares iBonds Dec 2025 Term Corporate ETF,$25.1500,0.0100,0.0397456279809221%,up,
IBDR,iShares iBonds Dec 2026 Term Corporate ETF,$24.2100,0.0000,0%,unch,
IBDS,iShares iBonds Dec 2027 Term Corporate ETF,$24.1800,0.0000,0%,unch,
IBDT,iShares iBonds Dec 2028 Term Corporate ETF,$25.2700,-0.0200,-0.07930214115781127%,down,
IBDU,iShares iBonds Dec 2029 Term Corporate ETF,$23.1300,-0.0300,-0.12987012987012986%,down,
IBDV,iShares iBonds Dec 2030 Term Corporate ETF,$21.7200,-0.0500,-0.23073373327180433%,down,
IBDW,iShares iBonds Dec 2031 Term Corporate ETF,$20.7100,-0.0400,-0.1936108422071636%,down,
IBDX,iShares Trust iShares iBonds Dec 2032 Term Corporate ETF,$24.9050,-0.0700,-0.2821442966545748%,down,
IBDY,iShares Trust iShares iBonds Dec 2033 Term Corporate ETF,$25.4200,-0.0700,-0.27602523659306%,down,
IBDZ,iShares Trust iShares iBonds Dec 2034 Term Corporate ETF,$25.6200,-0.0550,-0.2156017248137985%,down,
IBGA,iShares iBonds Dec 2044 Term Treasury ETF,$24.2500,-0.1161,-0.4828667562250716%,down,
IBGK,iShares iBonds Dec 2054 Term Treasury ETF,$23.3570,-0.1356,-0.5860919853217672%,down,
IBHE,iShares iBonds 2025 Term High Yield and Income ETF,$23.2400,0.0000,0%,unch,
IBHF,iShares iBonds 2026 Term High Yield and Income ETF,$23.2100,-0.0300,-0.12942191544434858%,down,
IBHG,iShares iBonds 2027 Term High Yield and Income ETF,$22.4000,-0.0500,-0.22371364653243847%,down,
IBHK,iShares Trust iShares iBonds 2031 Term High Yield and Income E,$25.5323,-0.0155,-0.06094084806070495%,down,
IBIB,iShares Trust iShares iBonds Oct 2025 Term TIPS ETF,$25.5100,0.0106,0.041536050156739814%,up,
IBIC,iShares Trust iShares iBonds Oct 2026 Term TIPS ETF,$25.8700,-0.0100,-0.03863987635239567%,down,
IBID,iShares Trust iShares iBonds Oct 2027 Term TIPS ETF,$26.0900,-0.0050,-0.019164430816404752%,down,
IBIE,iShares Trust iShares iBonds Oct 2028 Term TIPS ETF,$26.1000,-0.0300,-0.11503067484662577%,down,
IBIF,iShares Trust iShares iBonds Oct 2029 Term TIPS ETF,$26.1900,-0.0400,-0.15296367112810708%,down,
IBIG,iShares Trust iShares iBonds Oct 2030 Term TIPS ETF,$26.1800,-0.0542,-0.20766124397514193%,down,
IBIH,iShares Trust iShares iBonds Oct 2031 Term TIPS ETF,$26.0260,-0.0450,-0.17337699865151224%,down,
IBII,iShares Trust iShares iBonds Oct 2032 Term TIPS ETF,$25.7106,-0.0650,-0.25365853658536586%,down,
IBIJ,iShares Trust iShares iBonds Oct 2033 Term TIPS ETF,$25.7101,-0.0797,-0.3110850897736143%,down,
IBIK,iShares Trust iShares iBonds Oct 2034 Term TIPS ETF,$25.3900,-0.1098,-0.4345038820428805%,down,
IBIT,iShares Bitcoin Trust ETF,$59.9900,-1.7100,-2.8129626583319625%,down,
IBLC,iShares Trust iShares Blockchain and Tech ETF,$31.6371,-1.6898,-5.261371668052221%,down,
IBMN,iShares iBonds Dec 2025 Term Muni Bond ETF,$26.7500,-0.0050,-0.01869508319312021%,down,
IBMO,iShares iBonds Dec 2026 Term Muni Bond ETF,$25.5700,-0.0100,-0.03913894324853229%,down,
IBMP,iShares iBonds Dec 2027 Term Muni Bond ETF,$25.2650,-0.0059,-0.023384859294490683%,down,
IBMQ,iShares iBonds Dec 2028 Term Muni Bond ETF,$25.2750,0.0100,0.03961965134706815%,up,
IBMR,iShares Trust iShares iBonds Dec 2029 Term Muni Bond ETF,$25.0500,-0.0150,-0.059940059940059943%,down,
IBMS,iShares Trust iShares iBonds Dec 2030 Term Muni Bond ETF,$25.4600,0.0100,0.03933910306845004%,up,
IBND,SPDR Bloomberg International Corporate Bond ETF,$31.2700,-0.1000,-0.32102728731942215%,down,
IBOT,Vaneck Robotics ETF,$42.8900,-0.5600,-1.3114754098360657%,down,
IBRN,iShares Trust iShares Neuroscience and Healthcare ETF,$22.1803,-0.2987,-1.3694736214714391%,down,
IBTF,iShares iBonds Dec 2025 Term Treasury ETF,$23.3500,0.0050,0.021408691928923144%,up,
IBTG,iShares iBonds Dec 2026 Term Treasury ETF,$22.8800,-0.0053,-0.023174464363795364%,down,
IBTH,iShares iBonds Dec 2027 Term Treasury ETF,$22.4000,-0.0150,-0.06705409029950826%,down,
IBTI,iShares iBonds Dec 2028 Term Treasury ETF,$22.2250,-0.0250,-0.1127141568981064%,down,
IBTJ,iShares iBonds Dec 2029 Term Treasury ETF,$21.7350,-0.0300,-0.13834447774959652%,down,
IBTK,iShares iBonds Dec 2030 Term Treasury ETF,$19.6100,-0.0200,-0.10224948875255624%,down,
IBTL,iShares iBonds Dec 2031 Term Treasury ETF,$20.2350,-0.0300,-0.1487357461576599%,down,
IBTM,iShares iBonds Dec 2032 Term Treasury ETF,$22.7000,-0.0600,-0.26536930561698363%,down,
IBTO,iShares iBonds Dec 2033 Term Treasury ETF,$24.1500,-0.0700,-0.29124193883919286%,down,
IBTP,iShares iBonds Dec 2034 Term Treasury ETF,$25.3077,-0.0800,-0.31746031746031744%,down,
IBUF,SHL Telemedicine Ltd Innovator International Developed 10 Buff,$27.4751,-0.0500,-0.1820830298616169%,down,
IBUY,Amplify ETF Trust Amplify Online Retail ETF,$66.9441,-0.4500,-0.6712410501193317%,down,
PXI,Invesco Dorsey Wright Energy Momentum ETF,$41.1000,-0.5700,-1.385512882839086%,down,
PXJ,Invesco Oil & Gas Services ETF,$23.4450,-0.1740,-0.7512304636905276%,down,
PY,Principal Value ETF,$48.0877,-0.4397,-0.9193436425829438%,down,
PYLD,PIMCO U.S. Treasury Index Fund PIMCO Multisector Bond Active E,$26.1800,-0.0200,-0.07665772326561901%,down,
PYPY,Tidal Trust II YieldMax PYPL Option Income Strategy ETF,$12.8000,-0.0200,-0.14970059880239522%,down,
PYZ,Invesco Dorsey Wright Basic Materials Momentum ETF,$88.1400,-0.8780,-0.9937747594793436%,down,
PZA,Invesco National AMT-Free Municipal Bond ETFo,$22.4000,-0.0400,-0.1786511835640911%,down,
PZT,Invesco New York AMT-Free Municipal Bond ETF,$21.4900,-0.0500,-0.2328830926874709%,down,
QABA,First Trust NASDAQ ABA Community Bank Index Fund,$52.7796,-0.9000,-1.7159199237368923%,down,
QAI,NYLI Hedge Multi-Strategy Tracker ETF,$31.8400,-0.1583,-0.4976156571324387%,down,
QARP,Xtrackers Russell 1000 US Quality at a Reasonable Price ETF ET,$52.0612,-0.3310,-0.6371511068334937%,down,
QAT,iShares MSCI Qatar ETF,$18.8300,0.0300,0.1583949313621964%,up,
QBER,Elevation Series Trust TrueShares Quarterly Bear Hedge ETF,$24.7800,-0.0400,-0.16168148746968472%,down,
QBIG,Invesco Top QQQ ETF,$30.4800,-0.1200,-0.3972194637537239%,down,
QBUF,Innovator Nasdaq-100 10 Buffer ETF Quarterly,$27.3200,0.0500,0.182882223847842%,up,
QBUL,Elevation Series Trust TrueShares Quarterly Bull Hedge ETF,$25.0950,-0.0384,-0.1531760088076205%,down,
QCAP,First Trust Exchange-Traded Fund VIII FT Vest Nasdaq-100 Conse,$22.3407,-0.0067,-0.030026934608507035%,down,
QCJL,First Trust Exchange-Traded Fund VIII FT Vest Nasdaq-100 Conse,$21.5696,-0.0321,-0.14902506963788298%,down,
QCLN,First Trust NASDAQ Clean Edge Green Energy Index Fund,$30.5000,-0.2000,-0.6489292667099286%,down,
QCLR,Global X Nasdaq 100 Collar 95-110 ETF,$29.4270,-0.2000,-0.6839945280437757%,down,
QCON,American Century ETF Trust American Century Quality Convertibl,$46.1812,-0.1295,-0.27996791719003017%,down,
QDCC,Global X Funds Global X S&P 500 Quality Dividend Covered Call ,$23.6252,-0.1712,-0.7269731673864209%,down,
QDEC,FT Vest Nasdaq-100 Buffer ETF - December,$28.1400,-0.1300,-0.46345811051693403%,down,
QDEF,FlexShares Quality Dividend Defensive Index Fund,$71.7000,-0.4727,-0.6623221769340383%,down,
QDF,FlexShares Quality Dividend Index Fund,$70.4700,-0.4100,-0.5845451953236385%,down,
QDIV,Global X S&P 500 Quality Dividend ETF,$33.4762,-0.3175,-0.9514819143516438%,down,
QDPL,Pacer Metaurus US Large Cap Dividend Multiplier 400 ETF,$38.1000,-0.0400,-0.10493179433368312%,down,
QDTE,Roundhill Innovation-100 0DTE Covered Call Strategy ETF,$34.0200,-0.1400,-0.41043682204632076%,down,
QDVO,Amplify ETF Trust Amplify CWP Growth & Income ETF,$26.2500,-0.1000,-0.37921880925293894%,down,
QEFA,SPDR MSCI EAFE StrategicFactors ETF,$85.0700,-0.9250,-1.093315997872466%,down,
QEMM,SPDR MSCI Emerging Markets StrategicFactors ETF,$61.0700,-0.1010,-0.165761270945824%,down,
QETH,Invesco Galaxy Ethereum ETF,$26.4800,-0.7000,-2.675840978593272%,down,
QFLR,Innovator ETFs Trust Innovator Nasdaq-100 Managed Floor ETF,$28.5300,0.0000,0%,unch,
QGRO,American Century U.S. Quality Growth ETF,$103.9500,-0.2800,-0.2676096721781516%,down,
QGRW,WisdomTree Trust WisdomTree U.S. Quality Growth Fund,$49.1900,-0.1600,-0.3261312678353037%,down,
QHDG,Innovator Hedged Nasdaq-100 ETF,$26.8300,0.0000,0%,unch,
QHY,WisdomTree U.S. High Yield Corporate Bond Fund,$45.3789,0.0067,0.014777075682888368%,up,
QID,ProShares UltraShort QQQ,$28.6700,0.2500,0.8689607229753216%,up,
QIG,WisdomTree U.S. Corporate Bond Fund,$43.9400,-0.1092,-0.24961996959756783%,down,
QINT,American Century Quality Diversified International ETF,$57.2328,-0.5500,-0.9640666082383875%,down,
QIS,Simplify Exchange Traded Funds Simplify Multi-QIS Alternative ,$22.2604,-0.2788,-1.245376739864563%,down,
QLC,FlexShares Trust FlexShares US Quality Large Cap Index Fund,$67.7500,-0.3100,-0.45919123092875125%,down,
QLD,ProShares Ultra QQQ,$105.1100,-0.9000,-0.8593526210254941%,down,
QLTA,iShares Aaa A Rated Corporate Bond ETF,$47.1000,-0.1200,-0.2557544757033248%,down,
QLTI,The 2023 ETF Series Trust II GMO International Quality ETF,$25.4518,-0.2491,-0.9814814814814815%,down,
QLTY,The 2023 ETF Series Trust II GMO U.S. Quality ETF,$32.3900,-0.1200,-0.3712871287128713%,down,
QLV,FlexShares US Quality Low Volatility Index Fund,$66.8855,-0.4419,-0.6641946620934082%,down,
QLVD,FlexShares Developed Markets ex-US Quality Low Volatility Inde,$31.1216,-0.2300,-0.7416962270235408%,down,
QLVE,FlexShares Emerging Markets  Quality Low Volatility Index Fund,$26.6268,-0.2367,-0.8890708514722065%,down,
QMAR,FT Vest Nasdaq-100 Buffer ETF - March,$29.9550,-0.0500,-0.16683350016683351%,down,
QMID,WisdomTree U.S. MidCap Quality Growth Fund,$25.8479,-0.3135,-1.2162240800729347%,down,
QMMY,First Trust Exchange-Traded Fund VIII FT Vest Nasdaq-100 Moder,$22.7900,-0.0050,-0.021958717610891524%,down,
QMOM,Alpha Architect U.S. Quantitative Momentum ETF,$61.2800,-0.4400,-0.7194244604316548%,down,
QNXT,iShares Nasdaq-100 ex Top 30 ETF,$25.2091,-0.2338,-0.9244760775009887%,down,
QOWZ,Invesco Nasdaq Free Cash Flow Achievers ETF,$33.6300,-0.2764,-0.8255675029868578%,down,
QPFF,American Century ETF Trust American Century Quality Preferred ,$34.7669,-0.1448,-0.4181333579747099%,down,
QPX,AdvisorShares Q Dynamic Growth ETF,$36.7700,-0.1656,-0.45140573634197795%,down,
QQA,Invesco QQQ Income Advantage ETF,$48.5500,-0.0100,-0.02075980900975711%,down,
QQEW,First Trust NASDAQ-100 Equal Weighted Index Fund,$130.1900,-0.7200,-0.5518933006285451%,down,
QQH,HCM Defender 100 Index ETF,$62.4100,-0.2472,-0.397363767882977%,down,
QQJG,Invesco ESG NASDAQ Next Gen 100 ETF,$23.5200,-0.1900,-0.8078231292517007%,down,
QQLV,Invesco QQQ Low Volatility ETF,$25.1314,-0.1631,-0.6508743505223755%,down,
QQMG,Invesco ESG NASDAQ 100 ETF,$35.4900,-0.1722,-0.4867459254108508%,down,
QQQ,Invesco QQQ Trust Series 1,$519.9300,-2.3100,-0.44516390125455285%,down,
QQQA,ProShares Nasdaq-100 Dorsey Wright Momentum ETF,$43.3100,-0.1500,-0.34554250172771256%,down,
QQQD,Direxion Daily Magnificent 7 Bear 1X Shares,$16.5900,0.0600,0.3599280143971205%,up,
QQQE,Direxion NASDAQ-100 Equal Weighted Index Shares,$93.7100,-0.5900,-0.6286627597229623%,down,
QQQG,Pacer Nasdaq 100 Top 50 Cash Cows Growth Leaders ETF,$21.8600,-0.1553,-0.7065514103730663%,down,
QQQH,NEOS Nasdaq-100 Hedged Equity Income ETF,$50.9700,0.0400,0.07836990595611286%,up,
QQQI,NEOS Nasdaq 100 High Income ETF,$50.3600,-0.1100,-0.21877486077963404%,down,
QQQJ,Invesco NASDAQ Next Gen 100 ETF,$30.8400,-0.2400,-0.7797270955165692%,down,
QQQM,Invesco NASDAQ 100 ETF,$214.0900,-0.9500,-0.4446316577740335%,down,
QQQP,Tradr 2X Long Innovation 100 Quarterly ETF,$26.4300,-0.2006,-0.7595607724346838%,down,
QQQS,Invesco Nasdaq Future Gen 200 ETF,$24.4000,-0.0500,-0.205761316872428%,down,
QQQT,Defiance Nasdaq 100 Income Target ETF,$17.5700,-0.0700,-0.39840637450199207%,down,
QQQU,Direxion Daily Magnificent 7 Bull 2X Shares,$40.1800,-0.4100,-1.0314465408805031%,down,
QQQY,Defiance Nasdaq 100 Enhanced Options & 0DTE Income ETF,$25.4300,-0.0400,-0.15704750687082844%,down,
QQXT,First Trust NASDAQ-100 Ex-Technology Sector Index Fund,$98.2500,-0.3800,-0.3863751906456533%,down,
QRFT,QRAFT AI-Enhanced U.S. Large Cap ETF,$53.9673,-0.2382,-0.44273200216347625%,down,
QRMI,Global X Nasdaq 100 Risk Managed Income ETF,$15.9800,0.0200,0.12547051442910917%,up,
QSIG,WisdomTree U.S. Short Term Corporate Bond Fund,$48.4150,-0.0300,-0.06202191440975812%,down,
QSIX,Pacer Metaurus Nasdaq 100 Dividend Multiplier 600 ETF,$33.0516,-0.1307,-0.3964209887776767%,down,
QSML,WisdomTree U.S. SmallCap Quality Growth Fund,$25.4613,-0.3074,-1.2084235850947989%,down,
QSPT,FT Vest Nasdaq-100 Buffer ETF - September,$28.4030,-0.1200,-0.4231311706629055%,down,
QTAP,Innovator Growth Accelerated Plus ETF - April,$40.5588,0.0098,0.024167694204685574%,up,
QTEC,First Trust NASDAQ-100-Technology Sector Index Fund,$193.6900,-1.9100,-0.9840288511076765%,down,
QTJA,Innovator ETFs Trust Innovator Growth Accelerated Plus ETF - J,$25.9018,-0.0728,-0.2815681178254278%,down,
QTJL,Innovator Growth Accelerated Plus ETF - July,$34.5048,-0.0828,-0.24068368118132663%,down,
QTOC,Innovator Growth Accelerated Plus ETF - October,$30.4385,-0.0771,-0.2538597548327193%,down,
QTOP,iShares Nasdaq Top 30 Stocks ETF,$26.5500,-0.0700,-0.2645502645502646%,down,
QTR,Global X Nasdaq 100 Tail Risk ETF,$31.3300,-0.1051,-0.33656124710192264%,down,
QTUM,Defiance Quantum ETF,$85.4700,-1.1300,-1.309841196244349%,down,
QUAL,iShares MSCI USA Quality Factor ETF,$176.8900,-1.1900,-0.674641419581609%,down,
QULL,ETRACS 2x Leveraged MSCI US Quality Factor TR ETN,$45.9906,-0.5791,-1.2659196334494836%,down,
QUS,SPDR MSCI USA StrategicFactors ETF,$158.5100,-0.9700,-0.6131479140328698%,down,
QUVU,Hartford Funds Exchange-Traded Trust Hartford Quality Value ET,$24.8700,-0.1861,-0.7520711254798949%,down,
QVAL,Alpha Architect U.S. Quantitative Value ETF,$43.7600,-0.4400,-1.0061742510862108%,down,
QVML,Invesco S&P 500 QVM Multi-factor ETF,$34.9713,-0.1834,-0.5262327302985524%,down,
QVMM,Invesco S&P MidCap 400 QVM Multi-factor ETF,$27.9561,-0.3132,-1.122616858608342%,down,
QVMS,Invesco S&P SmallCap 600 QVM Multi-factor ETF,$24.8838,-0.3281,-1.3238539846754118%,down,
QVOY,Q3 All-Season Active Rotation ETF Q3 All-Season Active Rotatio,$25.0892,-0.1573,-0.6292503400272021%,down,
QWLD,SPDR MSCI World StrategicFactors ETF,$131.9465,-1.0386,-0.7900381859396632%,down,
QXQ,SGI Enhanced Nasdaq-100 ETF,$26.7987,-0.1385,-0.5177279778703998%,down,
QYLD,Global X Nasdaq 100 Covered Call ETF,$16.3600,-0.0300,-0.18371096142069812%,down,
QYLG,Global X Nasdaq 100 Covered Call & Growth ETF,$26.7600,-0.0800,-0.299625468164794%,down,
RAAX,VanEck Real Assets ETF,$30.5449,-0.1850,-0.6064579577118505%,down,
RAFE,PIMCO RAFI ESG U.S. ETF,$36.3900,-0.2000,-0.5515719801434087%,down,
RATE,Global X Funds Global X Interest Rate Hedge ETF,$18.7534,0.1136,0.6009278410503542%,up,
RAVI,FlexShares Ultra-Short Income Fund,$75.3900,0.0370,0.049084963418436045%,up,
RAYC,Rayliant Quantamental China Equity ETF,$14.5081,0.0150,0.10397532318996291%,up,
RAYD,The Advisors' Inner Circle Fund III Rayliant Quantitative Deve,$34.5358,-0.0092,-0.026481831161055586%,down,
RAYE,Rayliant Quantamental Emerging Market ex-China Equity ETF,$24.5600,-0.0432,-0.17600325931961702%,down,
RAYJ,The Advisors' Inner Circle Fund III Rayliant SMDAM Japan Equit,$29.9250,-0.7238,-2.4526281547344735%,down,
RAYS,Global X Solar ETF,$8.2290,-0.0900,-1.098901098901099%,down,
RBLD,First Trust Alerian US NextGen Infrastructure ETF,$69.3858,-0.8771,-1.2692885992674565%,down,
RBUF,SHL Telemedicine Ltd Innovator U.S. Small Cap 10 Buffer ETF - ,$26.6539,-0.0911,-0.34196568331199956%,down,
RDFI,Rareview Dynamic Fixed Income ETF,$23.2850,-0.0635,-0.2733545990296988%,down,
RDIV,Invesco Exchange-Traded Fund Trust II Invesco S&P Ultra Divide,$46.9800,-0.3900,-0.8327994875080077%,down,
RDOG,ALPS ETF Trust ALPS REIT Dividend Dogs ETF,$35.6600,-0.2157,-0.6104878242066771%,down,
RDVI,FT Vest Rising Dividend Achievers Target Income ETF,$23.9300,-0.1500,-0.6284038542103058%,down,
RDVY,First Trust Rising Dividend Achievers ETF,$60.3100,-0.5000,-0.8311170212765958%,down,
REAI,Intelligent Real Estate ETF,$19.2809,-0.0297,-0.15537535966518443%,down,
RECS,Columbia Research Enhanced Core ETF,$34.9600,-0.2300,-0.6616800920598389%,down,
REET,iShares Trust iShares Global REIT ETF,$24.8300,0.0300,0.12190166598943519%,up,
REGL,ProShares S&P MidCap 400 Dividend Aristocrats ETF,$81.1400,-1.1700,-1.4508928571428572%,down,
REIT,ALPS Active REIT ETF,$26.7500,-0.0700,-0.2645502645502646%,down,
REK,ProShares Short Real Estate,$16.9871,0.0192,0.11206182077112539%,up,
REKT,Direxion Shares ETF Trust Direxion Daily Crypto Industry Bear ,$23.0200,0.4700,2.0532983835736127%,up,
REM,iShares Trust iShares Mortgage Real Estate ETF,$21.2900,0.0050,0.023674242424242424%,up,
REMX,VanEck Rare Earth and Strategic Metals ETF,$36.8300,-0.5100,-1.3961127840131398%,down,
RETL,Direxion Daily Retail Bull 3X Shares ETF,$7.3300,-0.0400,-0.5369127516778524%,down,
REVS,Columbia Research Enhanced Value ETF,$25.2600,-0.2399,-0.9542523697200886%,down,
REW,ProShares UltraShort Technology,$8.8800,0.0800,0.8968609865470852%,up,
REZ,iShares Residential and Multisector Real Estate ETF,$83.1800,-0.1600,-0.19419832503944653%,down,
RFCI,RiverFront Dynamic Core Income ETF,$22.2916,-0.0547,-0.24622669961693067%,down,
RFDA,RiverFront Dynamic US Dividend Advantage ETF,$54.8369,-0.3517,-0.6449861814874112%,down,
RFDI,First Trust RiverFront Dynamic Developed International ETF,$71.6778,-0.7100,-0.9967710234451775%,down,
RFEM,First Trust RiverFront Dynamic Emerging Markets ETF,$68.1300,-0.2867,-0.4214230487686568%,down,
RFEU,First Trust RiverFront Dynamic Europe ETF,$68.6894,-0.6870,-1.001122072774434%,down,
RFFC,ALPS Active Equity Opportunity ETF,$57.6660,-0.3839,-0.666856585013358%,down,
RFG,Invesco S&P MidCap 400 Pure Growth ETF,$47.5247,-0.5100,-1.0743627554244786%,down,
RFLR,Innovator U.S. Small Cap Managed Floor ETF,$24.3445,-0.1332,-0.5478911128112738%,down,
RFV,Invesco S&P MidCap 400 Pure Value ETF,$117.0146,-1.4127,-1.2117266525826067%,down,
RGEF,Tidal Trust III Rockefeller Global Equity ETF,$26.6593,-0.1765,-0.6638582766013464%,down,
RHRX,RH Tactical Rotation ETF,$15.6469,-0.0639,-0.40754630338282566%,down,
RHTX,RH Tactical Outlook ETF,$16.1053,-0.1126,-0.701478961860975%,down,
RIET,Hoya Capital High Dividend Yield ETF,$9.3700,-0.0445,-0.47849462365591394%,down,
RIGS,Riverfront Strategic Income Fund,$22.7803,0.0354,0.15493765291339687%,up,
RINC,Investment Managers Series Trust II AXS Real Estate Income ETF,$20.3137,-0.0063,-0.031283052034143215%,down,
RINF,ProShares Inflation Expectations ETF,$32.9700,0.0492,0.14855072463768118%,up,
RING,iShares MSCI Global Gold Miners ETF,$42.0700,0.4200,0.9959686981266302%,up,
RISN,Inspire Tactical Balanced ETF,$26.6585,-0.3101,-1.1697472651829497%,down,
RISR,FolioBeyond Alternative Income and Interest Rate Hedge ETF,$36.5800,-0.3000,-0.8149959250203749%,down,
RITA,ETF Series Solutions ETFB Green SRI REITs ETF,$19.2871,0.0606,0.3172675203920296%,up,
RJMG,First Trust Exchange-Traded Fund VIII FT Raymond James Multica,$22.8436,-0.0887,-0.38701345166258716%,down,
RLY,SPDR SSgA Multi Asset Real Return ETF,$28.5500,-0.2300,-0.8064516129032259%,down,
RMCA,Tidal Trust III Rockefeller California Municipal Bond ETF,$23.8218,-0.0546,-0.22844805944670382%,down,
RMIF,ETF Series Solutions LHA Risk-Managed Income ETF,$24.7185,0.0050,0.020177562550443905%,up,
RMNY,Tidal Trust III Rockefeller New York Municipal Bond ETF,$24.0100,-0.1599,-0.663758141311161%,down,
RMOP,Tidal Trust III Rockefeller Opportunistic Municipal Bond ETF,$24.3725,-0.0250,-0.1021659174499387%,down,
RND,First Trust Exchange-Traded Fund VI First Trust Bloomberg R&D ,$25.3620,-0.0650,-0.257526713444083%,down,
RNEM,Emerging Markets Equity Select ETF,$54.6300,-0.4500,-0.8250825082508251%,down,
RNEW,VanEck Green Infrastructure ETF,$24.6587,-0.1800,-0.7243460764587525%,down,
RNRG,Global X Renewable Energy Producers ETF,$9.2400,-0.0550,-0.6034009873834338%,down,
RNWZ,Listed Funds Trust TrueShares Eagle Global Renewable Energy In,$23.4796,-0.2010,-0.8640924449947124%,down,
ROAM,Hartford Multifactor Emerging Markets ETF,$25.2229,-0.0378,-0.15057361376673042%,down,
ROBO,Exchange Traded Concepts Trust ROBO Global Robotics and Automa,$56.7500,-0.4800,-0.8492569002123141%,down,
ROBT,First Trust Nasdaq Artificial Intelligence and Robotics ETF,$44.8500,-0.6300,-1.4078212290502794%,down,
RODE,Hartford Multifactor Diversified International ETF,$31.2189,-0.2743,-0.8803093759527592%,down,
RODM,Hartford Multifactor Developed Markets (ex-US) ETF,$33.6500,-0.2100,-0.625186067281929%,down,
ROE,Astoria US Equal Weight Quality Kings ETF,$30.7700,-0.2300,-0.7467532467532467%,down,
ROIS,Lattice Strategies Trust Hartford Multifactor International Sm,$55.3424,-0.3140,-0.5689343714271736%,down,
ROKT,SPDR S&P Kensho Final Frontiers ETF,$58.6980,-0.1906,-0.32582978897991%,down,
ROM,ProShares Ultra Technology,$64.0600,-0.5800,-0.9092334221664837%,down,
ROMO,Strategy Shares Newfound/ReSolve Robust Momentum ETF,$31.1634,-0.2222,-0.7155508324477506%,down,
RORO,ATAC US Rotation ETF,$14.5688,-0.0100,-0.0693000693000693%,down,
ROSC,Hartford Multifactor Small Cap ETF,$40.8405,-0.4686,-1.1542070922405065%,down,
ROUS,Hartford Multifactor U.S. Equity ETF,$52.0500,-0.2883,-0.5538904899135446%,down,
RPAR,RPAR Risk Parity ETF,$19.4985,-0.1532,-0.7912405743208347%,down,
RPG,Invesco S&P 500 Pure Growth ETF,$42.7300,-0.2700,-0.6292239571195526%,down,
RPHS,Two Roads Shared Trust Regents Park Hedged Market Strategy ETF,$10.0167,-0.0216,-0.2158187122816834%,down,
RPV,Invesco S&P 500 Pure Value ETF,$90.7400,-0.9500,-1.0536823425022184%,down,
RSBT,Return Stacked Bonds & Managed Futures ETF,$15.7900,-0.1400,-0.8922880815806248%,down,
RSHO,Tema ETF Trust Tema American Reshoring ETF,$37.5900,-0.4700,-1.2519978689397975%,down,
RSJN,First Trust Exchange-Traded Fund VIII FT Vest U.S. Equity Equa,$31.9600,-0.2500,-0.7831196982796427%,down,
RSMC,Tidal Trust III Rockefeller U.S. Small-Mid Cap ETF,$25.1800,-0.3394,-1.3432062023357698%,down,
RSP,Invesco S&P 500 Equal Weight ETF,$176.5000,-1.5100,-0.8576134491963424%,down,
RSPA,Invesco Actively Managed Exchange-Traded Fund Trus Invesco S&P,$48.7300,-0.2600,-0.5351996706463565%,down,
RSPC,Invesco S&P 500 Equal Weight Communication Services ETF,$36.1365,0.0524,0.14382170500082342%,up,
RSPD,Invesco S&P 500 Equal Weight Consumer Discretionary ETF,$51.5600,-0.6800,-1.3175741135438868%,down,
RSPE,Invesco ESG S&P 500 Equal Weight ETF,$26.5418,-0.2337,-0.8838880484114976%,down,
RSPF,Invesco S&P 500 Equal Weight Financial ETF,$73.0315,-0.7450,-1.0255704305330902%,down,
RSPG,Invesco S&P 500 Equal Weight Energy ETF,$72.6000,-0.8600,-1.1914657799944581%,down,
RSPH,Invesco S&P 500 Equal Weight Health Care ETF,$28.7700,-0.1500,-0.5250262513125656%,down,
RSPM,Invesco S&P 500 Equal Weight Materials ETF,$31.8600,-0.4300,-1.352626612142183%,down,
RSPN,Invesco S&P 500 Equal Weight Industrials Portfolio,$52.2800,-0.4200,-0.8059873344847438%,down,
RSPR,Invesco S&P 500 Equal Weight Real Estate ETF,$34.9734,-0.0507,-0.14634273063412298%,down,
RSPS,Invesco S&P 500 Equal Weight Consumer Staples ETF,$30.3800,-0.2700,-0.8955223880597015%,down,
RSPT,Invesco S&P 500 Equal Weight Technology ETF,$37.4400,-0.3500,-0.9325872635225153%,down,
RSPU,Invesco S&P 500 Equal Weight Utilities ETF,$71.1900,-1.1000,-1.554330931185531%,down,
RSSB,Tidal Trust II Return Stacked Global Stocks & Bonds ETF,$24.7300,-0.2550,-1.040391676866585%,down,
RSSE,First Trust Exchange-Traded Fund VIII FT Vest U.S. Equity Equa,$20.0190,-0.0923,-0.46178399715825225%,down,
RSSL,Global X Funds Global X Russell 2000 ETF,$80.9375,-0.9600,-1.189885969261279%,down,
RSST,Tidal Trust II Return Stacked U.S. Stocks & Managed Futures ET,$21.9000,-0.3000,-1.3805798435342844%,down,
RSSY,Tidal Trust II Return Stacked U.S. Stocks & Futures Yield ETF,$17.3925,0.0016,0.009224826313817061%,up,
RTAI,Rareview Tax Advantaged Income ETF,$20.3796,-0.1073,-0.5272727272727272%,down,
RTH,VanEck Retail ETF,$233.6500,-1.2600,-0.540470981855617%,down,
RTRE,Collaborative Investment Series Trust Rareview Total Return Bo,$24.7115,-0.0449,-0.1822255050771516%,down,
RULE,Adaptive Core ETF,$21.6340,-0.1045,-0.4838097354556145%,down,
RUNN,Running Oak Efficient Growth ETF,$33.0786,-0.3869,-1.1716041195405642%,down,
RVER,Advisor Managed Portfolios Trenchless Fund ETF,$29.6337,-0.2924,-0.9842632331902718%,down,
RVNU,Xtrackers Municipal Infrastructure Revenue Bond ETF,$23.9900,-0.0600,-0.25020850708924103%,down,
RVRB,Advisors Series Trust Reverb ETF,$30.7705,-0.1398,-0.4556447144561271%,down,
RWJ,Invesco Exchange-Traded Fund Trust II Invesco S&P SmallCap 600,$41.5900,-0.4900,-1.1818620356970573%,down,
RWK,Invesco Exchange-Traded Fund Trust II Invesco S&P MidCap 400 R,$112.7700,-1.2000,-1.0636411983690837%,down,
RWL,Invesco Exchange-Traded Fund Trust II Invesco S&P 500 Revenue ,$100.6600,-0.7600,-0.7588617074388417%,down,
RWM,ProShares Short Russell2000,$19.8800,0.2100,1.0531594784353058%,up,
RWO,SPDR DJ Wilshire Global Real Estate ETF,$44.3900,-0.0841,-0.19102392001072097%,down,
RWR,SPDR DJ Wilshire REIT ETF,$97.8900,-0.0100,-0.010328444536252842%,down,
RWX,SPDR DJ Wilshire Intl Real Estate,$26.7307,0.0100,0.03757985719654265%,up,
RXD,ProShares UltraShort Health Care,$12.6691,0.1496,1.1648731565259374%,up,
RXI,iShares Global Consumer Discretionary ETF,$190.2729,-2.0900,-1.1043009616400719%,down,
RXL,ProShares Ultra Health Care,$39.1965,-0.4409,-1.1398655635987591%,down,
RYLD,Global X Russell 2000 Covered Call ETF,$14.5200,-0.0700,-0.4824259131633357%,down,
RYLG,Global X Funds Global X Russell 2000 Covered Call & Growth ETF,$20.4719,-0.1391,-0.6806016303124602%,down,
RYSE,Vest 10 Year Interest Rate Hedge ETF,$23.7674,0.2011,0.8410777170867175%,up,
RZG,Invesco S&P SmallCap 600 Pure Growth ETF,$48.7098,-0.5929,-1.2220836639836752%,down,
RZV,Invesco S&P SmallCap 600 Pure Value ETF,$99.2258,-1.0599,-1.0745308115297896%,down,
SAA,ProShares Ultra SmallCap600,$20.7103,-0.5004,-2.4347402992336695%,down,
SAEF,Schwab Strategic Trust Schwab Ariel ESG ETF,$24.2704,-0.2212,-0.9144803750527107%,down,
SAGP,The Advisors' Inner Circle Fund III Strategas Global Policy Op,$31.2423,-0.2224,-0.7118326169130661%,down,
SAMM,The Advisors' Inner Circle Fund III Strategas Macro Momentum E,$25.8327,-0.1502,-0.5764153260469114%,down,
SAMT,The Advisors' Inner Circle Fund III Strategas Macro Thematic O,$32.2217,-0.0337,-0.10380473620659916%,down,
SARK,Tradr 1X Short Innovation Daily ETF,$44.9000,0.8400,1.8834080717488788%,up,
SATO,Invesco Alerian Galaxy Crypto Economy ETF,$17.4209,-0.7447,-4.226831040276075%,down,
SAUG,FT Vest U.S. Small Cap Moderate Buffer ETF - August,$22.8073,-0.1160,-0.5091292134831461%,down,
SAWG,ETF Series Solutions AAM Sawgrass US Large Cap Quality Growth ,$19.7016,-0.0668,-0.33977446706781755%,down,
SAWS,ETF Series Solutions AAM Sawgrass US Small Cap Quality Growth ,$19.4406,-0.2108,-1.0874050841862%,down,
SBB,ProShares Short SmallCap600,$15.6800,0.2307,1.4629877418495665%,up,
SBIO,ALPS Medical Breakthroughs ETF,$29.1400,-0.2200,-0.7793127878143818%,down,
SBIT,ProShares Trust ProShares UltraShort Bitcoin ETF,$7.3000,0.3700,5.20393811533052%,up,
SBND,Columbia Short Duration Bond ETF,$18.6200,-0.0050,-0.026903416733925208%,down,
SCAP,Infrastructure Capital Small Cap Income ETF,$32.2676,-0.3377,-1.043678743505982%,down,
SCC,ProShares UltraShort Consumer Discretionary,$9.1950,0.1599,1.7361563517915306%,up,
SCDL,ETRACS 2x Leveraged US Dividend Factor TR ETN,$35.1887,-0.6448,-1.8517295349137746%,down,
SCDS,JPMorgan Fundamental Data Science Small Core ETF,$51.2523,-0.5417,-1.0611518894850562%,down,
SCHA,Schwab U.S. Small-Cap ETF,$24.3000,-0.2400,-0.9900990099009902%,down,
SCHB,Schwab U.S. Broad Market ETF,$22.7300,-0.1400,-0.6181015452538633%,down,
SCHC,Schwab International Small-Cap Equity ETF,$40.2500,-0.1900,-0.4739336492890995%,down,
SCHD,Schwab US Dividend Equity ETF,$26.1900,-0.2300,-0.8832565284178188%,down,
SCHE,Schwab Emerging Markets Equity ETF,$29.0000,-0.1800,-0.6228373702422145%,down,
SCHF,Schwab International Equity ETF,$21.5600,-0.2100,-0.9776536312849162%,down,
SCHG,Schwab U.S. Large-Cap Growth ETF,$27.5900,-0.0900,-0.3271537622682661%,down,
SCHH,Schwab U.S. REIT ETF,$21.2700,-0.0300,-0.14238253440911247%,down,
SCHI,Schwab 5-10 Year Corporate Bond ETF,$22.3900,-0.0500,-0.22421524663677128%,down,
SCHJ,Schwab 1-5 Year Corporate Bond ETF,$24.6400,-0.0200,-0.08126777732629013%,down,
SCHK,Schwab 1000 Index ETF,$28.4700,-0.1500,-0.5289139633286319%,down,
ZHDG,ZEGA Buy and Hedge ETF,$20.4626,-0.0873,-0.42784679850033086%,down,
ZIG,The Acquirers Fund,$33.8454,-0.5303,-1.56350427804018%,down,
ZJUL,SHL Telemedicine Ltd Innovator Equity Defined Protection ETF -,$27.5825,-0.0669,-0.24300409728881528%,down,
ZNOV,Innovator ETFs Trust Innovator Equity Defined Protection ETF -,$25.4662,0.0115,0.045133437990580845%,up,
ZOCT,Innovator Equity Defined Protection ETF - 1 Yr October,$25.6063,-0.0320,-0.12507915165065395%,down,
ZROZ,PIMCO 25  Year Zero Coupon U.S. Treasury Index Exchange-Traded,$64.7200,-0.6200,-0.9746895142273228%,down,
ZSB,USCF ETF Trust USCF Sustainable Battery Metals Strategy Fund,$13.5350,-0.0900,-0.6646971935007386%,down,
ZSC,USCF ETF Trust USCF Sustainable Commodity Strategy Fund,$22.8501,-0.0099,-0.04284768297908254%,down,
ZSEP,Innovator Equity Defined Protection ETF - 1 Yr September,$25.4583,-0.0403,-0.1584979273347964%,down,
ZSL,ProShares UltraShort Silver,$30.4100,0.5200,1.6731016731016732%,up,
ZTAX,X-Square Municipal Income ETF,$24.8000,-0.1000,-0.40241448692152915%,down,
ZTEN,F/m 10-Year Investment Grade Corporate Bond ETF,$49.7368,-0.1356,-0.27378894829507827%,down,
ZTRE,F/m 3-Year Investment Grade Corporate Bond ETF,$50.7750,-0.0531,-0.1047285636802919%,down,
ZTWO,F/m 2-Year Investment Grade Corporate Bond ETF,$50.6028,-0.0346,-0.06842623612193319%,down,
ZVOL,Volatility Premium Plus ETF,$13.0250,-0.5800,-4.417364813404417%,down,
ZZZ,Cyber Hornet S&P 500 and Bitcoin 75/25 Strategy ETF,$27.6200,-0.4297,-1.5557566980448951%,down,
BIL,SPDR Bloomberg 1-3 Month T-Bill ETF,$91.7100,0.0100,0.010905125408942203%,up,-0.07%
BILD,Macquarie ETF Trust Macquarie Global Listed Infrastructure ETF,$26.7829,-0.2708,-1.0170548225599885%,down,4.56%
BILS,SPDR Bloomberg 3-12 Month T-Bill ETF,$99.4000,0.0100,0.01006036217303823%,up,0.07%
BILZ,PIMCO U.S. Treasury Index Fund PIMCO Ultra Short Government Ac,$101.2100,0.0100,0.009881422924901186%,up,0.12%
BINC,iShares Flexible Income Active ETF,$52.3400,0.0000,0%,unch,0.23%
BINV,Brandes International ETF,$35.3152,-0.4150,-1.1794798919994316%,down,13.03%
BIS,ProShares UltraShort Nasdaq Biotechnology,$18.2700,0.3000,1.5772870662460567%,up,4.62%
BITB,Bitwise Bitcoin ETF Common Shares of Beneficial Interest,$57.4500,-1.6800,-2.885606320851941%,down,56.04%
BITC,Bitwise Trendwise Bitcoin and Treasuries Rotation Strategy ETF,$48.1237,-1.3361,-2.740717948717949%,down,-6.25%
BITI,ProShares Short Bitcoin ETF,$20.0400,0.5400,2.727272727272727%,up,-46.85%
BITO,ProShares Bitcoin ETF,$22.2400,-0.6500,-2.886323268206039%,down,-18.73%
BITQ,Bitwise Crypto Industry Innovators ETF,$16.5100,-0.6000,-3.575685339690107%,down,34.67%
BITS,Global X Blockchain & Bitcoin Strategy ETF,$64.7022,-3.0714,-4.666008355488036%,down,-2.93%
BITU,ProShares Trust ProShares Ultra Bitcoin ETF,$51.4700,-3.0400,-5.751040484298146%,down,47.04%
BITX,Volatility Shares Trust 2x Bitcoin Strategy ETF,$53.9200,-3.8800,-7.015006327969625%,down,24.54%
BIV,Vanguard Intermediate-Term Bond ETF,$76.2100,-0.1700,-0.2239199157007376%,down,2.55%
BIZD,VanEck BDC Income ETF ,$16.1200,0.0000,0%,unch,-5.63%
BJAN,Innovator U.S. Equity Buffer ETF - January,$48.5200,-0.1257,-0.26015311159264615%,down,9.16%
BJK,VanEck Gaming ETF,$39.5500,-0.6300,-1.6112531969309463%,down,-1.29%
BJUL,Innovator U.S. Equity Buffer ETF - July,$44.9200,-0.1723,-0.3844463236623031%,down,8.92%
BJUN,Innovator U.S. Equity Buffer ETF - June,$42.3428,-0.1300,-0.3077651515151515%,down,10.84%
BKAG,BNY Mellon Core Bond ETF,$41.6100,-0.0500,-0.1205109664979513%,down,1.12%
BKCH,Global X Blockchain ETF,$42.4900,-2.8650,-6.607472324723247%,down,-6.27%
BKCI,BNY Mellon ETF Trust BNY Mellon Concentrated International ETF,$50.5900,-0.6042,-1.1972844115234165%,down,-1.93%
BKDV,BNY Mellon ETF Trust II BNY Mellon Dynamic Value ETF,$25.4500,-0.2100,-0.8297115764519953%,down,1.58%
BKEM,BNY Mellon Emerging Markets Equity ETF,$63.3697,-0.4184,-0.6617991319422475%,down,5.66%
BKF,iShares MSCI BIC ETF,$40.6250,-0.3598,-0.8918059442162741%,down,9.87%
BKGI,BNY Mellon ETF Trust BNY Mellon Global Infrastructure Income E,$37.7000,-0.4400,-1.1711471919084375%,down,24.34%
BKHY,BNY Mellon High Yield ETF,$47.6800,-0.0290,-0.06089750320236871%,down,1.24%
BKIE,BNY Mellon International Equity ETF,$83.6900,-0.9500,-1.1388156317429872%,down,10.17%
BKIV,BNY Mellon Innovators ETF,$34.7397,-0.2271,-0.656737998843262%,down,7.06%
BKLC,BNY Mellon US Large Cap Core Equity ETF,$113.0000,-0.5800,-0.5154181107260285%,down,11.76%
BKLN,Invesco Senior Loan ETF,$20.8300,0.0200,0.09606147934678194%,up,-1.28%
BKMC,BNY Mellon US Mid Cap Core Equity ETF,$98.8490,-0.8960,-0.9077646295996111%,down,4.16%
BKSE,BNY Mellon US Small Cap Core Equity ETF,$95.6985,-1.1858,-1.2433900992258433%,down,2.01%
BKUI,BNY Mellon Ultra Short Income ETF,$49.8000,0.0050,0.010043185698503565%,up,0.43%
BKWO,BNY Mellon Women's Opportunities ETF,$34.8700,-0.1769,-0.5079669548687585%,down,9.84%
BLCN,Siren Nasdaq NexGen Economy ETF,$20.7700,-0.7200,-3.4985422740524785%,down,-24.34%
BLCR,iShares Large Cap Core Active ETF,$33.9934,-0.0773,-0.22807271182289993%,down,9.33%
BLCV,iShares Large Cap Value Active ETF,$33.0300,-0.2201,-0.6683874886122076%,down,6.87%
BLDG,Cambria Global Real Estate ETF,$24.4350,0.1531,0.6312386873863586%,up,1.69%
BLES,Inspire Global Hope ETF,$39.6800,-0.3308,-0.8366719274816883%,down,5.52%
BLOK,Amplify Transformational Data Sharing ETF,$48.9300,-1.0900,-2.208265802269044%,down,45.69%
BLV,Vanguard Long-Term Bond ETF,$67.7600,-0.2900,-0.4312908982748364%,down,-3.15%
BMAR,Innovator U.S. Equity Buffer ETF - March,$47.2703,-0.0200,-0.042265426880811495%,down,12.13%
BMAY,Innovator U.S. Equity Buffer ETF - May,$41.0066,-0.1532,-0.37493881546744984%,down,9.85%
BMDL,VictoryShares WestEnd Economic Cycle Bond ETF,$24.8500,-0.0750,-0.30284675953967294%,down,-1.12%
BMED,iShares Health Innovation Active ETF,$24.0593,-0.1125,-0.4717970224365695%,down,-3.55%
BMVP,Invesco Bloomberg MVP Multi-factor ETF,$47.7995,-0.2535,-0.5315969928596144%,down,9.53%
BND,Vanguard Total Bond Market ETF,$72.6300,-0.1600,-0.22108608539450048%,down,1.46%
BNDC,FlexShares Core Select Bond Fund,$21.9300,-0.0202,-0.09223744292237443%,down,1.09%
BNDD,Quadratic Deflation ETF,$12.4415,-0.0449,-0.361761269790114%,down,-15.80%
BNDI,NEOS ETF Trust NEOS Enhanced Income Aggregate Bond ETF,$46.5200,-0.0853,-0.18399482312338222%,down,-0.25%
BNDW,Vanguard Total World Bond ETF,$68.7800,-0.0800,-0.11661807580174928%,down,1.61%
BNDX,Vanguard Total International Bond ETF,$49.3800,0.0200,0.04056795131845842%,up,1.75%
BNGE,First Trust S-Network Streaming and Gaming ETF,$33.0168,-0.0247,-0.07445320600930816%,down,34.45%
BNKD,Bank Of Montreal MicroSectors  U.S. Big Banks -3  Inverse Leve,$24.2401,0.6320,2.5789181601540823%,up,-8.53%
BNKU,Bank Of Montreal MicroSectors  U.S. Big Banks 3  Leveraged ETN,$17.5700,-0.4900,-2.8048082427017746%,down,-24.72%
BNO,United States Brent Oil Fund LP ETV,$27.1400,0.1700,0.6195335276967929%,up,-12.89%
BNOV,Innovator U.S. Equity Buffer ETF - November,$39.7461,-0.1328,-0.33483184028924623%,down,7.14%
BOAT,SonicShares Global Shipping ETF,$29.1800,-0.6564,-2.267357512953368%,down,-24.35%
BOCT,Innovator U.S. Equity Buffer ETF - October,$43.7184,-0.1646,-0.3776147411985483%,down,5.98%
BOIL,ProShares Ultra Bloomberg Natural Gas,$50.4700,-6.3100,-12.27626459143969%,down,-47.90%
BOND,PIMCO Active Bond Exchange-Traded Fund Exchange-Traded Fund,$90.7500,-0.1600,-0.17679558011049723%,down,0.33%
BOTT,Themes Robotics & Automation ETF,$28.8800,-0.1861,-0.6456313205779806%,down,4.33%
BOTZ,Global X Robotics & Artificial Intelligence ETF,$31.3100,-0.4300,-1.3835263835263836%,down,-1.49%
BOUT,Innovator IBD Breakout Opportunities ETF,$34.9365,-0.1342,-0.3828182497618084%,down,-1.00%
BOXX,EA Series Trust Alpha Architect 1-3 Month Box ETF,$112.2800,0.0200,0.017815784785319793%,up,4.60%
BPAY,iShares FinTech Active ETF,$27.8375,-0.1791,-0.6438485679671857%,down,16.47%
BRAZ,Global X Funds Global X Brazil Active ETF,$23.3062,-0.1806,-0.7742898056129581%,down,-7.18%
BRF,VanEck Brazil Small-Cap ETF,$14.5922,-0.1047,-0.7178460504754788%,down,-2.62%
BRHY,iShares High Yield Active ETF,$51.1200,-0.0253,-0.04955440211536578%,down,1.40%
BRLN,iShares Floating Rate Loan Active ETF,$51.7100,0.0450,0.08688097306689835%,up,-1.75%
BRNY,Burney U.S. Factor Rotation ETF,$42.7500,-0.2500,-0.5830223880597014%,down,16.93%
BRRR,Coinshares Valkyrie Bitcoin Fund,$29.8600,-0.8600,-2.84297520661157%,down,56.01%
BRTR,iShares Total Return Active ETF,$49.7300,-0.1300,-0.26241421073879695%,down,-0.46%
BRZU,Direxion Daily Brazil Bull 2X Shares,$59.3700,-1.2300,-2.069313593539704%,down,-20.06%
BSCP,Invesco BulletShares 2025 Corporate Bond ETF,$20.6700,0.0000,0%,unch,1.17%
BSCQ,Invesco BulletShares 2026 Corporate Bond ETF,$19.4850,0.0000,0%,unch,1.83%
BSCR,Invesco BulletShares 2027 Corporate Bond ETF,$19.5700,-0.0100,-0.05109862033725089%,down,2.25%
BSCS,Invesco BulletShares 2028 Corporate Bond ETF,$20.3500,-0.0100,-0.049164208456243856%,down,2.57%
BSCT,Invesco BulletShares 2029 Corporate Bond ETF,$18.5400,-0.0200,-0.1079913606911447%,down,2.77%
BSCU,Invesco BulletShares 2030 Corporate Bond ETF,$16.5900,-0.0300,-0.18126888217522658%,down,2.80%
BSCV,Invesco BulletShares 2031 Corporate Bond ETF,$16.2800,-0.0400,-0.24630541871921185%,down,2.69%
BSCW,Invesco BulletShares 2032 Corporate Bond ETF,$20.3000,-0.0400,-0.19762845849802374%,down,1.96%
BSCX,Invesco BulletShares 2033 Corporate Bond ETF,$20.8100,-0.0400,-0.1927710843373494%,down,1.57%
BSCY,Invesco BulletShares 2034 Corporate Bond ETF,$20.3400,-0.0450,-0.22211253701875616%,down,0.22%
BSEP,Innovator U.S. Equity Buffer ETF - September,$43.4585,-0.1539,-0.3552213382081057%,down,8.36%
BSJP,Invesco BulletShares 2025 High Yield Corporate Bond ETF,$23.0700,0.0000,0%,unch,0.65%
BSJQ,Invesco BulletShares 2026 High Yield Corporate Bond ETF,$23.2751,-0.0150,-0.06446067898581866%,down,1.15%
BSJR,Invesco BulletShares 2027 High Yield Corporate Bond ETF,$22.5500,-0.0300,-0.13303769401330376%,down,2.38%
BSJS,Invesco BulletShares 2028 High Yield Corporate Bond ETF,$21.8083,-0.0200,-0.09186954524575104%,down,1.82%
BSJT,Invesco BulletShares 2029 High Yield Corporate Bond ETF,$21.1719,-0.0450,-0.21286660359508042%,down,1.04%
BSJU,Invesco BulletShares 2030 High Yield Corporate Bond ETF,$25.6055,-0.0050,-0.019554165037152915%,down,0.81%
BSJV,Invesco BulletShares 2031 High Yield Corporate Bond ETF,$26.1500,-0.0434,-0.166156202143951%,down,1.01%
BSJW,Invesco BulletShares 2032 High Yield Corporate Bond ETF,$25.1800,-0.0350,-0.13913734843967404%,down,-0.07%
BSMC,Brandes U.S. Small-Mid Cap Value ETF,$30.6620,-0.2551,-0.8353827664235728%,down,5.19%
BSMP,Invesco BulletShares 2025 Municipal Bond ETF,$24.4750,-0.0100,-0.04088307440719542%,down,0.95%
BSMQ,Invesco BulletShares 2026 Municipal Bond ETF,$23.5250,0.0300,0.1274968125796855%,up,0.56%
BSMR,Invesco BulletShares 2027 Municipal Bond ETF,$23.3500,-0.0200,-0.08576329331046312%,down,-0.13%
BSMS,Invesco BulletShares 2028 Municipal Bond ETF,$23.1250,-0.0150,-0.06492101276779917%,down,-0.11%
BSMT,Invesco BulletShares 2029 Municipal Bond ETF,$22.6050,-0.0200,-0.08849557522123894%,down,-0.88%
BSMU,Invesco BulletShares 2030 Municipal Bond ETF,$21.3850,-0.0125,-0.05850690381465013%,down,-1.18%
BSMV,Invesco BulletShares 2031 Municipal Bond ETF,$20.4900,-0.0251,-0.12264902344990693%,down,-1.61%
BSMW,Invesco BulletShares 2032 Municipal Bond ETF,$24.3150,-0.0400,-0.16488046166529266%,down,-2.77%
BSMY,Invesco BulletShares 2034 Municipal Bond ETF,$23.6300,-0.0500,-0.21213406873143828%,down,-6.28%
BSR,Northern Lights Fund Trust II Beacon Selective Risk ETF,$27.7156,-0.1359,-0.49136939842501465%,down,1.21%
BSSX,Invesco BulletShares 2033 Municipal Bond ETF,$24.9100,0.0100,0.04020908725371934%,up,-2.74%
BSTP,Innovator ETFs Trust Innovator Buffer Step-Up Strategy ETF,$33.5198,-0.0777,-0.23237035707877265%,down,8.94%
BSV,Vanguard Short-Term Bond ETF,$78.2300,-0.0600,-0.0768245838668374%,down,2.48%
BSVO,EA Bridgeway Omni Small-Cap Value ETF,$19.6149,-0.2302,-1.179919835159766%,down,-6.20%
BTAL,AGF U.S. Market Neutral Anti-Beta Fund,$19.0200,0.0900,0.4697286012526096%,up,0.47%
BTC,Grayscale Bitcoin Mini Trust (BTC) Common units of fractional ,$46.7700,-1.3200,-2.7842227378190256%,down,63.77%
BTCL,T-Rex 2X Long Bitcoin Daily Target ETF,$52.6700,-3.1700,-5.858436518203659%,down,119.42%
BTCO,Invesco Galaxy Bitcoin ETF Common Shares of Beneficial Interes,$105.3900,-3.0600,-2.8662420382165603%,down,56.06%
BTCW,WisdomTree Bitcoin Fund Common Shares of Beneficial Interest,$112.0500,-3.3500,-2.9567519858781997%,down,55.93%
BTCZ,T-Rex 2X Long Bitcoin Daily Target ETF,$3.6400,0.1700,4.80225988700565%,up,-86.05%
BTF,CoinShares Valkyrie Bitcoin and Ether Strategy ETF,$13.4900,-0.4000,-2.962962962962963%,down,-36.83%
BTFX,CoinShares Valkyrie Bitcoin Futures Leveraged Strategy ETF,$52.3700,-3.0702,-5.7194485842026825%,down,42.35%
BTGD,STKd 100% Bitcoin & 100% Gold ETF,$35.7400,-1.1300,-3.1537817471392686%,down,76.12%
BTOP,Bitwise Trendwise BTC/ETH and Treasuries Rotation Strategy ETF,$34.0798,-0.8934,-2.6265346441507127%,down,-36.07%
BTR,Northern Lights Fund Trust II Beacon Tactical Risk ETF,$23.4509,-0.0661,-0.28314171649846653%,down,-4.56%
BTRN,Global X Funds Global X Bitcoin Trend Strategy ETF,$39.1636,-1.0579,-2.6642724564244507%,down,32.42%
BUCK,Simplify Treasury Option Income ETF,$23.4684,0.0000,0%,unch,-5.19%
BUFB,Innovator ETFs Trust Innovator Laddered Allocation Buffer ETF,$32.6250,-0.0552,-0.16937710954280452%,down,8.62%
BUFC,AB Conservative Buffer ETF,$39.0400,-0.0450,-0.11534025374855825%,down,5.25%
BUFD,FT Vest Laddered Deep Buffer ETF,$25.7800,-0.1300,-0.5064277366575769%,down,7.05%
BUFF,Innovator Laddered Allocation Power Buffer ETF,$45.6600,-0.1500,-0.32938076416337286%,down,7.58%
BUFG,FT Vest Buffered Allocation Growth ETF,$24.7300,-0.0400,-0.16214025131738954%,down,7.87%
BUFP,PGIM Laddered S&P 500 Buffer 12 ETF,$27.0942,-0.0603,-0.22284225503058078%,down,7.85%
BUFR,FT Vest Laddered Buffer ETF,$30.7700,-0.1300,-0.423866970981415%,down,7.65%
BUFS,First Trust Exchange-Traded Fund VIII FT Vest Laddered Small C,$20.5100,-0.1303,-0.6365506089488365%,down,2.52%
BUFT,FT Vest Buffered Allocation Defensive ETF,$23.0825,-0.0312,-0.1353649647704002%,down,6.36%
BUFZ,FT Vest Laddered Moderate Buffer ETF,$24.2500,-0.1100,-0.4552980132450331%,down,6.90%
BUG,Global X Cybersecurity ETF,$34.4900,-0.8200,-2.3549684089603677%,down,20.11%
BUL,Pacer US Cash Cows Growth ETF,$47.4907,-0.4952,-1.0397943928373452%,down,11.60%
BULD,Pacer BlueStar Engineering the Future ETF,$21.4691,-0.3375,-1.5675801207617277%,down,-5.49%
BULZ,MicroSectors FANG & Innovation 3X Leveraged ETN,$138.4900,-1.1600,-0.8359757855289708%,down,-1.34%
BUSA,Brandes U.S. Value ETF,$32.1600,-0.3000,-0.9366219169528567%,down,7.69%
BUXX,EA Series Trust Strive Enhanced Income Short Maturity ETF,$20.2800,-0.0200,-0.09828009828009827%,down,0.20%
BUYO,KraneShares Trust KraneShares Man Buyout Beta Index ETF,$23.9881,-0.2259,-0.9444888095427236%,down,-4.50%
BUYW,Northern Lights Fund Trust IV Main BuyWrite ETF,$13.9000,-0.0600,-0.4344677769732078%,down,0.58%
BUYZ,Franklin Disruptive Commerce ETF,$38.5939,-0.0258,-0.06659886317289375%,down,26.85%
BUZZ,VanEck Social Sentiment ETF,$26.7660,-0.1900,-0.7026627218934911%,down,28.46%
BWEB,Bitwise Funds Trust Bitwise Web3 ETF,$59.0422,-0.6200,-1.042991434012287%,down,37.61%
BWET,Amplify Commodity Trust Breakwave Tanker Shipping ETF,$10.5500,0.0704,0.6691760769552488%,up,-42.85%
BWTG,ETF Opportunities Trust Brendan Wood TopGun Index ETF,$35.2804,-0.0681,-0.19348129964883568%,down,10.16%
BWX,SPDR Bloomberg International Treasury Bond ETF,$22.9800,-0.0900,-0.3943908851884312%,down,5.16%
BWZ,SPDR Bloomberg Short Term International Treasury Bond ETF,$27.6100,0.0700,0.25353132922854044%,up,5.95%
BYLD,iShares Yield Optimized Bond ETF,$22.3100,-0.0409,-0.18391032011187503%,down,0.81%
BYRE,Principal Exchange-Traded Funds Principal Real Estate Active O,$25.3043,-0.1407,-0.5589321892503873%,down,12.06%
BZQ,ProShares UltraShort MSCI Brazil Capped,$11.9750,0.2210,1.846282372598162%,up,-8.12%
CA,Xtrackers California Municipal Bonds ETF,$24.2300,0.0100,0.04118616144975288%,up,
CAAA,First Trust Exchange-Traded Fund IV First Trust Commercial Mor,$20.2467,-0.0146,-0.07213438735177866%,down,1.30%
CAFG,Pacer US Small Cap Cash Cows Growth Leaders ETF,$24.0500,-0.1968,-0.8210879415225173%,down,-0.78%
CAFX,Professionally Managed Portfolios Congress Intermediate Bond E,$24.7200,-0.0514,-0.20785649005604848%,down,-1.44%
CALF,Pacer US Small Cap Cash Cows ETF,$38.7700,-0.3400,-0.8783260139498837%,down,-16.16%
CALI,iShares Short-Term California Muni Active ETF,$50.3100,0.0200,0.039761431411530816%,up,0.34%
CAML,Professionally Managed Portfolios Congress Large Cap Growth ET,$34.7100,-0.2213,-0.636492017245396%,down,11.05%
CAMX,The Advisors Inner Circle Fund Cambiar Aggressive Value ETF,$30.0368,-0.1750,-0.584408645240576%,down,2.12%
CANC,Tema Oncology ETF,$24.3000,-0.0809,-0.34353754495925537%,down,-12.00%
CANE,Teucrium Sugar Fund ETV,$11.3275,-0.1403,-1.2443458980044346%,down,-2.47%
CANQ,Calamos Nasdaq Equity & Income ETF,$27.6951,-0.0907,-0.3282640009844301%,down,8.72%
CAOS,EA Series Trust Alpha Architect Tail Risk ETF,$88.6300,-0.0900,-0.10158013544018059%,down,4.98%
CAPE,DoubleLine ETF Trust DoubleLine Shiller CAPE U.S. Equities ETF,$30.9600,-0.1517,-0.4916019352977967%,down,13.75%
CARD,Bank Of Montreal MAX Auto Industry -3x Inverse Leveraged ETN,$4.1211,0.0584,1.4461172741679873%,up,-74.71%
CARK,The Advisors Inner Circle Fund II CastleArk Large Growth ETF,$38.4128,-0.0191,-0.04972533909557158%,down,2.63%
CARU,Bank Of Montreal MAX Auto Industry 3x Leveraged ETN,$27.9573,-0.2334,-0.813404799576221%,down,59.41%
CARY,Angel Oak Income ETF,$20.6700,0.0000,0%,unch,
CARZ,First Trust S-Network Electric & Future Vehicle Ecosystem ETF,$58.5700,-0.5200,-0.8904109589041096%,down,
CATF,American Century ETF Trust American Century California Municip,$48.4650,-0.0550,-0.11355424796118509%,down,
CATH,Global X S&P 500 Catholic Values ETF,$72.2300,-0.3800,-0.52821795941062%,down,
CBLS,Elevation Series Trust Clough Hedged Equity ETF,$28.1374,-0.1582,-0.5589118530295001%,down,
CBON,VanEck China Bond ETF,$22.3550,-0.0150,-0.0671742051052396%,down,
CBSE,Elevation Series Trust Clough Select Equity ETF,$33.9546,-0.2661,-0.7829533317444766%,down,
CCEF,Calamos ETF Trust Calamos CEF Income & Arbitrage ETF,$27.6165,-0.0413,-0.15018181818181822%,down,
CCMG,EA Series Trust CCM Global Equity ETF,$28.4600,-0.2300,-0.8107155445893549%,down,
CCNR,ALPS/CoreCommodity Natural Resources ETF,$24.9795,-0.1501,-0.6022621947060312%,down,
CCOR,Core Alternative ETF,$26.9926,-0.2577,-0.9569253620497586%,down,
CCRV,iShares U.S. ETF Trust iShares Commodity Curve Carry Strategy ,$19.1550,-0.0354,-0.1830914526289657%,down,
CCSB,Carbon Collective Short Duration Green Bond ETF,$20.2500,-0.0300,-0.14763779527559054%,down,
CCSO,Carbon Collective Climate Solutions U.S. Equity ETF,$21.5959,0.0100,0.04608294930875576%,up,
CDC,VictoryShares US EQ Income Enhanced Volatility Wtd ETF,$62.7800,-0.7200,-1.156440732412464%,down,
CDEI,Morgan Stanley ETF Trust Calvert US Large-Cap Diversity Equit,$71.1250,-0.2731,-0.3855961279428002%,down,
CDL,VictoryShares US Large Cap High Div Volatility Wtd ETF,$65.4100,-0.7400,-1.1388119421360419%,down,
CDX,Simplify High Yield ETF,$23.1100,-0.0700,-0.30395136778115506%,down,
CEF,Sprott Physical Gold and Silver Trust Units,$29.2600,-0.1400,-0.4820936639118458%,down,
CEFA,Global X S&P Catholic Values Developed ex-U.S. ETF,$33.9284,-0.4177,-1.2356781734327715%,down,
CEFD,ETRACS Monthly Pay 1.5X Leveraged Closed-End Fund Index ETN,$18.5606,-0.1015,-0.5511032925028234%,down,
CEFS,Saba Closed-End Funds ETF,$21.6500,-0.0200,-0.09140767824497258%,down,
CEMB,iShares J.P. Morgan EM Corporate Bond ETF,$44.8800,-0.0700,-0.15638963360142988%,down,
CEPI,REX Crypto Equity Premium Income ETF,$37.7800,-0.4600,-1.1722731906218145%,down,
CERY,SPDR Series Trust SPDR Bloomberg Enhanced Roll Yield Commodity,$26.5000,-0.1200,-0.4507888805409466%,down,
CETH,21Shares Core Ethereum ETF,$13.2550,-0.3500,-2.67175572519084%,down,
CEW,WisdomTree Emerging Currency Strategy Fund,$18.3975,0.0095,0.05180075792687914%,up,
CFA,VictoryShares US 500 Volatility Wtd ETF,$85.5300,-0.9200,-1.0786727635127211%,down,
CFO,VictoryShares US 500 Enhanced Volatility Wtd ETF,$69.4500,-0.7500,-1.084755568411918%,down,
CGBL,Capital Group Core Balanced ETF,$32.1800,-0.0800,-0.24953212726138488%,down,
CGCB,Capital Group Core Bond ETF,$26.0300,-0.0400,-0.15426147319706904%,down,
CGCP,Capital Group Core Plus Income ETF,$22.2300,-0.0200,-0.09025270758122744%,down,
CGCV,Capital Group Conservative Equity ETF,$27.6100,-0.1100,-0.39985459832788073%,down,
CGDG,Capital Group Dividend Growers ETF,$32.5900,-0.2200,-0.6777572396796057%,down,
CGDV,Capital Group Dividend Value ETF,$37.0500,-0.2000,-0.541858574911948%,down,
CGGE,Capital Group Global Equity ETF,$28.0250,-0.2100,-0.7513416815742398%,down,
CGGO,Capital Group Global Growth Equity ETF,$30.4900,-0.2400,-0.7902535396773132%,down,
CGGR,Capital Group Growth ETF,$38.2500,-0.0900,-0.23603461841070023%,down,
CGHM,Capital Group Municipal High-Income ETF,$24.6000,0.0000,0%,unch,
CGIB,Capital Group International Bond ETF (USD-Hedged),$25.6800,-0.0200,-0.07782101167315175%,down,
CGIC,Capital Group International Core Equity ETF,$28.3700,-0.2250,-0.7957559681697614%,down,
CGIE,Capital Group International Equity ETF,$32.3400,-0.3500,-1.085944771951598%,down,
CGMS,Capital Group U.S. Multi-Sector Income ETF,$27.2600,0.0000,0%,unch,
CGMU,Capital Group Municipal Income ETF,$26.6400,-0.0100,-0.037565740045078885%,down,
CGNG,Capital Group New Geography Equity ETF,$27.4500,-0.1350,-0.4942339373970346%,down,
CGRO,Tidal Trust II CoreValues Alpha Greater China Growth ETF,$25.8416,-0.5876,-2.303293050530549%,down,
CGSD,Capital Group Short Duration Income ETF,$25.8800,-0.0100,-0.03868471953578336%,down,
CGSM,Capital Group Short Duration Municipal Income ETF,$26.0400,0.0150,0.057670126874279116%,up,
CGUI,Capital Group Ultra Short Income ETF,$25.2500,-0.0050,-0.019801980198019802%,down,
CGUS,Capital Group Core Equity ETF,$35.0600,-0.1400,-0.4006868918145393%,down,
CGV,Two Roads Shared Trust Conductor Global Equity Value ETF,$13.3600,-0.0241,-0.18098664003184164%,down,
CGW,Invesco S&P Global Water Index ETF,$61.0600,-0.9200,-1.5221707478491067%,down,
CGXU,Capital Group International Focus Equity ETF,$26.5100,-0.2700,-1.0219530658591975%,down,
CHAT,Roundhill Generative AI & Technology ETF,$42.2000,-0.2091,-0.49233710611265596%,down,
CHAU,Direxion Daily CSI 300 China A Share Bull 2X Shares,$14.0200,-0.1000,-0.7199424046076314%,down,
CHGX,Stance Sustainable Beta ETF,$24.7200,-0.1900,-0.7698541329011346%,down,
CHIQ,Global X MSCI China Consumer Discretionary ETF,$21.5700,-0.3900,-1.8431001890359169%,down,
CHPS,Xtrackers Semiconductor Select Equity ETF,$30.3200,-0.1400,-0.4654255319148937%,down,
CIBR,First Trust Nasdaq Cybersecurity ETF,$71.0300,-1.0300,-1.4423750175045513%,down,
CIL,VictoryShares International Volatility Wtd ETF,$49.4200,-0.4404,-0.8972757778325615%,down,
CLDL,Direxion Daily Cloud Computing Bull 2X Shares,$13.4019,-0.0883,-0.6608440542745309%,down,
CLIP,Global X Funds Global X 1-3 Month T-Bill ETF,$100.3800,0.0100,0.00996412913511359%,up,
CLIX,ProShares Long Online/Short Stores ETF,$49.7873,0.0411,0.08317918537017772%,up,
CLOA,iShares AAA CLO Active ETF,$51.8600,0.0400,0.07716049382716049%,up,
CLOB,VanEck ETF Trust VanEck AA-BB CLO ETF,$50.7100,0.0571,0.11303013807096551%,up,
CLOD,Themes Cloud Computing ETF,$32.6378,-0.3771,-1.1485395790820212%,down,
CLOI,VanEck ETF Trust VanEck CLO ETF,$52.9800,0.0100,0.0188821752265861%,up,
CLOU,Global X Cloud Computing ETF,$22.7600,-0.0400,-0.17605633802816903%,down,
CLOX,Eldridge AAA CLO ETF,$25.5200,0.0099,0.03871739819084158%,up,
CLOZ,Eldridge BBB-B CLO ETF,$26.9100,-0.0100,-0.03718854592785422%,down,
CLSE,Trust for Professional Managers Convergence Long/Short Equity ,$22.9100,0.0000,0%,unch,
CLSM,Cabana Target Leading Sector Moderate ETF,$20.7900,-0.0852,-0.4108003857280617%,down,
CMBS,iShares CMBS Bond ETF,$48.2400,0.0600,0.12466237274049449%,up,
CMCI,VanEck ETF Trust VanEck CMCI Commodity Strategy ETF,$24.4384,-0.1650,-0.6733319730667211%,down,
CMDT,PIMCO U.S. Treasury Index Fund PIMCO Commodity Strategy Active,$25.5000,-0.1500,-0.5875440658049353%,down,
CMDY,iShares Bloomberg Roll Select Commodity Strategy ETF,$49.6300,-0.5250,-1.0575083089938564%,down,
CMF,iShares California Muni Bond ETF,$55.6800,-0.0100,-0.017959770114942528%,down,
CNBS,Amplify Seymour Cannabis ETF,$16.4310,0.0290,0.1767032056398789%,up,
CNEQ,The Alger ETF Trust Alger Concentrated Equity ETF,$27.2800,-0.0297,-0.10914462949624425%,down,
CNRG,SPDR S&P Kensho Clean Power ETF,$55.4338,-0.2471,-0.43732268609221825%,down,
CNXT,VanEck ChiNext ETF,$26.6089,-0.1933,-0.73693400380476%,down,
CNYA,iShares MSCI China A ETF,$28.0200,-0.0700,-0.25152712899748475%,down,
COAL,Exchange Traded Concepts Trust Range Global Coal Index ETF,$17.1300,-0.0841,-0.486267707429893%,down,
COM,Direxion Auspice Broad Commodity Strategy ETF,$28.3100,-0.0592,-0.20918727915194346%,down,
COMB,GraniteShares Bloomberg Commodity Broad Strategy No K-1 ETF,$20.6512,-0.2148,-1.0391771729349497%,down,
COMT,iShares GSCI Commodity Dynamic Roll Strategy ETF,$24.9100,-0.0400,-0.15980823012385137%,down,
CONI,GraniteShares 2x Short COIN Daily ETF,$5.9900,0.4800,8.362369337979095%,up,
CONL,GraniteShares 2x Long COIN Daily ETF,$25.0000,-2.6100,-9.996170049789352%,down,
CONY,Tidal ETF Trust II YieldMax COIN Option Income Strategy ETF,$7.7500,-0.3500,-4.036908881199539%,down,
COPJ,Sprott Junior Copper Miners ETF,$22.2700,-0.0759,-0.3443098153247354%,down,
COPP,Sprott Copper Miners ETF,$21.0500,-0.0500,-0.2376425855513308%,down,
COPX,Global X Copper Miners ETF,$41.2400,-0.4500,-1.0980966325036603%,down,
CORN,Teucrium Corn Fund ETV,$18.1600,-0.1400,-0.767543859649123%,down,
CORO,iShares International Country Rotation Active ETF,$27.4300,-0.2000,-0.7323324789454413%,down,
CORP,Pimco Investment Grade Corporate Bond Index Exchange-Traded Fu,$95.7600,-0.0900,-0.09427045145071751%,down,
COWG,Pacer US Large Cap Cash Cows Growth Leaders ETF,$34.3000,-0.1900,-0.551844321812373%,down,
COWS,Amplify Cash Flow Dividend Leaders ETF,$27.9100,-0.2600,-0.9308986752595775%,down,
COWZ,Pacer US Cash Cows 100 ETF,$53.7600,-0.5100,-0.9506057781919851%,down,
CPAI,Northern Lights Fund Trust III Counterpoint Quantitative Equit,$34.6225,-0.2193,-0.6332202411030101%,down,
CPER,United States Copper Index Fund ETV,$29.1600,-0.4400,-1.5063334474495036%,down,
CPII,American Beacon Select Funds American Beacon Ionic Inflation P,$19.2750,0.0000,0%,unch,
CPLB,NYLI MacKay Core Plus Bond ETF,$20.9850,-0.0318,-0.152093437024708%,down,
CPLS,AB Core Plus Bond ETF,$35.0000,-0.0050,-0.0143143429716576%,down,
CPNJ,Calamos ETF Trust Calamos Nasdaq - 100 Structured Alt Protecti,$25.8085,-0.0019,-0.007361658930467194%,down,
CPNQ,Calamos ETF Trust Calamos Nasdaq-100 Structured Alt Protection,$25.0489,-0.0197,-0.07865967114667434%,down,
CPNS,Calamos ETF Trust Calamos Nasdaq-100 Structured Alt Protection,$25.9302,-0.0214,-0.08257893233929907%,down,
CPRJ,Calamos ETF Trust Calamos Russell 2000 Structured Alt Protecti,$24.9537,-0.1640,-0.6583146342540374%,down,
CPRO,Calamos ETF Trust Calamos Russell 2000 Structured Alt Protecti,$24.6753,-0.0287,-0.11628613682867042%,down,
CPSA,Calamos ETF Trust Calamos S&P 500 Structured Alt Protection ET,$25.5078,-0.0411,-0.16137201550113664%,down,
CPSD,Calamos ETF Trust Calamos S&P 500 Structured Alt Protection ET,$24.3651,-0.0050,-0.020542317173377157%,down,
CPSJ,Calamos ETF Trust Calamos S&P 500 Structured Alt Protection ET,$25.5143,-0.0621,-0.2438354012878907%,down,
CPSM,Calamos ETF Trust Calamos S&P 500 Structured Alt Protection ET,$27.6182,0.0250,0.09057971014492754%,up,
CPSN,Calamos ETF Trust Calamos S&P 500 Structured Alt Protection ET,$25.6799,-0.0144,-0.056117160159933906%,down,
CPSO,Calamos ETF Trust Calamos S&P 500 Structured Alt Protection ET,$25.8399,-0.0308,-0.11933636582020504%,down,
CPST,Calamos ETF Trust Calamos S&P 500 Structured Alt Protection ET,$25.6864,-0.0325,-0.1266631850529647%,down,
CQQQ,Invesco China Technology ETF,$41.7100,-0.6000,-1.471670345842531%,down,
CRAK,VanEck Oil Refiners ETF,$29.9306,-0.0815,-0.2740297162531564%,down,
CRBN,iShares MSCI ACWI Low Carbon Target ETF,$203.3200,-1.2098,-0.5969303824637269%,down,
CRDT,Simplify Exchange Traded Funds Simplify Opportunistic Income E,$24.3800,-0.0987,-0.4060057589469354%,down,
CRED,Columbia ETF Trust I Columbia Research Enhanced Real Estate ET,$21.7230,0.0267,0.1244946775028326%,up,
CRPT,First Trust SkyBridge Crypto Industry and Digital Economy ETF,$19.2200,-0.5700,-2.900763358778626%,down,
CRSH,Tidal Trust II YieldMax Short TSLA Option Income Strategy ETF,$4.6500,0.0900,1.9271948608137046%,up,
CRTC,DBX ETF Trust Xtrackers US National Critical Technologies ETF,$32.0589,-0.2017,-0.6314036444230184%,down,
CRWL,GraniteShares 2x Long CRWD Daily ETF,$35.2300,-0.6600,-1.7968962700789546%,down,
CSB,VictoryShares US Small Cap High Div Volatility Wtd ETF,$55.0400,-0.8500,-1.5533625730994152%,down,
CSD,Invesco S&P Spin-Off ETF,$80.0100,-0.6030,-0.7528324854084085%,down,
CSHI,NEOS Enhanced Income 1-3 Month T-Bill ETF,$49.6800,0.0100,0.020116676725005028%,up,
CSHP,iShares Enhanced Short-Term Bond Active ETF,$100.6800,0.0100,0.009932459276916964%,up,
CSM,ProShares Large Cap Core Plus,$67.3600,-0.4910,-0.7311345689656455%,down,
CSMD,Professionally Managed Portfolios Congress SMid Growth ETF,$30.2300,-0.4400,-1.4666666666666666%,down,
CTA,Simplify Exchange Traded Funds Simplify Managed Futures Strate,$27.1900,-0.0100,-0.03669724770642202%,down,
CTEC,Global X CleanTech ETF,$6.5200,0.1400,2.092675635276532%,up,
CTEX,ProShares S&P Kensho Cleantech ETF,$19.2276,-0.0038,-0.01918242486042262%,down,
CURE,Direxion Daily Healthcare Bull 3x Shares,$74.7100,-1.3000,-1.7774131802023516%,down,
CUT,Invesco MSCI Global Timber ETF,$30.5533,-0.4075,-1.3364424067114007%,down,
CVAR,ETF Opportunities Trust Cultivar ETF,$25.6637,-0.1277,-0.5000352413247606%,down,
CVIE,Morgan Stanley ETF Trust Calvert International Responsible Ind,$63.4636,-0.5835,-0.9220573176744244%,down,
CVLC,Morgan Stanley ETF Trust Calvert US Large-Cap Core Responsible,$73.0300,-0.3750,-0.5151219190558022%,down,
CVMC,Morgan Stanley ETF Trust Calvert US Mid-Cap Core Responsible I,$58.9471,-0.6176,-1.0504759118525524%,down,
CVRD,Madison ETFs Trust Madison Covered Call ETF,$18.1837,-0.0815,-0.4486823054012541%,down,
CVRT,Calamos ETF Trust Calamos Convertible Equity Alternative ETF,$30.5394,-0.1908,-0.6264096679831775%,down,
CVSB,Morgan Stanley ETF Trust Calvert Ultra-Short Investment Grade ,$50.7752,-0.0200,-0.03938946331856229%,down,
CVSE,Morgan Stanley ETF Trust Calvert US Select Equity ETF,$68.0647,-0.4252,-0.6261799781455529%,down,
CVY,Invesco Zacks Multi-Asset Income ETF,$25.1258,-0.2122,-0.8460925039872409%,down,
CWB,SPDR Bloomberg Convertible Securities ETF,$79.7400,-0.2800,-0.3507892758707092%,down,
CWEB,Direxion Daily CSI China Internet Index Bull 2X Shares,$38.5100,-0.7400,-1.9743863393810033%,down,
CWI,SPDR MSCI ACWI ex-US ETF,$31.9200,-0.3200,-1.008827238335435%,down,
CWS,AdvisorShares Focused Equity ETF,$68.2200,-0.0525,-0.07739709871447105%,down,
CXSE,WisdomTree China ex-State-Owned Enterprises Fund,$33.4700,-0.3000,-0.9082652134423251%,down,
CZA,Invesco Zacks Mid-Cap ETF,$105.1200,-1.0837,-1.0367011532188246%,down,
CZAR,Themes Natural Monopoly ETF,$31.0950,-0.1450,-0.466988727858293%,down,
DALI,First Trust Dorsey Wright DALI Equity ETF,$25.3200,-0.2052,-0.8107371307333378%,down,
DAPP,VanEck Digital Transformation ETF,$13.1500,-0.5600,-4.148148148148149%,down,
DAPR,FT Vest U.S. Equity Deep Buffer ETF - April,$36.9400,-0.1300,-0.352112676056338%,down,
DARP,Grizzle Growth ETF,$32.3846,-0.0614,-0.18955941329200485%,down,
DAT,ProShares Big Data Refiners ETF,$44.8069,-0.1506,-0.3358683289101006%,down,
DAUG,FT Vest U.S. Equity Deep Buffer ETF - August,$40.2400,-0.0816,-0.20319534642814455%,down,
DAX,Global X DAX Germany ETF,$44.0000,-0.5200,-1.1837013430457546%,down,
DBA,Invesco DB Agriculture Fund,$26.5700,-0.2900,-1.0853293413173652%,down,
DBAW,Xtrackers MSCI All World ex US Hedged Equity ETF,$36.4143,-0.2518,-0.6921727847996878%,down,
DBB,Invesco DB Base Metals Fund,$18.5096,-0.1300,-0.7004310344827587%,down,
DBC,Invesco DB Commodity Index Tracking Fund,$21.0400,-0.0700,-0.33096926713948%,down,
DBE,Invesco DB Energy Fund,$17.5032,0.0393,0.22153325817361896%,up,
DBEF,Xtrackers MSCI EAFE Hedged Equity ETF,$44.9200,-0.3900,-0.866859302067126%,down,
DBEM,Xtrackers MSCI Emerging Markets Hedged Equity ETF,$26.1957,-0.0392,-0.14972804497952696%,down,
DBEU,Xtrackers MSCI Europe Hedged Equity ETF,$45.8300,-0.1900,-0.4141238012205754%,down,
DBEZ,Xtrackers MSCI Eurozone Hedged Equity ETF,$53.0131,-0.2892,-0.545056701351522%,down,
DBJP,Xtrackers MSCI Japan Hedged Equity ETF,$77.3856,-1.1500,-1.4890586559627086%,down,
DBMF,iMGP DBi Managed Futures Strategy ETF,$25.2600,-0.0400,-0.15860428231562254%,down,
DBND,DoubleLine Opportunistic Core Bond ETF,$45.5659,-0.0239,-0.05257820182549757%,down,
DBO,Invesco DB Oil Fund,$12.5100,0.0800,0.6299212598425197%,up,
DBP,Invesco DB Precious Metals Fund,$74.2800,-0.3000,-0.4063388866314506%,down,
DCMT,DoubleLine ETF Trust DoubleLine Commodity Strategy ETF,$25.3602,-0.1600,-0.6289308176100629%,down,
DCOR,Dimensional ETF Trust Dimensional US Core Equity 1 ETF,$64.0600,-0.4300,-0.6738755680927754%,down,
DCRE,DoubleLine ETF Trust DoubleLine Commercial Real Estate ETF,$51.7800,-0.0140,-0.027047913446676973%,down,
DDEC,FT Vest U.S. Equity Deep Buffer ETF - December,$40.5500,-0.1260,-0.31174229303775547%,down,
DDIV,First Trust Dorsey Wright Momentum & Dividend ETF,$37.4100,-0.3170,-0.8518528471233171%,down,
DDLS,WisdomTree Dynamic International SmallCap Equity Fund,$38.3700,-0.0900,-0.23376623376623376%,down,
DDM,ProShares Ultra Dow30,$90.4700,-1.0600,-1.1776469281190978%,down,
DDWM,WisdomTree Dynamic International Equity Fund,$39.3200,-0.2900,-0.7388535031847133%,down,
DECO,SPDR Galaxy Digital Asset Ecosystem ETF,$29.7000,-0.9181,-3.0550481001201257%,down,
DECP,PGIM S&P 500 Buffer 12 ETF - December,$26.8418,-0.0859,-0.3207809279120485%,down,
DECT,AIM ETF Products Trust AllianzIM U.S. Large Cap Buffer10 Dec E,$32.1774,-0.1115,-0.34738557306157297%,down,
DECW,AIM ETF Products Trust AllianzIM U.S. Large Cap Buffer20 Dec E,$30.7400,-0.0100,-0.03254149040026033%,down,
DECZ,TrueShares Structured Outcome (December) ETF,$37.1515,-0.1397,-0.37708042042982304%,down,
DEED,First Trust Securitized Plus ETF,$20.8700,-0.0348,-0.16730688794765408%,down,
DEEF,Xtrackers FTSE Developed ex US Multifactor ETF,$32.9984,-0.2967,-0.9016318716382534%,down,
DEEP,Acquirers Small and Micro Deep Value ETF,$31.5528,-0.3922,-1.2511723759514588%,down,
DEFI,Tidal Commodities Trust I Hashdex Bitcoin ETF,$119.5743,-3.0450,-2.494879147890209%,down,
DEHP,Dimensional ETF Trust Dimensional Emerging Markets High Profit,$26.6700,-0.0700,-0.26355421686746994%,down,
DEM,WisdomTree Emerging Markets High Dividend Fund,$44.1600,-0.0200,-0.04532064355313845%,down,
DEMZ,Democratic Large Cap Core ETF,$36.8100,-0.2600,-0.7036535859269283%,down,
DES,WisdomTree U.S. SmallCap Dividend Fund,$31.2700,-0.3800,-1.2226512226512227%,down,
DESK,VanEck ETF Trust VanEck Office and Commercial REIT ETF,$38.8636,0.0788,0.20530403495379357%,up,
DEUS,Xtrackers Russell US Multifactor ETF,$54.8846,-0.4673,-0.8536297990416987%,down,
DEW,WisdomTree Global High Dividend Fund,$56.5011,-0.4407,-0.7843576970104705%,down,
DEXC,Dimensional ETF Trust Dimensional Emerging Markets ex China Co,$51.9352,-0.0497,-0.09595298496800923%,down,
DFAC,Dimensional ETF Trust Dimensional U.S. Core Equity 2 ETF,$34.3200,-0.2600,-0.7604562737642586%,down,
DFAE,Dimensional Emerging Core Equity Market ETF,$27.5900,-0.1400,-0.5103900838497996%,down,
DFAI,Dimensional International Core Equity Market ETF,$33.9600,-0.3200,-0.9453471196454948%,down,
DFAR,Dimensional ETF Trust Dimensional US Real Estate ETF,$23.5700,0.0000,0%,unch,
DFAS,Dimensional U.S. Small Cap ETF,$61.5900,-0.6600,-1.07421875%,down,
DFAT,Dimensional U.S. Targeted Value ETF,$52.3000,-0.6500,-1.2483195698098712%,down,
DFAU,Dimensional US Core Equity Market ETF,$40.4200,-0.2500,-0.6205013651030032%,down,
DFAW,Dimensional ETF Trust Dimensional World Equity ETF,$64.5200,-0.5276,-0.8220322082066112%,down,
DFAX,Dimensional World ex U.S. Core Equity 2 ETF,$28.5400,-0.2000,-0.703977472720873%,down,
DFCA,Dimensional ETF Trust Dimensional California Municipal Bond ET,$49.1600,-0.0500,-0.1017708121310808%,down,
DFCF,Dimensional ETF Trust Dimensional Core Fixed Income ETF,$41.5800,-0.0900,-0.21712907117008443%,down,
DFE,WisdomTree Europe SmallCap Dividend Fund,$69.0909,-0.3197,-0.4649911277889286%,down,
DFEB,FT Vest U.S. Equity Deep Buffer ETF - February,$43.3960,-0.1290,-0.2980384908624633%,down,
DFEM,Dimensional ETF Trust Dimensional Emerging Markets Core Equity,$28.3300,-0.1100,-0.391041592605759%,down,
DFEN,Direxion Daily Aerospace & Defense Bull 3X Shares,$42.8100,0.2200,0.5187455788729074%,up,
DFEV,Dimensional ETF Trust Dimensional Emerging Markets Value ETF,$28.5600,-0.0400,-0.1407954945441746%,down,
DFGP,Dimensional Global Core Plus Fixed Income ETF,$53.6400,-0.1200,-0.2243829468960359%,down,
DFGR,Dimensional ETF Trust Dimensional Global Real Estate ETF,$26.7600,-0.0350,-0.13175230566534915%,down,
DFGX,Dimensional Global ex US Core Fixed Income ETF,$52.9700,-0.1700,-0.32196969696969696%,down,
DFIC,Dimensional ETF Trust Dimensional International Core Equity 2 ,$30.4100,-0.2600,-0.8583690987124464%,down,
DFIP,Dimensional ETF Trust Dimensional Inflation-Protected Securiti,$41.4000,-0.1048,-0.2537530266343826%,down,
DFIS,Dimensional ETF Trust Dimensional International Small Cap ETF,$28.8200,-0.1900,-0.6617903169627307%,down,
DFIV,Dimensional International Value ETF,$42.2500,-0.4100,-0.9761904761904762%,down,
DFJ,WisdomTree Japan SmallCap Fund,$84.1356,-0.8302,-0.9890916369216401%,down,
DFLV,Dimensional ETF Trust Dimensional US Large Cap Value ETF,$29.8900,-0.2800,-0.9411764705882354%,down,
DFND,Siren DIVCON Dividend Defender ETF,$43.3500,-0.0500,-0.11547344110854504%,down,
DFNL,Davis Fundamental ETF Trust Davis Select Financial ETF,$40.6765,-0.3032,-0.7491006838755584%,down,
DFNM,Dimensional ETF Trust Dimensional National Municipal Bond ETF,$47.3200,-0.0300,-0.06346519991537973%,down,
DFSB,Dimensional ETF Trust Dimensional Global Sustainability Fixed ,$51.6200,-0.0200,-0.03881987577639751%,down,
DFSD,Dimensional ETF Trust Dimensional Short-Duration Fixed Income ,$47.6800,-0.0450,-0.09457755359394704%,down,
DFSE,Dimensional ETF Trust Dimensional Emerging Markets Sustainabil,$36.0862,-0.1550,-0.43217621636693154%,down,
DFSI,Dimensional ETF Trust Dimensional International Sustainability,$38.6400,-0.3600,-0.9355509355509356%,down,
DFSU,Dimensional ETF Trust Dimensional US Sustainability Core 1 ETF,$37.5750,-0.3400,-0.9086050240513094%,down,
DFSV,Dimensional ETF Trust Dimensional US Small Cap Value ETF,$28.4000,-0.3700,-1.3078826440438318%,down,
DFUS,Dimensional U.S. Equity Market ETF,$63.9600,-0.3700,-0.5804832130530279%,down,
DFUV,Dimensional ETF Trust Dimensional US Marketwide Value ETF,$40.6400,-0.3400,-0.8388847767086108%,down,
DFVE,DoubleLine ETF Trust DoubleLine Fortune 500 Equal Weight ETF,$28.5264,-0.2694,-0.9470642414697424%,down,
DFVX,Dimensional ETF Trust Dimensional US Large Cap Vector ETF,$66.0100,-0.4100,-0.6225326450045551%,down,
DGCB,Dimensional Global Credit ETF,$53.3200,-0.1338,-0.25221489161168714%,down,
DGIN,VanEck ETF Trust VanEck Digital India ETF,$42.2641,-0.2373,-0.5679261719909247%,down,
DGP,NO Name,$101.1700,-0.0300,-0.02994609702535436%,down,
DGRE,WisdomTree Emerging Markets Quality Dividend Growth Fund,$26.5200,0.0200,0.07550018875047187%,up,
DGRO,iShares Core Dividend Growth ETF,$62.0000,-0.4400,-0.7130124777183601%,down,
DGRS,WisdomTree U.S. SmallCap Quality Dividend Growth Fund,$45.7200,-0.5300,-1.1638120333772508%,down,
DGRW,WisdomTree U.S. Quality Dividend Growth Fund,$80.7900,-0.5400,-0.670724133647994%,down,
DGS,WisdomTree Emerging Market SmallCap Fund,$53.4000,-0.1200,-0.22654332641117614%,down,
DGT,SPDR Global Dow ETF (based on The Global Dow),$146.4800,-1.0325,-0.7077987424832802%,down,
DGZ,NO Name,$6.8150,0.0150,0.21676300578034682%,up,
DHS,WisdomTree U.S. High Dividend Fund,$94.3400,-0.7700,-0.8203707649691029%,down,
DIA,SPDR Dow Jones Industrial Average ETF,$422.4600,-2.4300,-0.5766218973945233%,down,
DIAL,Columbia Diversified Fixed Income Allocation ETF,$17.9200,-0.0191,-0.10691295829834874%,down,
DIEM,Franklin Emerging Market Core Dividend Tilt Index ETF,$28.8180,-0.0971,-0.33816963508327125%,down,
DIG,ProShares Ultra Energy,$31.2700,-0.7800,-2.5267249757045676%,down,
DIHP,Dimensional ETF Trust Dimensional International High Profitabi,$29.1350,-0.2850,-0.9822505600551438%,down,
DIM,WisdomTree International MidCap Dividend Fund,$73.6059,-0.5611,-0.7661511656803603%,down,
DINT,Davis Fundamental ETF Trust Davis Select International ETF,$24.7348,-0.1620,-0.659931562652762%,down,
DIPS,Tidal Trust II YieldMax Short NVDA Option Income Strategy ETF,$8.5900,0.0000,0%,unch,
DISO,Tidal ETF Trust II YieldMax DIS Option Income Strategy ETF,$14.3600,0.0533,0.3709116214335421%,up,
DISV,Dimensional ETF Trust Dimensional International Small Cap Valu,$32.0350,-0.2500,-0.7836990595611285%,down,
DIV,Global X Super Dividend ETF,$17.6000,-0.1300,-0.7420091324200914%,down,
DIVB,iShares Core Dividend ETF,$48.5100,-0.3800,-0.7857733664185277%,down,
DIVD,Altrius Global Dividend ETF,$34.7156,-0.4036,-1.1612183009845611%,down,
DIVG,Invesco Exchange-Traded Fund Trust II Invesco S&P 500 High Div,$30.3018,-0.3600,-1.195616074393889%,down,
DIVI,Franklin International Core Dividend Tilt Index ETF,$35.3100,-0.2900,-0.8252703471826977%,down,
DIVL,Madison ETFs Trust Madison Dividend Value ETF,$21.6100,-0.1500,-0.6960556844547564%,down,
DIVO,Amplify CWP Enhanced Dividend Income ETF,$41.1100,-0.1800,-0.4364694471387003%,down,
DIVP,The Advisors Inner Circle Fund II Cullen Enhanced Equity Incom,$24.6299,-0.2054,-0.8347048664025195%,down,
DIVS,SmartETFs Dividend Builder ETF,$30.4000,-0.2537,-0.8391576008758727%,down,
DIVY,Sound Equity Dividend Income ETF,$24.5094,-0.2659,-1.0907062312592553%,down,
DIVZ,Opal Dividend Income ETF,$34.0500,-0.2313,-0.6802841134689195%,down,
DJAN,FT Vest U.S. Equity Deep Buffer ETF - January,$39.2100,-0.1125,-0.287893870803467%,down,
DJD,Invesco Dow Jones Industrial Average Dividend ETF,$51.6092,-0.4197,-0.8156594170085492%,down,
DJIA,Global X Funds Global X Dow 30 Covered Call ETF,$21.3100,0.0100,0.047036688617121354%,up,
DJP,NO Name,$33.3846,-0.4148,-1.2410912507255656%,down,
DJUL,FT Vest U.S. Equity Deep Buffer ETF - July,$42.5778,-0.1355,-0.31924041984238244%,down,
DJUN,FT Vest U.S. Equity Deep Buffer ETF - June,$43.7300,-0.1507,-0.3451727352477021%,down,
DLN,WisdomTree U.S. LargeCap Dividend Fund,$79.4100,-0.5700,-0.7217016966320586%,down,
DLS,WisdomTree International SmallCap Fund,$72.7100,-0.4300,-0.593348971988409%,down,
DMAR,FT Vest U.S. Equity Deep Buffer ETF - March,$38.7200,-0.0800,-0.20693222969477498%,down,
DMAT,Global X Disruptive Materials ETF,$15.1200,-0.1300,-0.866089273817455%,down,
DMAY,FT Vest U.S. Equity Deep Buffer ETF - May,$41.8500,-0.1004,-0.24079625854418998%,down,
DMBS,DoubleLine ETF Trust DoubleLine Mortgage ETF,$48.2713,-0.0591,-0.12275367014780289%,down,
DMCY,Democracy International Fund,$27.8063,-0.2506,-0.903590564581846%,down,
DMX,DoubleLine ETF Trust DoubleLine Multi-Sector Income ETF,$49.9643,-0.0150,-0.03004807692307692%,down,
DMXF,iShares ESG Advanced MSCI EAFE ETF,$73.2300,-0.5200,-0.7096069868995633%,down,
DNL,WisdomTree Global ex-US Quality Dividend Growth Fund,$38.8600,-0.3900,-1.009839461418954%,down,
DNOV,FT Vest U.S. Equity Deep Buffer ETF - November,$43.3111,-0.1698,-0.3932376100046318%,down,
DOCT,FT Vest U.S. Equity Deep Buffer ETF - October,$39.7200,-0.1559,-0.39398534243113476%,down,
DOG,ProShares Short Dow30,$26.7100,0.1500,0.5601194921583271%,up,
DOL,WisdomTree International LargeCap Dividend Fund,$59.2635,-0.6720,-1.1395045190171775%,down,
DON,WisdomTree U.S. MidCap Dividend Fund,$49.2400,-0.4800,-0.9793919608243216%,down,
DPST,Direxion Daily Regional Banks Bull 3X Shares,$78.3400,-4.0600,-5.323193916349809%,down,
DRAI,EA Series Trust Draco Evolution AI ETF,$25.1134,-0.2206,-0.883049924744612%,down,
DRIP,Direxion Daily S&P Oil & Gas Exp. & Prod. Bear 2X Shares,$10.7900,0.3800,3.4862385321100917%,up,
DRIV,Global X Autonomous & Electric Vehicles ETF,$22.3100,-0.1600,-0.7216959855660803%,down,
DRLL,EA Series Trust Strive U.S. Energy ETF,$26.3400,-0.3700,-1.4159969383849982%,down,
DRN,Direxion Daily Real Estate Bull 3X Shares,$9.6800,-0.0100,-0.10626992561105207%,down,
DRSK,Aptus Defined Risk ETF,$28.0000,-0.1300,-0.4659498207885305%,down,
DRUP,GraniteShares Nasdaq Select Disruptors ETF,$58.1900,-0.4700,-0.8063132612798078%,down,
DRV,Direxion Daily Real Estate Bear 3X Shares,$25.4300,0.1100,0.4195270785659802%,up,
DSCF,Discipline Fund ETF,$23.1653,-0.0814,-0.35263130534232096%,down,
DSEP,FT Vest U.S. Equity Deep Buffer ETF - September,$41.0946,-0.1231,-0.30034792537903376%,down,
DSI,iShares ESG MSCI KLD 400 ETF,$111.3500,-0.7500,-0.6773232186399349%,down,
DSMC,ETF Series Solutions Distillate Small/Mid Cash Flow ETF,$31.4318,-0.4850,-1.5444187572046337%,down,
DSTL,Distillate U.S. Fundamental Stability & Value ETF,$53.5600,-0.6199,-1.1604246341732793%,down,
DSTX,Distillate International Fundamental Stability & Value ETF,$27.1000,-0.1580,-0.5850226788854948%,down,
DTAN,EA Series Trust Sparkline International Intangible Value ETF,$28.3172,-0.2505,-0.8895722950610094%,down,
DTCR,Global X Data Center & Digital Infrastructure ETF,$17.4000,-0.2000,-1.1554015020219528%,down,
DTD,WisdomTree U.S. Total Dividend Fund,$76.9800,-0.4400,-0.5741876549654182%,down,
DTEC,ALPS ETF Trust ALPS Disruptive Technologies ETF,$46.9255,-0.4913,-1.0459979348300494%,down,
DTH,WisdomTree International High Dividend Fund,$45.7800,-0.4166,-0.9169465635413595%,down,
DTRE,First Trust Alerian Disruptive Technology Real Estate ETF,$39.9775,0.0653,0.16482490193801774%,up,
DUBS,ETF Series Solutions Aptus Large Cap Enhanced Yield ETF,$32.3200,-0.1300,-0.4041032017407522%,down,
DUG,ProShares UltraShort Energy,$40.8138,1.0200,2.4667472793228535%,up,
DUHP,Dimensional ETF Trust Dimensional US High Profitability ETF,$34.2700,-0.2100,-0.6158357771260997%,down,
DUKH,Ocean Park High Income ETF,$24.0452,-0.0429,-0.1787418076671486%,down,
DUKQ,Northern Lights Fund Trust Ocean Park Domestic ETF,$24.7386,-0.1653,-0.6699848412383168%,down,
DUKX,Ocean Park International ETF,$23.1500,-0.1500,-0.6493506493506493%,down,
DUKZ,Northern Lights Fund Trust Ocean Park Diversified Income ETF,$24.5649,-0.0488,-0.1989952371631761%,down,
DULL,Bank Of Montreal MicroSectors Gold -3X Inverse Leveraged ETNs ,$4.0000,0.0300,0.7334963325183375%,up,
DURA,VanEck Durable High Dividend ETF,$31.9800,-0.3000,-0.9433962264150944%,down,
DUSA,Davis Fundamental ETF Trust Davis Select U.S. Equity ETF,$43.4184,-0.2550,-0.5881674547341714%,down,
ICAP,Infrastructure Capital Equity Income ETF,$24.8199,0.1041,0.4139230842637656%,up,
ICF,iShares Select U.S. REIT ETF,$61.7100,0.0000,0%,unch,
ICLN,iShares Global Clean Energy ETF,$12.6100,-0.0500,-0.39808917197452226%,down,
ICLO,Invesco Actively Managed Exchange-Traded Fund Trus Invesco AAA,$25.5100,-0.0300,-0.1178318931657502%,down,
ICOP,iShares Copper and Metals Mining ETF,$28.2500,-0.2600,-0.9285714285714286%,down,
ICOW,Pacer Developed Markets International Cash Cows 100 ETF,$33.4200,-0.3100,-0.9328919650917846%,down,
ICSH,iShares Ultra Short Duration Bond Active ETF,$50.6600,0.0000,0%,unch,
ICVT,iShares Convertible Bond ETF,$86.8900,-0.3600,-0.41422160856057993%,down,
IDAT,iShares Future Cloud 5G and Tech ETF,$33.3401,-0.2216,-0.6644199517875774%,down,
IDEC,Innovator ETFs Trust Innovator International Developed Power B,$29.4700,-0.1810,-0.6158201124807343%,down,
IDEV,iShares Core MSCI International Developed Markets ETF,$75.1300,-0.7300,-0.9751536200908363%,down,
IDGT,iShares U.S. Digital Infrastructure and Real Estate ETF,$79.4790,-0.3000,-0.37669512807634353%,down,
IDHQ,Invesco S&P International Developed Quality ETF,$32.3100,-0.3500,-1.0879701585327946%,down,
IDLV,Invesco S&P International Developed Low Volatility ETF,$32.9500,-0.2900,-0.883338409990862%,down,
IDMO,Invesco S&P International Developed Momentum ETF,$49.6500,-0.5600,-1.1283497884344147%,down,
IDNA,iShares Genomics Immunology and Healthcare ETF,$20.4300,-0.2100,-1.0505252626313157%,down,
IDOG,ALPS International Sector Dividend Dogs ETF,$33.7100,-0.1600,-0.47548291233283807%,down,
IDRV,iShares Self-Driving EV and Tech ETF,$30.7100,-0.0500,-0.16355904481517827%,down,
IDU,iShares U.S. Utilities ETF,$104.3200,-1.4200,-1.3702595773424684%,down,
IDUB,Aptus International Enhanced Yield ETF,$22.0736,-0.1300,-0.5909090909090909%,down,
IDV,iShares International Select Dividend ETF,$33.7900,-0.1500,-0.4465614766299493%,down,
IDVO,Amplify CWP International Enhanced Dividend Income ETF,$33.2400,-0.3800,-1.1373840167614488%,down,
IDX,VanEck Indonesia Index ETF,$14.7600,-0.1150,-0.7801899592944369%,down,
IEDI,iShares U.S. Consumer Focused ETF,$53.3140,-0.3167,-0.5922349341940406%,down,
IEF,iShares 7-10 Year Treasury Bond ETF,$94.2900,-0.2600,-0.27689030883919064%,down,
IEFA,iShares Core MSCI EAFE ETF,$82.4700,-0.9600,-1.169305724725944%,down,
IEI,iShares 3-7 Year Treasury Bond ETF,$117.8700,-0.1800,-0.15307424100688832%,down,
IEMG,iShares Core MSCI Emerging Markets ETF,$57.4200,-0.2600,-0.45518207282913165%,down,
IEO,iShares U.S. Oil & Gas Exploration & Production ETF,$85.7700,-1.2400,-1.454204292248153%,down,
IETC,iShares U.S. Tech Independence Focused ETF,$86.9300,-0.0800,-0.09213405505009789%,down,
IEUR,iShares Core MSCI Europe ETF,$65.6300,-0.6400,-0.9788926277148976%,down,
IEUS,iShares MSCI Europe Small-Cap ETF,$65.2900,-0.2900,-0.44458071439521685%,down,
IEV,iShares Europe ETF,$63.2000,-0.6700,-1.0658606426980592%,down,
IEZ,iShares U.S. Oil Equipment & Services ETF,$16.5300,-0.1500,-0.9168704156479218%,down,
IFEB,Innovator ETFs Trust Innovator International Developed Power B,$28.1061,-0.1459,-0.5202520316216245%,down,
IFED,ETRACS IFED Invest with the Fed TR Index ETN,$42.9145,-0.1989,-0.4623430962343096%,down,
IFGL,iShares International Developed Real Estate ETF,$21.7900,-0.1200,-0.551470588235294%,down,
IFRA,iShares U.S. Infrastructure ETF,$47.8100,-0.8400,-1.7654476670870114%,down,
IFV,First Trust Dorsey Wright International Focus 5 ETF,$22.0200,-0.0500,-0.22665457842248415%,down,
IG,Principal Investment Grade Corporate Active ETF,$20.4100,-0.0610,-0.2997690304191852%,down,
IGBH,iShares Interest Rate Hedged Long-Term Corporate Bond ETF,$23.9100,0.0400,0.16792611251049538%,up,
IGE,iShares North American Natural Resources ETF,$42.8950,-0.4500,-1.053370786516854%,down,
IGEB,iShares Investment Grade Systematic Bond ETF,$44.6900,-0.1000,-0.224618149146451%,down,
IGF,iShares Global Infrastructure ETF,$58.7100,-0.5800,-0.9933207741051548%,down,
IGHG,ProShares Investment Grade-Interest Rate Hedged,$77.7853,0.2002,0.25689655614896406%,up,
IGIB,iShares 5-10 Year Investment Grade Corporate Bond ETF,$52.3500,-0.1100,-0.21084914701935978%,down,
IGLB,iShares 10  Year Investment Grade Corporate Bond ETF,$48.8500,-0.1700,-0.35037098103874686%,down,
IGLD,FT Vest Gold Strategy Target Income ETF,$21.7700,-0.0300,-0.13799448022079117%,down,
IGM,iShares Expanded Tech Sector ETF,$102.7600,-0.3600,-0.35029677921572444%,down,
IGOV,iShares International Treasury Bond ETF,$41.8000,-0.2300,-0.5544840887174542%,down,
IGPT,Invesco AI and Next Gen Software ETF,$45.2200,-0.4000,-0.8861320336730173%,down,
IGRO,iShares International Dividend Growth ETF,$78.2600,-0.7600,-0.9753593429158111%,down,
IGSB,iShares 1-5 Year Investment Grade Corporate Bond ETF,$52.3700,-0.0500,-0.0956205775482884%,down,
IGTR,Innovator ETFs Trust Innovator Gradient Tactical Rotation Stra,$23.9594,-0.1981,-0.8304582402334171%,down,
IGV,iShares Expanded Tech-Software Sector ETF,$102.3500,-0.7200,-0.6984866123399301%,down,
IHAK,iShares Cybersecurity and Tech ETF,$50.6300,-1.2800,-2.512266928361138%,down,
IHDG,WisdomTree International Hedged Quality Dividend Growth Fund,$45.1700,-0.3600,-0.7973421926910299%,down,
IHE,iShares U.S. Pharmaceutical ETF,$64.6300,-0.3800,-0.593842787935615%,down,
IHF,iShares U.S. Health Care Providers ETF,$47.0400,-0.2300,-0.495582848524025%,down,
IHI,iShares U.S. Medical Devices ETF,$61.8600,-0.2700,-0.4380983287360052%,down,
IHY,VanEck International High Yield Bond ETF,$21.5550,0.0700,0.32558139534883723%,up,
IHYF,Invesco High Yield Bond Factor ETF,$22.3100,0.0000,0%,unch,
IIGD,Invesco Investment Grade Defensive ETF,$24.4900,-0.0400,-0.1636661211129296%,down,
IJAN,Innovator International Developed Power Buffer ETF January,$33.5400,-0.1197,-0.3570970426875655%,down,
IJH,iShares Core S&P Mid-Cap ETF,$60.2900,-0.7800,-1.2971894229170131%,down,
IJJ,iShares S&P Mid-Cap 400 Value ETF,$120.2200,-1.5600,-1.302387710803139%,down,
IJK,iShares S&P Mid-Cap 400 Growth ETF,$88.3000,-1.2400,-1.4070123680925906%,down,
IJR,iShares Core S&P Small-Cap ETF,$105.8400,-1.2800,-1.2149976269577598%,down,
IJS,iShares S&P SmallCap 600 Value ETF,$96.3100,-1.1700,-1.2207846410684473%,down,
IJT,iShares S&P SmallCap 600 Growth ETF,$128.5600,-1.6400,-1.2790516300109187%,down,
IJUL,Innovator International Developed Power Buffer ETF  July,$31.1010,-0.3218,-1.0388218507686249%,down,
IJUN,SHL Telemedicine Ltd Innovator International Developed Power B,$27.3000,-0.2642,-0.9743396838743462%,down,
ILCB,iShares Morningstar Large-Cap ETF,$81.8100,-0.3578,-0.4389645442277021%,down,
ILCG,iShares Morningstar Large-Cap Growth ETF,$91.2200,-0.3600,-0.396039603960396%,down,
ILCV,iShares Morningstar Large-Cap  Value ETF,$80.7108,-0.4822,-0.5993986125078157%,down,
ILDR,First Trust Innovation Leaders ETF,$26.7172,-0.0854,-0.3203420983532766%,down,
ILF,iShares Latin America 40 ETF,$25.7200,-0.2300,-0.8945935433683392%,down,
ILIT,iShares Lithium Miners and Producers ETF,$7.3300,-0.0800,-1.0973936899862826%,down,
ILOW,AB Active ETFs Inc. AB International Low Volatility Equity ET,$40.6100,-0.4700,-1.1604938271604939%,down,
ILTB,iShares Core 10  Year USD Bond ETF,$48.2100,-0.1900,-0.39707419017763845%,down,
IMAR,Innovator ETFs Trust Innovator International Developed Power B,$27.7500,-0.1498,-0.5420328765735416%,down,
IMAY,SHL Telemedicine Ltd Innovator International Developed Power B,$27.8400,-0.1760,-0.6344628695025234%,down,
IMCB,iShares Morningstar Mid-Cap ETF,$76.9100,-0.5800,-0.7557003257328989%,down,
IMCG,iShares Morningstar Mid-Cap Growth ETF,$77.0300,-0.5200,-0.6762028608582574%,down,
IMCV,iShares Morningstar Mid-Cap Value ETF,$73.9900,-0.9200,-1.2496604183645748%,down,
IMOM,Alpha Architect International Quantitative Momentum ETF,$31.7400,-0.3200,-1.0129787907565686%,down,
IMTB,iShares Core 5-10 Year USD Bond ETF,$42.9787,-0.0891,-0.20819800073839023%,down,
IMTM,iShares MSCI Intl Momentum Factor ETF,$44.5600,-0.4800,-1.08010801080108%,down,
INCE,Franklin Income Equity Focus ETF,$55.6064,-0.4086,-0.7375264885002906%,down,
INCM,Franklin Templeton ETF Trust Franklin Income Focus ETF,$26.5500,-0.1200,-0.4542013626040878%,down,
INCO,Columbia India Consumer ETF,$64.5800,-0.3400,-0.529347656858166%,down,
INDA,iShares MSCI India ETF,$54.5900,-0.2450,-0.4513217279174726%,down,
INDE,Matthews International Funds Matthews India Active ETF,$29.4533,-0.0627,-0.21440808663864885%,down,
INDF,Range India Financials ETF,$39.1505,-0.0439,-0.11241191412651592%,down,
INDH,WisdomTree India Hedged Equity Fund,$42.9000,-0.4700,-1.1056222065396377%,down,
INDL,Direxion Daily MSCI India Bull 2X Shares,$61.2900,-0.5200,-0.8573784006595219%,down,
INDS,Pacer Industrial Real Estate ETF,$37.1400,0.2193,0.5980332804293405%,up,
INDY,iShares India 50 ETF,$53.5100,-0.2100,-0.3939223410241981%,down,
INEQ,Columbia International Equity Income ETF,$34.6493,-0.4026,-1.164940667887742%,down,
INFL,Horizon Kinetics Inflation Beneficiaries ETF,$42.0000,-0.2500,-0.5928385107896609%,down,
INFO,Harbor ETF Trust Harbor PanAgora Dynamic Large Cap Core ETF,$20.8736,-0.1023,-0.49225291117313064%,down,
INFR,ClearBridge Sustainable Infrastructure ETF,$26.2600,-0.2000,-0.7616146230007615%,down,
INKM,SPDR SSGA Income Allocation ETF,$32.1517,-0.1151,-0.3594729395891827%,down,
INMU,iShares Intermediate Muni Income Active ETF,$23.3800,-0.0200,-0.08565310492505353%,down,
INOV,Innovator ETFs Trust Innovator International Developed Power B,$31.6795,-0.1745,-0.552122587034453%,down,
INQQ,INQQ The India Internet ETF,$15.9609,-0.0697,-0.4412705045171665%,down,
INRO,iShares U.S. Industry Rotation Active ETF,$27.5531,-0.1230,-0.44781009939199773%,down,
INTF,iShares International Equity Factor ETF,$33.8000,-0.3400,-1.0092015434847137%,down,
IOCT,Innovator International Developed Power Buffer ETF - October,$32.2178,-0.2480,-0.7720998001257776%,down,
ION,ProShares Trust ProShares S&P Global Core Battery Metals ETF,$27.3086,-0.4014,-1.4764518074948136%,down,
IOO,iShares Global 100 ETF,$103.0000,-0.5800,-0.5670153485189167%,down,
IOPP,Simplify Exchange Traded Funds Simplify Tara India Opportuniti,$26.7985,-0.0650,-0.24371496597364128%,down,
IPAC,iShares Core MSCI Pacific ETF,$67.3900,-0.9300,-1.3859910581222057%,down,
IPAY,Amplify Digital Payments ETF,$56.5100,-0.6000,-1.0674257249599715%,down,
IPDP,Listed Funds Trust Dividend Performers ETF,$19.8557,-0.2334,-1.1803975117584584%,down,
IPKW,Invesco International BuyBack Achievers ETF,$47.6700,-0.4850,-1.0233146956430001%,down,
IPO,Renaissance IPO ETF,$42.9700,-0.6751,-1.5618312592973034%,down,
IPOS,Renaissance Capital Greenwich Fund,$14.2700,-0.0332,-0.23636622525986045%,down,
IPPP,Listed Funds Trust Preferred-Plus ETF,$9.7300,-0.0099,-0.10197144799456152%,down,
IQDF,FlexShares International Quality Dividend Index Fund,$26.7800,-0.2000,-0.7487832272557094%,down,
IQDG,WisdomTree International Quality Dividend Growth Fund,$38.7920,-0.4200,-1.0883648613630472%,down,
IQDY,FlexShares International Quality Dividend Dynamic Index Fund,$31.6539,-0.1837,-0.5830579915762879%,down,
IQHI,NYLI MacKay High Income ETF,$26.1098,0.0249,0.09554910034190461%,up,
IQLT,iShares MSCI Intl Quality Factor ETF,$42.8600,-0.4700,-1.1027686532144534%,down,
IQM,Franklin Intelligent Machines ETF,$68.8200,-0.5377,-0.780153883431052%,down,
IQQQ,ProShares Nasdaq-100 High Income ETF,$38.7500,-0.1800,-0.4658385093167702%,down,
IQRA,NYLI CBRE Real Assets ETF,$27.2731,-0.1592,-0.5872198533425794%,down,
IQSI,NYLI Candriam International Equity ETF,$32.9800,-0.3939,-1.2010647672422468%,down,
IQSM,NYLI Candriam U.S. Mid Cap Equity ETF,$31.6009,-0.2427,-0.7696991608471447%,down,
IQSU,NYLI Candriam U.S. Large Cap Equity ETF,$47.9582,-0.2659,-0.5554046997389035%,down,
IRET,Tidal Trust II iREIT - MarketVector Quality REIT Index ETF,$19.0736,-0.0647,-0.3417710820461892%,down,
IROC,Invesco Rochester High Yield Municipal ETF,$50.1250,-0.1249,-0.24922628110090572%,down,
IRTR,iShares Trust iShares LifePath Retirement ETF,$28.9612,-0.1022,-0.35409145399236386%,down,
IRVH,Global X Funds Global X Interest Rate Volatility & Inflation H,$20.9035,-0.1350,-0.6481036965914547%,down,
ISCB,iShares Morningstar Small-Cap ETF,$56.0703,-0.5899,-1.0543361114139613%,down,
ISCF,iShares International Small-Cap Equity Factor ETF,$37.5800,-0.2700,-0.720384204909285%,down,
ISCG,iShares Morningstar Small-Cap Growth ETF,$47.4000,-0.5000,-1.0561892691170256%,down,
ISCV,iShares Morningstar Small-Cap Value ETF,$59.6872,-0.7000,-1.1754827875734677%,down,
ISEP,Innovator ETFs Trust Innovator International Developed Power B,$30.2920,-0.2680,-0.8879464581538666%,down,
ISHG,iShares 1-3 Year International Treasury Bond ETF,$74.3400,-0.3400,-0.45995670995670995%,down,
ISHP,First Trust S-Network E-Commerce ETF,$38.1484,0.1200,0.31405391258832765%,up,
ISMD,Inspire Small/Mid Cap ETF,$34.4000,-0.3700,-1.0837727006444053%,down,
ISPY,ProShares Trust ProShares S&P 500 High Income ETF,$40.5000,-0.1800,-0.4456548650656103%,down,
ISRA,VanEck Israel ETF,$47.6543,0.0824,0.17366819258622287%,up,
ISTB,iShares Core 1-5 Year USD Bond ETF,$48.3100,-0.0200,-0.04145077720207254%,down,
ISVL,iShares Trust iShares International Developed Small Cap Value ,$41.0108,-0.2259,-0.5525767345381251%,down,
ISWN,Amplify BlackSwan ISWN ETF,$20.1592,-0.2465,-1.231416353608824%,down,
ITA,iShares U.S. Aerospace & Defense ETF,$176.3100,0.2200,0.12535612535612536%,up,
ITAN,Sparkline Intangible Value ETF,$30.8164,-0.1066,-0.3450955001618647%,down,
ITB,iShares U.S. Home Construction ETF,$89.7100,-2.5200,-2.8298708590679396%,down,
ITDB,iShares Trust iShares LifePath Target Date 2030 ETF,$30.5100,-0.1305,-0.4296480178575544%,down,
ITDC,iShares Trust iShares LifePath Target Date 2035 ETF,$31.0848,-0.1639,-0.5292850615023429%,down,
ITDD,iShares Trust iShares LifePath Target Date 2040 ETF,$31.8300,-0.1876,-0.5921268590763326%,down,
ITDE,iShares Trust iShares LifePath Target Date 2045 ETF,$32.3300,-0.2021,-0.628225054398508%,down,
ITDF,iShares Trust iShares LifePath Target Date 2050 ETF,$32.8000,-0.1825,-0.5584455324357405%,down,
ITDG,iShares Trust iShares LifePath Target Date 2055 ETF,$33.0033,-0.2313,-0.7034949678667343%,down,
ITDH,iShares Trust iShares LifePath Target Date 2060 ETF,$32.9575,-0.2118,-0.6450041112160063%,down,
ITDI,iShares Trust iShares LifePath Target Date 2065 ETF,$32.9509,-0.2115,-0.6442160667182446%,down,
ITDJ,iShares Trust iShares LifePath Target Date 2070 ETF,$25.5642,-0.1638,-0.6430868167202571%,down,
ITEQ,Amplify ETF Trust Amplify BlueStar Israel Technology ETF,$52.5375,-0.2222,-0.4232324521387334%,down,
ITM,VanEck ETF Trust VanEck Intermediate Muni ETF,$45.1900,-0.0500,-0.11071744906997344%,down,
ITOT,iShares Core S&P Total U.S. Stock Market ETF,$128.8700,-0.7600,-0.5918542169612959%,down,
IUS,Invesco RAFI Strategic US ETF,$49.7800,-0.3303,-0.6656630330292203%,down,
IUSB,iShares Core Total USD Bond Market ETF,$45.5800,-0.0800,-0.176017601760176%,down,
IUSG,iShares Core S&P U.S. Growth ETF,$142.0400,-0.6200,-0.43803871697046776%,down,
IUSV,iShares Core S&P U.S. Value ETF,$91.6200,-0.7200,-0.7893871286043198%,down,
IVAL,Alpha Architect International Quantitative Value ETF,$27.6800,-0.2200,-0.7991282237559026%,down,
IVE,iShares S&P 500 Value ETF,$188.9600,-1.4800,-0.7865228251049583%,down,
IVEG,iShares Emergent Food and AgTech Multisector ETF,$21.4917,-0.2700,-1.2616822429906542%,down,
IVLU,iShares MSCI Intl Value Factor ETF,$32.8800,-0.3800,-1.162079510703364%,down,
IVOG,Vanguard S&P Mid-Cap 400 Growth ETF,$109.7900,-1.5500,-1.4186344499359325%,down,
IVOL,Quadratic Interest Rate Volatility and Inflation Hedge ETF,$19.3100,-0.1200,-0.6185567010309279%,down,
IVOO,Vanguard S&P Mid-Cap 400 ETF,$102.0400,-1.3300,-1.306483300589391%,down,
IVOV,Vanguard S&P Mid-Cap 400 Value ETF,$92.4267,-1.1800,-1.2814943527367506%,down,
IVRA,Invesco Real Assets ESG ETF,$16.0731,-0.0691,-0.43193169103444823%,down,
IVRS,iShares Trust iShares Future Metaverse Tech and Communications,$35.0175,-0.2364,-0.6747018211811848%,down,
IVV,iShares Core S&P 500 ETF,$592.7800,-3.5000,-0.5927782670550775%,down,
IVVB,BlackRock ETF Trust II iShares Large Cap Deep Buffer ETF,$30.3666,-0.0100,-0.032970656116056714%,down,
IVVM,BlackRock ETF Trust II iShares Large Cap Moderate Buffer ETF,$31.7800,-0.0500,-0.1576789656259855%,down,
IVVW,iShares Trust iShares S&P 500 BuyWrite ETF,$45.0470,-0.1366,-0.3040663870858598%,down,
IVW,iShares S&P 500 Growth ETF,$103.7900,-0.3800,-0.36739824035579616%,down,
IWB,iShares Russell 1000 ETF,$324.2900,-1.9100,-0.5916060089824996%,down,
IWC,iShares Microcap ETF,$120.0006,-0.6700,-0.5588922255588923%,down,
IWD,iShares Russell 1000 Value ETF,$188.5000,-1.5200,-0.8093716719914803%,down,
IWDL,ETRACS 2x Leveraged US Value Factor TR ETN,$39.0417,-0.6068,-1.5660324768501792%,down,
IWF,iShares Russell 1000 Growth ETF,$399.7700,-1.7500,-0.4393231912436612%,down,
IWFG,NYLI Winslow Focused Large Cap Growth ETF,$47.9753,-0.0821,-0.17157928174948173%,down,
IWFL,ETRACS 2x Leveraged US Growth Factor TR ETN,$42.9140,-0.2932,-0.6869003970996498%,down,
IWL,iShares Russell Top 200 ETF,$145.7900,-0.6700,-0.46124191105603746%,down,
IWLG,NYLI Winslow Large Cap Growth ETF,$48.0151,-0.0174,-0.03629771637298198%,down,
IWM,iShares Russell 2000 ETF,$206.1200,-2.1900,-1.06564157461924%,down,
IWMI,NEOS ETF Trust NEOS Russell 2000 High Income ETF,$44.2200,-0.1700,-0.38505096262740657%,down,
IWML,ETRACS 2x Leveraged US Size Factor TR ETN,$17.0244,0.0000,0%,unch,
IWMW,iShares Trust iShares Russell 2000 BuyWrite ETF,$38.5191,-0.2253,-0.5865232422525826%,down,
IWMY,Defiance R2000 Enhanced Options & 0DTE Income ETF,$23.7885,-0.1700,-0.7109995817649519%,down,
IWN,iShares Russell 2000 Value ETF,$151.7500,-1.8000,-1.1927638990126566%,down,
IWO,iShares Russell 2000 Growth ETF,$270.8000,-2.4700,-0.9128201337817364%,down,
IWP,iShares Russell Midcap Growth ETF,$131.7200,-0.7000,-0.5309868770386102%,down,
IWR,iShares Russell Mid-Cap ETF,$88.8200,-0.7900,-0.8922520894510955%,down,
IWS,iShares Russell Mid-Cap Value ETF,$128.3000,-1.3300,-1.040281579976535%,down,
IWTR,iShares MSCI Water Management Multisector ETF,$32.1318,-0.1993,-0.6205919444487692%,down,
IWV,iShares Russell 3000 ETF,$335.1100,-1.8600,-0.5566528999820435%,down,
IWX,iShares Russell Top 200 Value ETF,$81.7300,-0.5400,-0.6634721710283819%,down,
IWY,iShares Russell Top 200 Growth ETF,$232.6600,-0.8700,-0.37530736378931023%,down,
IXC,iShares Global Energy ETF,$38.1500,-0.4000,-1.054018445322793%,down,
IXG,iShares Global Financial ETF,$108.5261,-0.9077,-0.8405921650920418%,down,
IXJ,iShares Global Healthcare ETF,$85.2900,-0.6300,-0.7438894792773645%,down,
IXN,iShares Global Tech ETF,$84.4200,-0.4700,-0.558858501783591%,down,
IXP,iShares Global Comm Services ETF,$105.2100,-0.3100,-0.29414555460669894%,down,
IXUS,iShares Core MSCI Total International Stock ETF,$75.5800,-0.6300,-0.8363201911589009%,down,
IYC,iShares U.S. Consumer Discretionary ETF,$96.5400,-0.7100,-0.7329410550221946%,down,
IYE,iShares U.S. Energy ETF,$43.7000,-0.5300,-1.2203545935988949%,down,
IYF,iShares U.S. Financial ETF,$116.0500,-0.9700,-0.8401177897107224%,down,
IYG,iShares U.S. Financial Services ETF,$82.0000,-0.5600,-0.6858542559706062%,down,
IYH,iShares U.S. Healthcare ETF,$55.4300,-0.3400,-0.61863173216885%,down,
IYJ,iShares U.S. Industrials ETF,$138.7100,-0.6200,-0.4486901143436098%,down,
IYK,iShares U.S. Consumer Staples ETF,$71.1500,-0.4100,-0.5787690570299265%,down,
IYLD,iShares Morningstar Multi-Asset Income ETF,$20.4700,-0.0200,-0.09789525208027411%,down,
IYM,iShares U.S. Basic Materials ETF,$134.5200,-1.5600,-1.1619246238641443%,down,
IYR,iShares U.S. Real Estate ETF,$94.4400,-0.1100,-0.11749626148258918%,down,
IYT,iShares Trust iShares U.S. Transportation ETF,$65.6750,-0.5000,-0.7564296520423601%,down,
IYW,iShares U.S. Technology ETF,$158.6700,-0.7200,-0.455005055611729%,down,
IYY,iShares Dow Jones U.S. ETF,$143.8500,-0.7300,-0.5091720722605845%,down,
IYZ,iShares U.S. Telecommunications ETF,$27.9800,-0.1000,-0.35335689045936397%,down,
IZRL,ARK Israel Innovative Technology ETF,$24.3682,0.1300,0.5345394736842105%,up,
JAAA,Janus Henderson AAA CLO ETF,$50.6800,0.0500,0.09867771857114663%,up,
JADE,J.P. Morgan Exchange-Traded Fund Trust JPMorgan Active Develop,$52.0544,-0.1287,-0.2479028421184425%,down,
JAJL,SHL Telemedicine Ltd Innovator Equity Defined Protection ETF -,$27.5200,-0.0500,-0.18162005085361424%,down,
JANH,Innovator ETFs Trust Innovator Premium Income 20 Barrier ETF -,$24.6803,-0.0194,-0.07866799672351849%,down,
JANJ,Innovator ETFs Trust Innovator Premium Income 30 Barrier ETF -,$24.7300,-0.0100,-0.04045307443365696%,down,
JANP,PGIM S&P 500 Buffer 12 ETF - January,$29.2576,-0.0894,-0.30625143448308934%,down,
JANT,AllianzIM U.S. Large Cap Buffer10 Jan ETF,$36.4619,-0.0862,-0.23672929099302717%,down,
JANW,AllianzIM U.S. Large Cap Buffer20 Jan ETF,$34.0941,-0.0800,-0.23522493384298737%,down,
JANZ,TrueShares Structured Outcome (January) ETF,$34.4634,-0.1349,-0.3925768347656034%,down,
JAVA,JPMorgan Active Value ETF,$63.1000,-0.4700,-0.7479312539783577%,down,
JBBB,Janus Detroit Street Trust Janus Henderson B-BBB CLO ETF,$48.3600,0.1200,0.247269730063878%,up,
JBND,J.P. Morgan Exchange-Traded Fund Trust JPMorgan Active Bond ET,$52.8400,-0.0900,-0.17084282460136674%,down,
JCHI,J.P. Morgan Exchange-Traded Fund Trust JPMorgan Active China E,$47.5700,-0.4988,-1.0564103650207024%,down,
JCPB,JPMorgan Core Plus Bond ETF,$46.4200,-0.0600,-0.12972972972972974%,down,
JCTR,JPMorgan Carbon Transition U.S. Equity ETF,$79.8322,-0.4058,-0.509795152297847%,down,
JDIV,J.P. Morgan Exchange-Traded Fund Trust JPMorgan Dividend Leade,$49.8932,-0.3898,-0.7842064285613695%,down,
JDOC,JPMorgan Healthcare Leaders ETF,$49.8089,-0.5172,-1.0529315960912053%,down,
JDST,Direxion Daily Junior Gold Miners Index Bear 2X Shares,$11.0700,-0.3300,-2.9837251356238697%,down,
JDVI,John Hancock Exchange-Traded Fund Trust John Hancock Disciplin,$30.3715,-0.2960,-0.9797593631564139%,down,
JEMA,JPMorgan ActiveBuilders Emerging Markets Equity ETF,$40.8200,-0.1700,-0.4181013280865716%,down,
JEMB,Janus Detroit Street Trust Janus Henderson Emerging Markets De,$50.7214,-0.1551,-0.30767704820472125%,down,
JEPI,JPMorgan Equity Premium Income ETF,$56.0000,-0.1700,-0.3041144901610018%,down,
JEPQ,JPMorgan Nasdaq Equity Premium Income ETF,$52.6800,-0.0500,-0.09511128019783147%,down,
JETD,Bank Of Montreal MAX Airlines -3X Inverse Leveraged ETNs,$9.7112,0.2068,2.0783919597989953%,up,
JETS,U.S. Global Jets ETF,$22.7400,-0.1300,-0.5739514348785872%,down,
JETU,Bank Of Montreal MAX Airlines 3X Leveraged ETNs,$19.9561,-0.4777,-2.4537324779256537%,down,
JGLO,JPMorgan Global Select Equity ETF,$61.6700,-0.4200,-0.6847081838930551%,down,
JGRO,J.P. Morgan Exchange-Traded Fund Trust JPMorgan Active Growth ,$80.7100,-0.1900,-0.23561507936507936%,down,
JGRW,Trust for Professional Managers Jensen Quality Growth ETF,$26.1904,-0.1700,-0.6504164578319707%,down,
JHAC,John Hancock Exchange-Traded Fund Trust John Hancock Fundament,$13.8351,-0.0429,-0.31082902230143894%,down,
JHCB,John Hancock Corporate Bond ETF,$21.0300,-0.1398,-0.6674560281114528%,down,
JHDV,John Hancock Exchange-Traded Fund Trust John Hancock U.S. High,$35.6299,-0.2034,-0.5728334980863306%,down,
JHEM,John Hancock Multifactor Emerging Markets ETF,$28.1231,-0.0600,-0.21413276231263384%,down,
JHHY,John Hancock Exchange-Traded Fund Trust John Hancock High Yiel,$25.4488,-0.1316,-0.5174461124698222%,down,
JHID,John Hancock Exchange-Traded Fund Trust John Hancock Internati,$33.2295,-0.2665,-0.8053670993185357%,down,
JHMB,John Hancock Mortgage-Backed Securities ETF,$21.5450,-0.0850,-0.3956248545496858%,down,
JHMD,John Hancock Exchange-Traded Fund Trust John Hancock Multifact,$37.9700,-0.4400,-1.1649457241196717%,down,
JHML,John Hancock Multifactor Large Cap ETF,$70.3600,-0.4200,-0.5987170349251604%,down,
JHMM,John Hancock Multifactor Mid Cap ETF,$59.1700,-0.6300,-1.0670731707317074%,down,
JHMU,John Hancock Exchange-Traded Fund Trust John Hancock Dynamic M,$25.4000,-0.1250,-0.49241678156391566%,down,
JHPI,John Hancock Exchange-Traded Fund Trust John Hancock Preferred,$22.2700,-0.0951,-0.427321623552566%,down,
JHSC,John Hancock Multifactor Small Cap ETF,$37.7800,-0.3400,-0.9032943676939426%,down,
JIG,JPMorgan International Growth ETF,$69.2231,-0.5078,-0.7342383831139632%,down,
JIII,Janus Detroit Street Trust Janus Henderson Income ETF,$50.2430,0.0042,0.008374174047238316%,up,
JIRE,J.P. Morgan Exchange-Traded Fund Trust JPMorgan International ,$69.1000,-0.9100,-1.3232514177693762%,down,
JIVE,JPMorgan International Value ETF,$66.8200,-0.4000,-0.6029544769369912%,down,
JLQD,Janus Henderson Corporate Bond ETF,$41.0022,-0.1216,-0.29790486643278524%,down,
JMBS,Janus Henderson Mortgage-Backed Securities ETF,$44.2800,-0.0900,-0.20380434782608697%,down,
JMEE,JPMorgan Small & Mid Cap Enhanced Equity ETF,$57.3800,-0.6800,-1.1892270024484086%,down,
JMHI,J.P. Morgan Exchange-Traded Fund Trust JPMorgan High Yield Mun,$49.6400,0.0803,0.16166602577395345%,up,
JMID,Janus Henderson Mid Cap Growth Alpha ETF,$27.7287,-0.2500,-0.8999053299592883%,down,
JMOM,JPMorgan U.S. Momentum Factor ETF,$60.6709,-0.2317,-0.3812843209370675%,down,
JMSI,J.P. Morgan Exchange-Traded Fund Trust JPMorgan Sustainable Mu,$49.2700,-0.0600,-0.12175324675324675%,down,
JMST,JPMorgan Ultra-Short Municipal Income ETF,$50.8500,0.0150,0.029510131811922094%,up,
JMUB,JPMorgan Municipal ETF,$49.4800,0.0000,0%,unch,
JNEU,SHL Telemedicine Ltd AllianzIM U.S. Equity Buffer15 Uncapped J,$27.0489,-0.1435,-0.5323549379166558%,down,
JNK,SPDR Bloomberg High Yield Bond ETF,$95.8000,-0.0500,-0.05225752508361203%,down,
JNUG,Direxion Daily Junior Gold Miners Index Bull 2X Shares,$73.6300,2.2100,2.994579945799458%,up,
JOET,Virtus ETF Trust II Virtus Terranova U.S. Quality Momentum ETF,$39.2600,-0.2533,-0.6463383516203114%,down,
JOJO,ATAC Credit Rotation ETF,$14.9456,-0.0088,-0.05896147403685092%,down,
JPAN,Matthews International Funds Matthews Japan Active ETF,$33.8610,-0.5715,-1.7000175504873978%,down,
JPEF,JPMorgan Equity Focus ETF,$67.0500,-0.2900,-0.4340667564735817%,down,
JPEM,JPMorgan Diversified Return Emerging Markets Equity ETF,$55.8335,-0.2911,-0.5220597597915348%,down,
JPIB,J.P. Morgan Exchange-Traded Fund Trust JPMorgan International ,$48.1300,-0.1500,-0.31269543464665417%,down,
JPIE,JPMorgan Income ETF,$45.9500,-0.0200,-0.043544524276072284%,down,
JPIN,JPMorgan Diversified Return International Equity ETF,$62.6363,-0.5322,-0.8535302344080778%,down,
JPLD,J.P. Morgan Exchange-Traded Fund Trust JPMorgan Limited Durati,$51.9350,-0.0200,-0.03861749372465727%,down,
JPMB,JPMorgan USD Emerging Markets Sovereign Bond ETF,$38.1431,-0.0884,-0.23256058676824967%,down,
JPME,JPMorgan Diversified Return U.S. Mid Cap Equity ETF,$101.5830,-1.0240,-1.011511874398674%,down,
JPMO,Tidal Trust II YieldMax JPM Option Income Strategy ETF,$16.1100,-0.0518,-0.32217536788944034%,down,
JPRE,J.P. Morgan Exchange-Traded Fund Trust JPMorgan Realty Income ,$47.7900,-0.0700,-0.14777285201604393%,down,
JPSE,JPMorgan Diversified Return U.S. Small Cap Equity ETF,$44.0800,-0.5000,-1.1353315168029066%,down,
JPST,JPMorgan Ultra-Short Income ETF,$50.6000,-0.0100,-0.019766752322593395%,down,
JPSV,J.P. Morgan Exchange-Traded Fund Trust JPMorgan Active Small C,$55.4200,-0.7065,-1.2782679966202342%,down,
JPUS,JPMorgan Diversified Return U.S. Equity ETF,$115.6491,-1.0171,-0.8824442952158349%,down,
JPXN,iShares JPX-Nikkei 400 ETF,$78.7241,-1.3579,-1.7319777504824514%,down,
JQUA,JPMorgan U.S. Quality Factor ETF,$58.6700,-0.5100,-0.8707529451937852%,down,
JRE,Janus Henderson U.S. Real Estate ETF,$23.8592,-0.0355,-0.15015459578805784%,down,
JSCP,JPMorgan Short Duration Core Plus ETF,$47.1500,-0.0100,-0.021253985122210415%,down,
JSI,Janus Detroit Street Trust Janus Henderson Securitized Income ,$52.1200,0.0200,0.03838771593090211%,up,
JSMD,Janus Henderson Small/Mid Cap Growth Alpha ETF,$73.9100,-0.9000,-1.220173535791757%,down,
JSML,Janus Henderson Small Cap Growth Alpha ETF,$64.5200,-0.6900,-1.0689388071262587%,down,
JSTC,Adasina Social Justice All Cap Global ETF,$19.2201,-0.1663,-0.8675556112015357%,down,
JTEK,JPMorgan U.S. Tech Leaders ETF,$76.8900,-0.6700,-0.8667529107373868%,down,
JUCY,ETF Series Solutions Aptus Enhanced Yield ETF,$22.2701,-0.0500,-0.22321428571428573%,down,
JULD,Innovator ETFs Trust Innovator Premium Income 10 Barrier ETF -,$25.2000,0.0050,0.019845207382417147%,up,
JULH,Innovator ETFs Trust Innovator Premium Income 20 Barrier ETF -,$25.1250,0.0000,0%,unch,
JULJ,Innovator ETFs Trust Innovator Premium Income 30 Barrier ETF -,$25.0900,0.0000,0%,unch,
JULP,PGIM S&P 500 Buffer 12 ETF - July,$27.4415,-0.1222,-0.44658845886781423%,down,
JULQ,Innovator ETFs Trust Innovator Premium Income 40 Barrier ETF -,$25.0450,0.0050,0.019964064683569573%,up,
JULT,AllianzIM U.S. Large Cap Buffer10 Jul ETF,$39.8262,-0.1855,-0.4671449761139079%,down,
JULU,SHL Telemedicine Ltd AllianzIM U.S. Equity Buffer15 Uncapped J,$26.3149,-0.1302,-0.49619658836262753%,down,
JULW,AllianzIM U.S. Large Cap Buffer20 Jul ETF,$35.6904,-0.1238,-0.347778208520847%,down,
JULZ,TrueShares Structured Outcome (July) ETF,$41.6319,-0.1418,-0.3412755716004814%,down,
JUNM,SHL Telemedicine Ltd FT Vest U.S. Equity Max Buffer ETF - June,$32.3960,-0.0843,-0.2608300149443532%,down,
JUNP,PGIM S&P 500 Buffer 12 ETF - June,$27.8766,-0.1356,-0.4880893246657884%,down,
JUNT,AIM ETF Products Trust AllianzIM U.S. Large Cap Buffer10 Jun E,$32.9991,-0.1530,-0.4653879145146278%,down,
JUNW,AIM ETF Products Trust AllianzIM U.S. Large Cap Buffer20 Jun E,$31.1270,-0.0627,-0.2022769872020286%,down,
JUNZ,TrueShares Structured Outcome (June) ETF,$29.7046,-0.1453,-0.4911671049873913%,down,
JUST,Goldman Sachs JUST U.S. Large Cap Equity ETF,$83.3513,-0.4059,-0.4889601495671154%,down,
JVAL,JPMorgan U.S. Value Factor ETF,$42.2300,-0.3794,-0.9007469029406039%,down,
JXI,iShares Global Utilities ETF,$72.8798,-1.0545,-1.454876076842843%,down,
KAPR,Innovator U.S. Small Cap Power Buffer ETF - April,$31.5050,-0.1579,-0.5020332505619657%,down,
KARS,KraneShares Electric Vehicles and Future Mobility Index ETF,$21.1900,-0.1952,-0.9295238095238095%,down,
KAUG,Innovator ETFs Trust Innovator US Small Cap Power Buffer ETF -,$24.4265,-0.1062,-0.4355582897569979%,down,
KBA,KraneShares Bosera MSCI China A 50 Connect Index ETF,$23.7100,-0.0500,-0.21141649048625794%,down,
KBE,SPDR S&P Bank ETF,$53.5600,-0.8000,-1.5063076633402372%,down,
KBUF,KraneShares 90% KWEB Defined Outcome January 2027 ETF,$30.2220,-0.0916,-0.30460633953630667%,down,
KBWB,Invesco KBW Bank ETF,$65.9000,-0.6600,-1.0077874484654146%,down,
KBWD,Invesco KBW High Dividend Yield Financial ETF,$13.6600,-0.0400,-0.2949852507374631%,down,
KBWP,Invesco KBW Property & Casualty Insurance ETF,$124.2400,-1.3100,-1.0680799021606195%,down,
KBWR,Invesco KBW Regional Banking ETF,$56.4889,-0.8813,-1.5715049928673324%,down,
KBWY,Invesco KBW Premium Yield Equity REIT ETF,$15.5900,-0.0900,-0.5813953488372093%,down,
KCAI,KraneShares Trust KraneShares China Alpha Index ETF,$27.6850,0.0156,0.05683205036194001%,up,
KCCA,KraneShares California Carbon Allowance Strategy ETF,$14.6600,-0.0800,-0.5445881552076243%,down,
KCE,SPDR S&P Capital Markets ETF,$135.5234,-1.3400,-0.9864546525323911%,down,
KCSH,KraneShares Trust KraneShares Sustainable Ultra Short Duration,$25.0550,-0.0050,-0.01990049751243781%,down,
KDEC,Innovator ETFs Trust Innovator U.S. Small Cap Power Buffer ETF,$23.3901,-0.1110,-0.4752892413356056%,down,
KDRN,ETF Opportunities Trust Kingsbarn Tactical Bond ETF,$23.3047,-0.0722,-0.31129142827578177%,down,
KEAT,Keating Active ETF,$26.8881,-0.1525,-0.5689767745546125%,down,
KEMQ,KraneShares Emerging Markets Consumer Technology Index ETF,$20.2562,-0.1658,-0.8223105040495569%,down,
SCHM,Schwab U.S. Mid Cap ETF,$27.1200,-0.3000,-1.1086474501108647%,down,
SCHO,Schwab Short-Term U.S. Treasury ETF,$24.3000,-0.0200,-0.08240626287597858%,down,
SCHP,Schwab U.S. TIPS ETF,$26.4300,-0.1200,-0.45558086560364464%,down,
SCHQ,Schwab Long-Term U.S. Treasury ETF,$31.1800,-0.1300,-0.4203039120594892%,down,
SCHR,Schwab Intermediate-Term U.S. Treasury ETF,$24.7600,-0.0500,-0.2025931928687196%,down,
SCHV,Schwab U.S. Large-Cap Value ETF,$26.7900,-0.2000,-0.7499062617172852%,down,
SCHX,Schwab U.S. Large-Cap ETF,$23.3400,-0.1400,-0.6018916595012898%,down,
SCHY,Schwab International Dividend Equity ETF,$27.1200,-0.2800,-1.0393466963622866%,down,
SCHZ,Schwab US Aggregate Bond ETF,$22.9100,-0.0400,-0.17520805957074026%,down,
SCIO,First Trust Exchange-Traded Fund IV First Trust Structured Cre,$20.3850,-0.0750,-0.36936715094804234%,down,
SCJ,iShares MSCI Japan Sm Cap,$82.3200,-0.8300,-1.0080155452999757%,down,
SCLZ,Northern Lights Fund Trust III Swan Enhanced Dividend Income E,$52.7009,-0.1060,-0.20154045354207345%,down,
SCMB,Schwab Strategic Trust Schwab Municipal Bond ETF,$25.0600,-0.0300,-0.11990407673860912%,down,
SCO,ProShares UltraShort Bloomberg Crude Oil,$20.6000,-0.2000,-0.9930486593843098%,down,
SCUS,Schwab Strategic Trust Schwab Ultra-Short Income ETF,$25.1700,0.0053,0.021060746345165766%,up,
SCYB,Schwab Strategic Trust Schwab High Yield Bond ETF,$26.1900,-0.0200,-0.07651109410864575%,down,
SCZ,iShares MSCI EAFE Small-Cap ETF,$70.3200,-0.6100,-0.869937250427838%,down,
SDCI,USCF SummerHaven Dynamic Commodity Strategy No K-1 Fund,$20.5600,-0.1242,-0.5978109146218196%,down,
SDCP,Virtus ETF Trust II Virtus Newfleet Short Duration Core Plus B,$25.9399,-0.0052,-0.020162853819309812%,down,
SDD,ProShares UltraShort SmallCap600,$17.0334,0.3812,2.221263999440605%,up,
SDEM,Global X MSCI SuperDividend Emerging Markets ETF,$26.5800,-0.0230,-0.08683472331814354%,down,
SDFI,AB Active ETFs Inc. AB Short Duration Income ETF,$35.6350,-0.0344,-0.09672267584407404%,down,
SDG,iShares MSCI Global Sustainable Development Goals ETF,$75.5000,-0.2300,-0.3071991451849873%,down,
SDIV,Global X SuperDividend ETF,$21.6100,-0.0700,-0.3272557269752221%,down,
SDOG,ALPS Sector Dividend Dogs ETF,$56.4850,-0.5600,-0.9930838801205889%,down,
SDOW,UltraPro Short Dow30,$47.4300,0.8300,1.7374921498848648%,up,
SDP,ProShares UltraShort Utilities,$14.3100,0.3700,2.5552486187845305%,up,
SDS,ProShares UltraShort S&P500,$18.4000,0.2000,1.0787486515641855%,up,
SDSI,American Century Short Duration Strategic Income ETF,$51.1600,-0.0891,-0.1745005875440658%,down,
SDVD,FT Vest SMID Rising Dividend Achievers Target Income ETF,$20.2000,-0.2400,-1.1934361014420687%,down,
SDVY,First Trust SMID Cap Rising Dividend Achievers ETF,$34.5000,-0.4700,-1.3674716322374165%,down,
SDY,SPDR S&P Dividend ETF,$134.3900,-1.5500,-1.1596588358521622%,down,
SEA,ETF Series Solutions U.S. Global Sea to Sky Cargo ETF,$13.9200,-0.1974,-1.4160688665710186%,down,
SECR,NYLI MacKay Securitized Income ETF,$25.8221,-0.0054,-0.020983423095754353%,down,
SECT,Northern Lights Fund Trust IV Main Sector Rotation ETF,$54.5200,-0.3200,-0.5871559633027523%,down,
SEEM,SEI Select Emerging Markets Equity ETF,$26.1500,-0.2600,-1.0046367851622875%,down,
SEF,ProShares Short Financials,$33.4392,0.2346,0.6985302875110169%,up,
SEIE,SEI Select International Equity ETF,$28.6241,-0.4600,-1.6163035839775122%,down,
SEIM,SEI Enhanced U.S. Large Cap Momentum Factor ETF,$39.6000,-0.2400,-0.6054490413723511%,down,
SEIQ,SEI Enhanced U.S. Large Cap Quality Factor ETF,$36.3100,-0.1500,-0.41402152911951423%,down,
SEIS,SEI Select Small Cap ETF,$24.5641,-0.2674,-1.0904227121104615%,down,
SEIV,SEI Enhanced U.S. Large Cap Value Factor ETF,$34.0400,-0.3500,-1.0306242638398115%,down,
SEIX,Virtus Seix Senior Loan ETF,$23.5000,0.0000,0%,unch,
SELV,SEI Enhanced Low Volatility U.S. Large Cap ETF,$30.8100,-0.2000,-0.6506180871828238%,down,
SEMI,Columbia Select Technology ETF,$25.3662,-0.0922,-0.3647353888269129%,down,
SEPP,PGIM S&P 500 Buffer 12 ETF - September,$27.2398,-0.0896,-0.3297463602773402%,down,
SEPT,AIM ETF Products Trust AllianzIM U.S. Large Cap Buffer10 Sep E,$31.0137,-0.0988,-0.3194165152563414%,down,
SEPW,AIM ETF Products Trust AllianzIM U.S. Large Cap Buffer20 Sep E,$29.3787,-0.0621,-0.21181598954904682%,down,
SEPZ,Listed Funds Trust TrueShares Structured Outcome (September) E,$38.3630,-0.1425,-0.37235140565921876%,down,
SETH,ProShares Short Ether ETF,$14.9600,0.3200,2.1178027796161483%,up,
SETM,Sprott Critical Materials ETF,$14.9500,-0.1100,-0.726552179656539%,down,
SFEB,First Trust Exchange-Traded Fund VIII FT Vest U.S. Small Cap M,$20.7606,-0.1313,-0.6337209021714473%,down,
SFLO,VictoryShares Small Cap Free Cash Flow ETF,$25.0535,-0.2500,-0.99601593625498%,down,
SFLR,Innovator ETFs Trust Innovator Equity Managed Floor ETF,$32.3600,-0.1400,-0.4335707649427068%,down,
SFY,SoFi Select 500 ETF,$111.2300,-0.5700,-0.5149981929887965%,down,
SFYF,SoFi Social 50 ETF,$44.4100,-0.2800,-0.6302048165653839%,down,
SFYX,SoFi Next 500 ETF,$14.3210,-0.1400,-0.9783368273934313%,down,
SGDJ,Sprott Junior Gold Miners ETF,$48.4900,0.7200,1.483007209062822%,up,
SGDM,Sprott Gold Miners ETF,$42.7000,0.3200,0.745920745920746%,up,
SGLC,The RBB Fund Inc. SGI U.S. Large Cap Core ETF,$32.5773,-0.1277,-0.3931940783801759%,down,
SGOL,abrdn Physical Gold Shares ETF,$31.6400,-0.0700,-0.22250476795931343%,down,
SGOV,iShares 0-3 Month Treasury Bond ETF,$100.6800,0.0300,0.02979737783075089%,up,
SH,ProShares Short S&P500,$41.8500,0.2400,0.5712925493930017%,up,
SHAG,WisdomTree Yield Enhanced U.S. Short-Term Aggregate Bond Fund,$47.5229,-0.3200,-0.6741099641879081%,down,
SHDG,Trust For Advised Portfolios Soundwatch Hedged Equity ETF,$28.9284,-0.0900,-0.3113109650639917%,down,
SHE,SPDR MSCI USA Gender Diversity ETF,$120.0588,-0.6679,-0.5575809385625783%,down,
SHLD,Global X Funds Global X Defense Tech ETF,$56.6000,-0.1700,-0.29961226647867467%,down,
SHM,SPDR Nuveen Bloomberg Short Term Municipal Bond ETF,$47.5800,-0.0100,-0.02103491796381994%,down,
SHNY,Bank Of Montreal MicroSectors Gold 3X Leveraged ETNs due Janua,$72.7600,-0.6400,-0.8944793850454228%,down,
SHOC,EA Series Trust Strive U.S. Semiconductor ETF,$46.7300,-0.2639,-0.569117964200992%,down,
SHPP,Pacer Funds Pacer Industrials and Logistics ETF,$27.6164,-0.2285,-0.8288445145727914%,down,
SHRT,Tidal ETF Trust Gotham Short Strategies ETF,$8.1150,0.0857,1.0592408567861866%,up,
SHRY,First Trust Bloomberg Shareholder Yield ETF,$41.2800,-0.3146,-0.7590709704816457%,down,
SHUS,Exchange Listed Funds Trust Stratified LargeCap Hedged ETF,$42.7441,-0.3830,-0.897108873413956%,down,
SHV,iShares Short Treasury Bond ETF,$110.4200,0.0100,0.009058791557206269%,up,
SHY,iShares 1-3 Year Treasury Bond ETF,$82.5500,-0.0600,-0.07276255154014068%,down,
SHYD,VanEck ETF Trust VanEck Short High Yield Muni ETF,$22.4600,0.0100,0.04448398576512456%,up,
SHYG,iShares 0-5 Year High Yield Corporate Bond ETF,$42.6800,-0.0100,-0.02345765892563922%,down,
SHYL,Xtrackers Short Duration High Yield Bond ETF,$44.8400,-0.0150,-0.03350832123310622%,down,
SHYM,iShares High Yield Muni Income Active ETF,$22.2800,-0.1000,-0.449034575662326%,down,
SIFI,Harbor Scientific Alpha Income ETF,$43.3312,-0.0851,-0.19724185884807044%,down,
SIHY,Harbor Scientific Alpha High-Yield ETF,$45.0900,0.0100,0.02220741727737064%,up,
SIJ,ProShares UltraShort Industrials,$6.8426,0.0652,0.9532163742690059%,up,
SIL,Global X Silver Miners ETF,$42.9400,0.3500,0.8145217593670002%,up,
SILJ,Amplify ETF Trust Amplify Junior Silver Miners ETF,$13.0200,0.1600,1.21580547112462%,up,
SIMS,SPDR S&P Kensho Intelligent Structures ETF,$33.2956,-0.3261,-0.9787443499348705%,down,
SIO,Touchstone Strategic Income ETF,$25.7015,-0.0349,-0.13563880435754233%,down,
SIVR,abrdn Physical Silver Shares ETF,$31.8000,-0.2500,-0.7951653944020356%,down,
SIXA,ETC 6 Meridian Mega Cap Equity ETF,$47.1225,-0.2400,-0.509987250318742%,down,
SIXD,SHL Telemedicine Ltd AllianzIM U.S. Large Cap 6 Month Buffer10,$26.6941,-0.0150,-0.056074766355140186%,down,
SIXF,AIM ETF Products Trust AllianzIM U.S. Large Cap 6 Month Buffer,$28.7667,-0.0953,-0.3318857588621855%,down,
SIXG,Defiance Connective Technologies ETF,$46.4600,-0.3200,-0.6872852233676976%,down,
SIXH,ETC 6 Meridian Hedged Equity Index Option ETF,$38.2105,-0.0205,-0.05365508938152695%,down,
SIXJ,AIM ETF Products Trust AllianzIM U.S. Large Cap 6 Month Buffer,$30.8218,-0.1016,-0.3303162713275073%,down,
SIXL,ETC 6 Meridian Low Beta Equity ETF,$36.4970,-0.3363,-0.9236803291520981%,down,
SIXO,AllianzIM U.S. Large Cap 6 Month Buffer10 Apr/Oct ETF,$32.4300,-0.0552,-0.17026579354038723%,down,
SIXP,AIM ETF Products Trust AllianzIM U.S. Large Cap 6 Month Buffer,$28.3789,-0.0673,-0.23758084102911686%,down,
SIXS,ETC 6 Meridian Small Cap Equity ETF,$46.0925,-0.5042,-1.0984749455337692%,down,
SIXZ,SHL Telemedicine Ltd AllianzIM U.S. Large Cap 6 Month Buffer10,$27.8199,-0.0282,-0.10171105404391609%,down,
SIZE,iShares MSCI USA Size Factor ETF,$149.5600,-1.3000,-0.8725417813276058%,down,
SJB,ProShares Short High Yield,$15.9700,0.0000,0%,unch,
SJCP,SanJac Alpha Core Plus Bond ETF,$25.0700,0.0050,0.019972039145196723%,up,
SJLD,SanJac Alpha Low Duration ETF,$25.2161,-0.0207,-0.08219406535023804%,down,
SJNK,SPDR Bloomberg Short Term High Yield Bond ETF,$25.2200,0.0100,0.03968253968253968%,up,
SKF,ProShares UltraShort Financials,$30.1900,0.4300,1.4093739757456571%,up,
SKOR,FlexShares Credit-Scored US Corporate Bond Index Fund,$48.2500,-0.0400,-0.08307372793354102%,down,
SKRE,Tuttle Capital Daily 2X Inverse Regional Banks ETF,$13.0466,0.3753,2.836734693877551%,up,
SKYU,ProShares Ultra Cloud Computing,$30.3700,-0.1350,-0.4376012965964343%,down,
SKYY,First Trust Cloud Computing ETF,$114.4900,-0.3900,-0.3380135205408216%,down,
SLDR,Global X Funds Global X Short-Term Treasury Ladder ETF,$50.1200,-0.0400,-0.07987220447284345%,down,
SLQD,iShares 0-5 Year Investment Grade Corporate Bond ETF,$50.2800,-0.0300,-0.059713375796178345%,down,
SLV,iShares Silver Trust,$30.3000,-0.2500,-0.8338892595063375%,down,
SLVO,UBS AG,$77.8000,-0.3800,-0.4927385892116182%,down,
SLVP,iShares MSCI Global Silver Miners Fund,$15.5800,0.0000,0%,unch,
SLX,VanEck Steel ETF,$62.6800,-0.9500,-1.5163607342378294%,down,
SLYG,SPDR S&P 600 Small Cap Growth ETF (based on S&P SmallCap 600 G,$85.8100,-1.0100,-1.1800443977100128%,down,
SLYV,SPDR S&P 600 Small Cap Value ETF (based on S&P SmallCap Value ,$77.4300,-0.9100,-1.1819716846343682%,down,
SMAP,Amplify ETF Trust Amplify Small-Mid Cap Equity ETF,$23.6065,-0.2359,-1.0003986327743992%,down,
SMAY,FT Vest U.S. Small Cap Moderate Buffer ETF - May,$23.3500,-0.1076,-0.4620008587376557%,down,
SMB,VanEck ETF Trust VanEck Short Muni ETF,$17.1700,0.0000,0%,unch,
SMBS,Schwab Strategic Trust Schwab Mortgage-Backed Securities ETF,$25.0200,-0.0500,-0.200160128102482%,down,
SMCF,Themes US Small Cap Cash Flow Champions ETF,$28.7527,-0.4901,-1.7154357717885893%,down,
SMCO,Hilton Small-MidCap Opportunity ETF,$24.5547,-0.2130,-0.8676171079429735%,down,
SMCX,Defiance Daily Target 2x Long SMCI ETF,$37.4900,0.6600,1.6905737704918034%,up,
SMCY,Tidal Trust II YieldMax SMCI Option Income Strategy ETF,$19.9300,0.1600,0.7964161274265804%,up,
SMDD,UltraPro Short MidCap400,$8.6100,0.3147,3.627665706051873%,up,
SMDV,ProShares Russell 2000 Dividend Growers ETF,$64.4500,-0.9082,-1.4210208443511214%,down,
SMH,VanEck Semiconductor ETF,$244.0800,-2.6100,-1.0769103812510314%,down,
SMHB,NO Name,$4.1700,-0.0427,-1.0396123974387068%,down,
SMHX,VanEck Fabless Semiconductor ETF,$27.7500,-0.3953,-1.4291395516992047%,down,
SMI,VanEck HIP Sustainable Muni ETF,$44.5160,-0.0900,-0.20242914979757085%,down,
SMIG,Bahl & Gaynor Small/Mid Cap Income Growth ETF,$28.5300,-0.3900,-1.367461430575035%,down,
SMIN,Ishares MSCI India Small Cap ETF,$74.7200,-0.0500,-0.0673854447439353%,down,
SMIZ,Zacks Trust Zacks Small/Mid Cap ETF,$32.5400,-0.3780,-1.1647972389991372%,down,
SMLF,iShares U.S. Small-Cap Equity Factor ETF,$,,,null,
SMLL,Harbor ETF Trust Harbor Active Small Cap ETF,$,,,null,
SMLV,SPDR SSGA US Small Cap Low Volatility Index ETF,$,,,null,
SMMD,iShares Trust iShares Russell 2500 ETF,$,,,null,
SMMU,Short Term Municipal Bond Active Exchange-Traded Fund,$,,,null,
SMMV,iShares MSCI USA Small-Cap Min Vol Factor ETF,$,,,null,
SMN,ProShares UltraShort Materials,$,,,null,
SMOG,VanEck Low Carbon Energy ETF,$109.3961,-0.5712,-0.5247164216397756%,down,
SMOT,VanEck ETF Trust VanEck Morningstar SMID Moat ETF,$33.5100,-0.2900,-0.8698260347930412%,down,
SMRI,Bushido Capital US Equity ETF,$31.3412,-0.3162,-1.011788196444342%,down,
SMST,Defiance Daily Target 2x Short MSTR ETF,$29.6800,1.2500,4.059759662227997%,up,
SMTH,ALPS ETF Trust ALPS,$25.5400,-0.0450,-0.17681728880157171%,down,
SNAV,Collaborative Investment Series Trust Mohr Sector Nav ETF,$30.7700,-0.1900,-0.6182883176049463%,down,
SNOV,FT Vest U.S. Small Cap Moderate Buffer ETF - November,$22.5027,-0.1247,-0.5549226579326796%,down,
SNOY,Tidal Trust II YieldMax SNOW Option Income Strategy ETF,$17.0900,-0.0900,-0.5226480836236934%,down,
SNPD,Xtrackers S&P Dividend Aristocrats Screened ETF,$26.0417,-0.3117,-1.20319617077125%,down,
SNPE,Xtrackers S&P 500 Scored & Screened ETF,$52.5800,-0.2800,-0.5352705027719366%,down,
SNPG,Xtrackers S&P 500 Growth Scored & Screened ETF,$45.2559,-0.1686,-0.3736205291849488%,down,
SNPV,Xtrackers S&P 500 Value Scored & Screened ETF,$31.5267,-0.1882,-0.5991226450532589%,down,
SNSR,Global X Internet of Things ETF,$35.4400,-0.1800,-0.5060444194545966%,down,
SOCL,Global X Social Media ETF,$46.8600,-0.5900,-1.2742980561555077%,down,
SOFR,Amplify ETF Trust Amplify Samsung SOFR ETF,$100.1580,0.0000,0%,unch,
SOLR,SmartETFs Sustainable Energy II ETF,$25.8620,-0.2014,-0.7819537195216649%,down,
SOVF,Elevation Series Trust Sovereign's Capital Flourish Fund,$29.4800,-0.3022,-1.0265712791037376%,down,
SOXL,Direxion Daily Semiconductor Bull 3X Shares,$17.2000,-0.2500,-1.4671361502347418%,down,
SOXQ,Invesco PHLX Semiconductor ETF,$38.2900,-0.1800,-0.47231697717134613%,down,
SOXS,Direxion Daily Semiconductor Bear 3X Shares,$12.2100,0.2000,1.6207455429497568%,up,
SOXX,iShares Semiconductor ETF,$209.0900,-1.0500,-0.5042258932001537%,down,
SOXY,Tidal Trust II YieldMax Target 12 Semiconductor Option Income ,$47.2906,-0.2404,-0.5105909389223642%,down,
SOYB,Teucrium Soybean Fund ETV,$21.7800,-0.3403,-1.563160312356454%,down,
SPAB,SPDR Portfolio Aggregate Bond ETF,$25.2400,-0.0300,-0.11928429423459246%,down,
SPAM,Themes Cybersecurity ETF,$30.5700,-0.7607,-2.4586296056884294%,down,
SPAQ,Horizon Kinetics SPAC Active ETF,$103.8700,-0.7800,-0.7577965607694549%,down,
SPBC,Simplify US Equity PLUS Bitcoin Strategy ETF,$39.2700,-0.2299,-0.5836491910403884%,down,
SPBO,SPDR Portfolio Corporate Bond ETF,$28.7200,-0.0700,-0.24466969591052085%,down,
SPC,CrossingBridge Pre-Merger SPAC ETF,$21.2500,-0.0100,-0.047058823529411764%,down,
SPCX,SPAC and New Issue ETF,$24.9200,-0.2486,-0.9880213342659788%,down,
SPCZ,Listed Funds Trust RiverNorth Enhanced Pre-Merger SPAC ETF,$27.3723,-0.0099,-0.036006808560164104%,down,
SPD,Simplify Exchange Traded Funds Simplify US Equity PLUS Downsid,$36.6384,-0.2966,-0.8120420969631925%,down,
SPDG,SPDR Series Trust SPDR Portfolio S&P Sector Neutral Dividend E,$37.4631,-0.2811,-0.752431147598029%,down,
SPDN,Direxion Daily S&P 500 Bear 1X Shares,$10.8800,0.0700,0.6398537477148082%,up,
SPDV,AAM S&P 500 High Dividend Value ETF,$31.4640,-0.3162,-1.0021202354126852%,down,
SPDW,SPDR Portfolio Developed World ex-US ETF,$39.7800,-0.3500,-0.8831693161746151%,down,
SPEM,SPDR Index Shares Fund SPDR Portfolio Emerging Markets ETF,$41.3800,-0.2300,-0.5578462284744119%,down,
SPEU,SPDR Portfolio Europe ETF,$48.0100,-0.4600,-0.9617394940413967%,down,
SPFF,Global X SuperIncome Preferred ETF,$8.7685,-0.0497,-0.5667046750285063%,down,
SPGM,SPDR Portfolio MSCI Global Stock Market ETF,$66.4700,-0.4750,-0.7171435041896278%,down,
SPGP,Invesco S&P 500 GARP ETF,$101.7000,-1.1000,-1.0834236186348865%,down,
SPHB,Invesco S&P 500 High Beta ETF,$88.6700,-0.7000,-0.7897111913357401%,down,
SPHD,Invesco S&P 500 High Dividend Low Volatility ETF,$47.4300,-0.5000,-1.0626992561105209%,down,
SPHQ,Invesco S&P 500 Quality ETF,$70.1200,-0.3300,-0.4713612341094129%,down,
SPHY,SPDR Portfolio High Yield Bond ETF,$23.4700,-0.0100,-0.042643923240938165%,down,
SPIB,SPDR Portfolio Intermediate Term Corporate Bond ETF,$33.1900,-0.0400,-0.12077294685990339%,down,
SPIP,SPDR Portfolio TIPS ETF,$25.8000,-0.0600,-0.23310023310023312%,down,
SPLB,SPDR Portfolio Long Term Corporate Bond ETF,$21.9500,-0.0900,-0.4132231404958677%,down,
SPLG,SPDR Portfolio S&P 500 ETF,$69.4000,-0.4000,-0.5787037037037037%,down,
SPLV,Invesco S&P 500 Low Volatility ETF,$73.1100,-0.6100,-0.8392955421023665%,down,
SPMB,SPDR Portfolio Mortgage Backed Bond ETF,$21.7300,-0.0100,-0.046189376443418015%,down,
SPMD,SPDR Portfolio S&P 400 Mid Cap ETF  ,$52.8800,-0.6800,-1.2890995260663507%,down,
SPMO,Invesco S&P 500 Momentum ETF,$105.2300,-0.4300,-0.4101096804959466%,down,
SPMV,Invesco S&P 500 Minimum Variance ETF,$47.4404,-0.2840,-0.6020303686164112%,down,
SPPP,Sprott Physical Platinum and Palladium Trust,$10.2400,-0.0400,-0.3913894324853229%,down,
SPRE,SP Funds S&P Global REIT Sharia ETF,$19.4600,-0.0200,-0.10325245224574083%,down,
SPRX,Spear Alpha ETF,$27.0600,-0.1216,-0.4446069469835466%,down,
SPSB,SPDR Portfolio Short Term Corporate Bond ETF,$30.0400,0.0000,0%,unch,
SPSK,Tidal ETF Trust SP Funds Dow Jones Global Sukuk ETF,$18.0200,-0.0100,-0.05534034311012728%,down,
SPSM,SPDR Portfolio S&P 600 Small Cap ETF,$41.2800,-0.4700,-1.143274142544393%,down,
SPTB,SPDR Series Trust SPDR Portfolio Treasury ETF,$30.1594,-0.0614,-0.20429145136765475%,down,
SPTE,SP Funds Trust SP Funds S&P Global Technology ETF,$28.5455,-0.1100,-0.3854239663629993%,down,
SPTI,SPDR Portfolio Intermediate Term Treasury ETF,$28.4500,-0.0600,-0.21156558533145275%,down,
SPTL,SPDR Portfolio Long Term Treasury ETF,$25.9600,-0.1300,-0.5052467936261174%,down,
SPTM,SPDR Portfolio S&P 1500 Composite Stock Market ETF,$71.5900,-0.4400,-0.616937745372967%,down,
SPTS,SPDR Portfolio Short Term Treasury ETF,$29.1900,0.0000,0%,unch,
SPUC,Simplify Exchange Traded Funds Simplify US Equity PLUS Upside ,$41.6535,-0.3898,-0.9409118009843607%,down,
SPUS,SP Funds S&P 500 Sharia Industry Exclusions ETF,$41.9000,-0.2300,-0.5506344266219775%,down,
SPUU,Direxion Daily S&P 500 Bull 2X Shares,$143.0200,-1.4900,-1.0498132882406819%,down,
SPVM,Invesco S&P 500 Value with Momentum ETF,$57.7264,-0.7223,-1.2549146334895245%,down,
SPVU,Invesco S&P 500 Enhanced Value ETF,$50.2201,-0.5153,-1.0311217476042878%,down,
SPWO,SP Funds Trust SP Funds S&P World (ex-US) ETF,$23.3708,-0.0855,-0.36687406136022316%,down,
SPXE,ProShares S&P 500 Ex-Energy ETF,$63.7626,-0.3084,-0.4853452183109231%,down,
SPXL,Direxion Daily S&P 500 Bull 3X Shares,$152.2200,-2.8400,-1.8910640564655745%,down,
SPXN,ProShares S&P 500 Ex-Financials ETF,$62.8960,-0.3017,-0.48121399268848214%,down,
SPXS,Direxion Daily S&P 500 Bear 3X,$5.4300,0.0900,1.639344262295082%,up,
SPXT,ProShares S&P 500 Ex-Technology ETF,$93.2304,-0.6128,-0.6597341469480298%,down,
SPXU,ProShares UltraPro Short S&P500,$19.4800,0.3300,1.6751269035532996%,up,
SPXV,ProShares S&P 500 Ex-Health Care ETF,$64.4382,-0.3185,-0.4958379193800236%,down,
SPY,SPDR S&P 500,$590.0500,-3.4200,-0.5818998519728447%,down,
SPYC,Simplify Exchange Traded Funds Simplify US Equity PLUS Convexi,$39.3416,-0.3776,-0.9631965063719937%,down,
SPYD,SPDR Series Trust SPDR Portfolio S&P 500 High Dividend ETF,$42.4600,-0.3700,-0.8786511517454286%,down,
SPYG,SPDR Series Trust SPDR Portfolio S&P 500 Growth ETF,$89.9000,-0.3300,-0.3684680661009379%,down,
SPYI,NEOS S&P 500 High Income ETF,$49.0200,-0.1200,-0.24529844644317253%,down,
SPYQ,Tradr 2X Long SPY Quarterly ETF,$25.1300,-0.3095,-1.2384706188351573%,down,
SPYT,Tidal Trust II Defiance S&P 500 Target Income ETF,$17.7400,-0.0900,-0.5093378607809846%,down,
SPYU,Bank Of Montreal MAX S&P 500 4X Leveraged ETNs due October 30,$36.5800,-0.8400,-2.328159645232816%,down,
SPYV,SPDR Series Trust SPDR Portfolio S&P 500 Value ETF,$50.7100,-0.3700,-0.7329635499207607%,down,
SPYX,SPDR S&P 500 Fossil Fuel Reserves Free ETF,$48.5600,-0.2500,-0.5168492867479844%,down,
SQEW,LeaderShares Equity Skew ETF,$31.7267,-0.2451,-0.775527380767807%,down,
SQLV,Royce Quant Small-Cap Quality Value ETF,$38.6400,-0.4071,-1.0560311284046693%,down,
SQQQ,ProShares UltraPro Short QQQ,$23.5800,0.3200,1.349072512647555%,up,
SRET,Global X SuperDividend REIT ETF,$20.6900,0.0400,0.19436345966958213%,up,
SRHQ,SRH U.S. Quality GARP ETF,$36.1411,-0.2512,-0.6952459238716783%,down,
SRHR,Elevation Series Trust SRH REIT Covered Call ETF,$54.5932,-0.1007,-0.1859666294240944%,down,
SRLN,SPDR Blackstone Senior Loan ETF,$41.3700,0.0300,0.07260406582768635%,up,
SROI,Calamos ETF Trust Calamos Antetokounmpo Global Sustainable Equ,$30.8991,-0.1867,-0.605873762777868%,down,
SRS,ProShares UltraShort Real Estate,$48.0700,0.0400,0.08168266285480907%,up,
SRTY,ProShares UltraPro Short Russell2000,$19.9600,0.6200,3.076923076923077%,up,
SRVR,Pacer Data & Infrastructure Real Estate ETF,$31.4300,-0.3479,-1.11793059125964%,down,
SSFI,Day Hagan Smart Sector Fixed Income ETF,$21.2013,-0.0473,-0.22395833333333334%,down,
SSG,ProShares UltraShort Semiconductors,$17.2200,0.0600,0.333889816360601%,up,
SSO,ProShares Ultra S&P500,$89.2900,-1.0400,-1.173417578697958%,down,
SSPX,Janus Henderson U.S. Sustainable Equity ETF,$28.5701,-0.2383,-0.8356213860164039%,down,
SSPY,Exchange Listed Funds Trust Stratified LargeCap Index ETF,$79.5508,-0.7559,-0.9514351453270299%,down,
SSUS,Day Hagan Smart Sector ETF,$42.7300,-0.2026,-0.4747243271614485%,down,
SSXU,Day Hagan Smart Sector International ETF,$31.1056,-0.2150,-0.6932107263881142%,down,
STAX,Macquarie ETF Trust Macquarie Tax-Free USA Short Term ETF,$25.2695,-0.0100,-0.039603960396039604%,down,
STBF,Trust for Professional Managers Performance Trust Short Term B,$25.1500,0.0200,0.07952286282306163%,up,
STCE,Schwab Strategic Trust Schwab Crypto Thematic ETF,$42.2000,-2.0400,-4.768583450210379%,down,
STIP,iShares 0-5 Year TIPS Bond ETF,$102.5200,-0.0800,-0.078064012490242%,down,
STNC,Hennessy Sustainable ETF,$30.1141,-0.2213,-0.7364539724586847%,down,
STOT,SPDR DoubleLine Short Duration Total Return Tactical ETF,$47.1700,0.0033,0.007002147325179722%,up,
STPZ,PIMCO 1-5 Year U.S. TIPS Index Exchange-Traded Fund,$53.5800,-0.0670,-0.12516345974220064%,down,
STRV,EA Series Trust Strive 500 ETF,$38.1700,-0.1800,-0.4730617608409987%,down,
STXD,EA Series Trust Strive 1000 Dividend Growth ETF,$33.3604,-0.1904,-0.5729831234802707%,down,
STXE,EA Series Trust Strive Emerging Markets Ex-China ETF,$29.6335,0.1377,0.4652388530189846%,up,
STXG,EA Series Trust Strive 1000 Growth ETF,$43.5400,-0.2641,-0.6077425619996364%,down,
STXI,EA Series Trust Strive International Developed Markets ETF,$28.2600,-0.2611,-0.929052551425247%,down,
STXK,EA Series Trust Strive Small-Cap ETF,$29.2850,-0.3744,-1.283704089749568%,down,
STXM,EA Series Trust Strive Mid-Cap ETF,$25.6002,-0.2700,-1.055512118842846%,down,
STXT,EA Series Trust Strive Total Return Bond ETF,$19.9000,-0.0150,-0.07526342197691922%,down,
STXV,EA Series Trust Strive 1000 Value ETF,$29.9118,-0.2528,-0.8488918737407656%,down,
SUB,iShares Short-Term National Muni Bond ETF,$105.9300,-0.0600,-0.05672149744753261%,down,
SUPL,ProShares Trust ProShares Supply Chain Logistics ETF,$37.6579,-0.3005,-0.8004944151862181%,down,
SUPP,TCW Transform Supply Chain ETF,$63.6384,-0.4979,-0.7838476070528967%,down,
SURE,AdvisorShares Insider Advantage ETF,$114.0020,-1.3920,-1.2247020287646608%,down,
SURI,Simplify Exchange Traded Funds Simplify Propel Opportunities E,$14.5231,-0.1051,-0.7294254820038033%,down,
SUSA,iShares MSCI USA ESG Select ETF,$122.2500,-0.7000,-0.5739586749754018%,down,
SUSB,iShares ESG Aware 1-5 Year USD Corporate Bond ETF,$25.0000,-0.0200,-0.08009611533840609%,down,
SUSC,iShares ESG Aware USD Corporate Bond ETF,$22.8500,-0.0400,-0.17574692442882248%,down,
SUSL,iShares ESG MSCI USA Leaders ETF,$104.0600,-0.7800,-0.7543520309477756%,down,
SVAL,iShares US Small Cap Value Factor ETF,$30.0930,-0.3986,-1.3308092695907077%,down,
SVIX,VS TR -1x Short VIX Futures ETF,$14.3000,-0.1500,-1.0467550593161201%,down,
SVOL,Simplify Volatility Premium ETF,$17.9500,-0.5400,-3.0235162374020157%,down,
SVXY,ProShares Short VIX Short Term Futures ETF,$40.5800,-0.1700,-0.41861610440778135%,down,
SWAN,Amplify ETF Trust Amplify BlackSwan Growth & Treasury Core ETF,$29.5002,-0.1600,-0.54539009026206%,down,
SWP,SWP Growth & Income ETF,$24.7100,-0.1509,-0.6094728806782153%,down,
SXQG,ETC 6 Meridian Quality Growth ETF,$31.9263,-0.1300,-0.4077791718946048%,down,
SYFI,AB Active ETFs Inc. AB Short Duration High Yield ETF,$35.5800,0.0600,0.1687289088863892%,up,
SYLD,Cambria Shareholder Yield ETF,$63.3300,-0.8700,-1.378108664660225%,down,
SYNB,Putnam ETF Trust Putnam BioRevolution ETF,$27.6587,-0.3305,-1.2023253445089568%,down,
SZK,ProShares UltraShort Consumer Staples,$11.6622,0.1597,1.3603182309900426%,up,
SZNE,Pacer CFRA-Stovall Equal Weight Seasonal Rotation ETF,$34.3340,-0.2218,-0.6500929122872836%,down,
TACK,Capitol Series Trust Fairlead Tactical Sector ETF,$27.8800,-0.1400,-0.5037783375314863%,down,
TAFI,AB Active ETFs Inc. AB Tax-Aware Short Duration Municipal ETF,$25.0200,-0.0100,-0.03998400639744102%,down,
TAFL,AB Active ETFs Inc. AB Tax-Aware Long Municipal ETF,$24.3300,-0.0288,-0.11834805835216765%,down,
TAFM,AB Active ETFs Inc. AB Tax-Aware Intermediate Municipal ETF,$24.8200,-0.1200,-0.4846526655896607%,down,
TAGG,T. Rowe Price QM U.S. Bond ETF,$42.1500,-0.0400,-0.09514747859181732%,down,
TAGS,Teucrium Agricultural Fund ETV,$24.6543,-0.1681,-0.682586927303071%,down,
TAIL,Cambria Tail Risk ETF,$12.2000,-0.0200,-0.16474464579901152%,down,
TAN,Invesco Solar ETF,$31.9300,-0.2500,-0.7891414141414141%,down,
TARK,Tradr 2X Long Innovation ETF,$37.3300,-1.5000,-3.977724741447892%,down,
TAXE,Intermediate Municipal Income ETF,$49.4900,-0.0300,-0.060704168352893564%,down,
TAXF,American Century Diversified Municipal Bond ETF,$48.7600,-0.1600,-0.3284072249589491%,down,
TAXX,BondBloxx ETF Trust BondBloxx IR+M Tax-Aware Short Duration ET,$50.5701,-0.0100,-0.019807863721897592%,down,
TBF,ProShares Short 20+ Year Treasury,$24.9400,0.0500,0.1992825827022718%,up,
TBFC,ETF Series Solutions The Brinsmere Fund  Conservative ETF,$26.3945,-0.1066,-0.4051229430319614%,down,
TBFG,ETF Series Solutions The Brinsmere Fund Growth ETF,$27.0111,-0.1508,-0.5603260889759185%,down,
TBG,EA Series Trust TBG Dividend Focus ETF,$31.6000,-0.2400,-0.7631160572337043%,down,
TBIL,US Treasury 3 Month Bill ETF,$50.0000,0.0100,0.02%,up,
TBJL,Innovator 20  Year Treasury Bond 9 Buffer ETF - July,$19.8248,-0.0109,-0.055218391270428276%,down,
TBLL,Invesco Short Term Treasury ETF,$105.5100,0.0200,0.018955549237039144%,up,
TBLU,Tortoise Global Water ESG Fund,$51.5500,-0.5927,-1.1562621927428796%,down,
TBT,ProShares UltraShort Lehman 20  Year Treasury,$37.0800,0.5800,1.527521727679747%,up,
TBUX,T. Rowe Price Ultra Short-Term Bond ETF,$49.6700,0.0000,0%,unch,
TBX,ProShares Short 7 10 Year Treasury,$28.7433,0.0937,0.3240846424692691%,up,
TCAF,T. Rowe Price Exchange-Traded Funds Inc. T. Rowe Price Capita,$33.5800,-0.1800,-0.5385996409335727%,down,
TCHI,iShares MSCI China Multisector Tech ETF,$18.7900,-0.2200,-1.186623516720604%,down,
TCHP,T. Rowe Price Blue Chip Growth ETF,$42.6800,-0.1300,-0.30617051342439944%,down,
TDI,Touchstone Dynamic International ETF,$32.5680,-0.1201,-0.37033725050030986%,down,
TDIV,First Trust NASDAQ Technology Dividend Index Fund,$81.5100,-0.3700,-0.45387634936211974%,down,
TDSB,Cabana Target Beta ETF,$22.0200,-0.0922,-0.4194722474977252%,down,
TDSC,Cabana Target Drawdown 10 ETF,$23.9300,-0.1331,-0.5576036866359446%,down,
TDTF,FlexShares iBoxx 5 Year Target Duration TIPS Index Fund,$23.8800,-0.0450,-0.1889168765743073%,down,
TDTT,FlexShares iBoxx 3 Year Target Duration TIPS Index Fund,$24.1100,-0.0200,-0.0829531314807134%,down,
TDV,ProShares S&P Technology Dividend Aristocrats ETF,$77.9845,-0.5350,-0.6851946721311476%,down,
TDVG,T. Rowe Price Dividend Growth ETF,$41.1800,-0.2000,-0.48697345994643293%,down,
TDVI,FT Vest Technology Dividend Target Income ETF,$24.2700,-0.0800,-0.3288121660501439%,down,
TECB,iShares U.S. Tech Breakthrough Multisector ETF,$53.6500,-0.2200,-0.4089219330855019%,down,
TECL,Direxion Technology Bull 3X Shares,$72.4700,-0.8900,-1.2342254888364999%,down,
TECS,Direxion Technology Bear 3X Shares,$35.1300,0.5800,1.6374929418407675%,up,
TEK,BlackRock ETF Trust iShares Technology Opportunities Active ET,$25.7421,-0.0413,-0.16077107833405352%,down,
TEKX,SPDR Galaxy Transformative Tech Accelerators ETF,$26.3500,-0.7000,-2.6405130139569972%,down,
TEMP,J.P. Morgan Exchange-Traded Fund Trust JPMorgan Climate Change,$47.0863,-0.4196,-0.8937300449633966%,down,
TEQI,T. Rowe Price Equity Income ETF,$41.4800,-0.2695,-0.6539357468698438%,down,
TESL,Simplify Volt TSLA Revolution ETF,$25.9051,-0.6794,-2.641493295179294%,down,
TFI,SPDR Nuveen Bloomberg Municipal Bond ETF,$44.5400,-0.0300,-0.06741573033707865%,down,
TFJL,Innovator 20  Year Treasury Bond 5 Floor ETF - July,$19.9608,-0.0545,-0.27406628884072476%,down,
TFLO,iShares Treasury Floating Rate Bond ETF,$50.6500,0.0100,0.019743336623889437%,up,
TFLR,T. Rowe Price Exchange-Traded Funds Inc. T. Rowe Price Floati,$51.3000,0.0486,0.09477637845026969%,up,
TFPN,Blueprint Chesapeake Multi-Asset Trend ETF,$22.1100,-0.0600,-0.2702702702702703%,down,
TGLR,ETF Opportunities Trust LAFFER TENGLER Equity Income ETF,$30.2117,-0.2142,-0.7103111175959518%,down,
TGRT,T. Rowe Price Exchange-Traded Funds Inc. T. Rowe Price Growth,$37.9400,-0.0520,-0.13749338974087785%,down,
TGRW,T. Rowe Price Growth Stock ETF,$39.5452,-0.1091,-0.27655049518001135%,down,
THD,iShares Inc iShares MSCI Thailand ETF,$54.6100,0.1600,0.29438822447102114%,up,
THLV,THOR Equal Weight Low Volatility ETF,$27.8491,-0.2150,-0.7750540735400144%,down,
THNQ,ROBO Global Artificial Intelligence ETF,$50.6837,-0.2810,-0.5524405684043314%,down,
THNR,Amplify ETF Trust Amplify Weight Loss Drug & Treatment ETF,$21.9172,-0.2497,-1.1443944379772129%,down,
THRO,iShares U.S. Thematic Rotation Active ETF,$34.0200,-0.1600,-0.47142015321154984%,down,
THTA,Tidal ETF Trust SoFi Enhanced Yield ETF,$14.9300,0.0400,0.266844563042028%,up,
DUSB,Dimensional ETF Trust Dimensional Ultrashort Fixed Income ETF,$50.7100,0.0250,0.049314528059966466%,up,
DUSL,Direxion Daily Industrials Bull 3X Shares,$61.8248,-1.0400,-1.6823034616628922%,down,
DUST,Direxion Daily Gold Miners Index Bear 2X Shares,$27.1900,-0.5400,-1.988217967599411%,down,
DVAL,BrandywineGLOBAL-Dynamic US Large Cap Value ETF,$13.6439,-0.1301,-0.9545121056493029%,down,
DVDN,ETF Opportunities Trust Kingsbarn Dividend Opportunity ETF,$22.1591,0.0300,0.13692377909630304%,up,
DVLU,First Trust Dorsey Wright Momentum & Value ETF,$28.9700,-0.2200,-0.7620367163145133%,down,
DVND,Touchstone ETF Trust Touchstone Dividend Select ETF,$31.3496,-0.1996,-0.6389183202466046%,down,
DVOL,First Trust Dorsey Wright Momentum & Low Volatility ETF,$35.2198,-0.2436,-0.6939083619375881%,down,
DVY,iShares Select Dividend ETF,$131.0900,-1.7500,-1.3422304034361099%,down,
DVYA,iShares Asia / Pacific Dividend 30 Index Fund Exchange Traded ,$37.3136,-0.1224,-0.3279742765273312%,down,
DVYE,iShares Emerging Markets Dividend Index Fund Exchange Traded F,$28.6100,-0.0100,-0.0350385423966363%,down,
DWAS,Invesco Dorsey Wright SmallCap Momentum ETF,$81.5500,-0.8400,-1.0341007017111905%,down,
DWAT,Arrow Investments Trust Arrow DWA Tactical ETF,$12.0750,-0.0714,-0.5938420080842357%,down,
DWAW,AdvisorShares Dorsey Wright FSM All Cap World ETF,$40.2500,-0.2157,-0.536057775944252%,down,
DWCR,Arrow Investments Trust Arrow DWA Country Rotation ETF,$32.0736,-0.0918,-0.286848107989876%,down,
DWLD,Davis Fundamental ETF Trust Davis Select Worldwide ETF,$39.7231,-0.1203,-0.3049452847550172%,down,
DWM,WisdomTree International Equity Fund,$62.6313,-0.6588,-1.056765028584628%,down,
DWMF,WisdomTree International Multifactor Fund,$31.4819,-0.3020,-0.9604192770777812%,down,
DWSH,AdvisorShares Dorsey Wright Short ETF,$7.7500,0.0696,0.8946475397192656%,up,
DWUS,AdvisorShares Dorsey Wright FSM US Core ETF,$49.7200,-0.2203,-0.4440690675557455%,down,
DWX,SPDR S&P International Dividend ETF,$41.7600,-0.2900,-0.6969478490747416%,down,
DXD,ProShares UltraShort Dow30,$26.5000,0.3000,1.1265490048817124%,up,
DXIV,Dimensional ETF Trust Dimensional International Vector Equity ,$56.5997,-0.4411,-0.781414695414791%,down,
DXJ,WisdomTree Japan Hedged Equity Fund,$113.2700,-1.4600,-1.2897526501766785%,down,
DXJS,WisdomTree Japan Hedged SmallCap Equity Fund,$35.7900,-0.2900,-0.8055555555555555%,down,
DXUV,Dimensional ETF Trust Dimensional US Vector Equity ETF,$52.0000,-0.3305,-0.6381540837999615%,down,
DYFI,IDX Dynamic Fixed Income ETF,$22.8498,0.0114,0.04992861084589579%,up,
DYLD,LeaderShares Dynamic Yield ETF,$22.4900,-0.0212,-0.0944581577094788%,down,
DYLG,Global X Funds Global X Dow 30 Covered Call & Growth ETF,$25.3605,-0.1239,-0.48966719229811595%,down,
DYNF,iShares U.S. Equity Factor Rotation Active ETF,$51.9900,-0.2900,-0.5599536590075304%,down,
DYNI,IDX Dynamic Innovation ETF,$26.4700,-0.3116,-1.1794809678103142%,down,
DYTA,SGI Dynamic Tactical ETF,$27.6600,-0.0362,-0.13133167415233024%,down,
DZZ,NO Name,$1.8600,-0.0100,-0.5319148936170213%,down,
EAFG,Pacer Funds Trust Pacer Developed Markets Cash Cows Growth Lea,$20.9427,-0.2928,-1.3981739695152233%,down,
EAGG,iShares ESG Aware U.S. Aggregate Bond ETF,$46.9200,-0.0600,-0.12836970474967907%,down,
EAGL,The 2023 ETF Series Trust Eagle Capital Select Equity ETF,$28.5900,-0.1500,-0.5259467040673211%,down,
EALT,Innovator ETFs Trust Innovator U.S. Equity 5 to 15 Buffer ETF ,$31.9300,-0.0800,-0.25157232704402516%,down,
EAOA,iShares ESG Aware 80/20 Aggressive Allocation ETF,$37.0125,-0.2214,-0.6005191479897256%,down,
EAOK,iShares ESG Aware 30/70 Conservative Allocation ETF,$26.0050,-0.0743,-0.2866987964824412%,down,
EAOM,iShares ESG Aware 40/60 Moderate Allocation ETF,$28.0856,-0.1117,-0.3992451157703608%,down,
EAOR,iShares ESG Aware 60/40 Balanced Allocation ETF,$32.3200,-0.1619,-0.5031685008437939%,down,
EAPR,Innovator Emerging Markets Power Buffer ETF April,$27.2100,-0.0840,-0.3093785910015027%,down,
EASG,Xtrackers MSCI EAFE Selection Equity ETF,$33.2187,-0.4354,-1.3179721270387097%,down,
EATZ,AdvisorShares Restaurant ETF,$29.0700,0.0187,0.06447053145093172%,up,
EBIT,Harbor ETF Trust Harbor AlphaEdge Small Cap Earners ETF,$30.1236,-0.4084,-1.361528485749624%,down,
EBIZ,Global X E-commerce ETF,$29.8841,0.0400,0.13400335008375208%,up,
EBND,SPDR Bloomberg Emerging Markets Local Bond ETF,$20.9900,-0.0400,-0.19138755980861244%,down,
EBUF,SHL Telemedicine Ltd Innovator Emerging Markets 10 Buffer ETF ,$27.1096,-0.0148,-0.054653485821482516%,down,
ECH,iShares Inc. iShares MSCI Chile ETF,$32.0800,-0.5800,-1.802921976997202%,down,
ECLN,First Trust EIP Carbon Impact ETF,$31.0717,-0.3518,-1.136558212263069%,down,
ECML,EA Series Trust Euclidean Fundamental Value ETF,$30.2927,-0.4881,-1.6153158817883972%,down,
ECNS,iShares MSCI China Small-Cap ETF,$29.2100,-0.2276,-0.7927551375827236%,down,
ECON,Columbia Research Enhanced Emerging Economies ETF,$22.7871,-0.0898,-0.39546057064343815%,down,
ECOW,Pacer Emerging Markets Cash Cows 100 ETF,$21.4500,-0.1900,-0.8878504672897197%,down,
EDC,Direxion Emerging Markets Bull 3X Shares,$34.0000,-0.5600,-1.66865315852205%,down,
EDEN,iShares Inc iShares MSCI Denmark ETF,$114.3044,-1.6334,-1.4455941857624814%,down,
EDGF,The Advisors Inner Circle Fund II 3EDGE Dynamic Fixed Income E,$24.8285,-0.0235,-0.09475806451612903%,down,
EDGH,The Advisors Inner Circle Fund II 3EDGE Dynamic Hard Assets ET,$26.1664,-0.0900,-0.34469551895825357%,down,
EDGI,The Advisors Inner Circle Fund II 3EDGE Dynamic International ,$25.4814,-0.1900,-0.7486209613869189%,down,
EDGU,The Advisors Inner Circle Fund II 3EDGE Dynamic US Equity ETF,$25.0271,-0.1198,-0.47980071048953293%,down,
EDIV,SPDR S&P Emerging Markets Dividend ETF,$38.1300,-0.0500,-0.1314060446780552%,down,
EDOG,ALPS Emerging Sector Dividend Dogs ETF,$22.1645,-0.1106,-0.5006926399087345%,down,
EDOW,First Trust Dow 30 Equal Weight ETF,$36.8473,-0.2097,-0.571176427328218%,down,
EDV,Vanguard Extended Duration Treasury ETF,$64.7200,-0.4900,-0.7665832290362954%,down,
EDZ,Direxion Emerging Markets Bear 3X Shares,$6.3900,0.1000,1.545595054095827%,up,
EELV,Invesco S&P Emerging Markets Low Volatility ETF,$25.8200,-0.0300,-0.11605415860735009%,down,
EEM,iShares MSCI Emerging Index Fund,$46.0800,-0.2100,-0.4574166848181224%,down,
EEMA,iShares MSCI Emerging Markets Asia ETF,$77.9400,-0.4400,-0.5673027333677153%,down,
EEMO,Invesco S&P Emerging Markets Momentum ETF,$15.8760,-0.1700,-1.0725552050473186%,down,
EEMS,iShares MSCI Emerging Markets Small Cap ETF,$61.6700,-0.0937,-0.1529398898898082%,down,
EEMV,iShares MSCI Emerging Markets Min Vol Factor ETF,$61.3900,-0.0900,-0.146484375%,down,
EEMX,SPDR MSCI Emerging Markets Fuel Reserves Free ETF,$35.6208,-0.1532,-0.43138524786348853%,down,
EES,WisdomTree U.S. SmallCap Fund,$49.5100,-0.4400,-0.8926759991884764%,down,
EET,ProShares Ultra MSCI Emerging Markets,$58.0700,-0.4772,-0.8266524387286321%,down,
EETH,ProShares Ether ETF,$48.9500,-1.2500,-2.577319587628866%,down,
EEV,ProShares UltraShort MSCI Emerging Markets,$13.9960,0.1419,1.0055343362693896%,up,
EFA,iShares MSCI EAFE ETF,$88.6800,-1.0300,-1.166610035111564%,down,
EFAA,Invesco Actively Managed Exchange-Traded Fund Trus Invesco MSC,$50.9100,-0.4000,-0.7874015748031497%,down,
EFAD,ProShares Trust ProShares MSCI EAFE Dividend Growers ETF,$42.1300,-0.4466,-1.0633738428130595%,down,
EFAS,Global X MSCI SuperDividend EAFE ETF,$17.4991,-0.0750,-0.42979942693409745%,down,
EFAV,iShares MSCI EAFE Min Vol Factor ETF,$84.0700,-0.6500,-0.7754712479121929%,down,
EFAX,SPDR MSCI EAFE Fossil Fuel Reserves Free ETF,$46.8933,-0.5750,-1.2315534708389555%,down,
EFG,iShares MSCI EAFE Growth ETF,$109.5600,-1.2800,-1.1714102681431318%,down,
EFIV,SPDR S&P 500 ESG ETF,$55.6465,-0.2300,-0.41478809738503153%,down,
EFNL,iShares Inc iShares MSCI Finland ETF,$40.7383,-0.2953,-0.7280087370909728%,down,
EFO,ProShares Ultra MSCI EAFE,$53.8437,-1.3760,-2.5790006372530643%,down,
EFRA,iShares Environmental Infrastructure and Industrials ETF,$32.8399,-0.3699,-1.1329214918177892%,down,
EFU,ProShares UltraShort MSCI EAFE,$11.3693,0.2611,2.2759564508677577%,up,
EFV,iShares MSCI EAFE Value ETF,$63.5700,-0.8000,-1.2662234884457106%,down,
EFZ,ProShares Short MSCI EAFE,$14.2494,0.1590,1.1118881118881119%,up,
EGUS,iShares Trust iShares ESG Aware MSCI USA Growth ETF,$44.3825,-0.1200,-0.27137042062415195%,down,
EHLS,Even Herd Long Short ETF,$21.6267,-0.0501,-0.22887267643981926%,down,
EIDO,iShares MSCI Indonesia ETF,$18.9500,-0.1300,-0.6874669487043892%,down,
EINC,VanEck Energy Income ETF,$95.9357,-0.6149,-0.6400854418817201%,down,
EIPI,First Trust Exchange-Traded Fund VIII FT Energy Income Partner,$19.3500,-0.1500,-0.7780082987551866%,down,
EIPX,First Trust Exchange-Traded Fund IV FT Energy Income Partners ,$24.9543,-0.2354,-0.9439334033731385%,down,
EIRL,iShares Trust iShares MSCI Ireland ETF,$65.8500,-0.1161,-0.1779002257080383%,down,
EIS,iShares Inc iShares MSCI Israel ETF,$85.1800,0.4300,0.5082141590828507%,up,
EJAN,Innovator Emerging Markets Power Buffer ETF January,$31.1427,-0.0643,-0.20689211364587018%,down,
EJUL,Innovator Emerging Markets Power Buffer ETF July,$26.1951,-0.0423,-0.1620205455840783%,down,
EKG,First Trust Nasdaq Lux Digital Health Solutions ETF,$17.0300,-0.0350,-0.20876826722338207%,down,
ELCV,Strategy Shares Eventide High Dividend ETF,$24.7300,-0.1987,-0.8090390879478827%,down,
ELD,WisdomTree Emerging Markets Local Debt Fund,$27.1600,-0.0556,-0.20420455714054855%,down,
ELQD,iShares ESG Advanced Investment Grade Corporate Bond ETF,$80.9254,-0.2544,-0.3159455639702832%,down,
EMB,iShares J.P. Morgan USD Emerging Markets Bond ETF,$90.6000,-0.1900,-0.2104330490641267%,down,
EMBD,Global X Emerging Markets Bond ETF,$22.9000,-0.0750,-0.32887524665643497%,down,
EMC,Global X Funds Global X Emerging Markets Great Consumer ETF,$27.8802,-0.1709,-0.6163222618918821%,down,
EMCB,WisdomTree Emerging Markets Corporate Bond Fund,$65.0000,-0.0600,-0.09216589861751152%,down,
EMCR,Xtrackers Emerging Markets Carbon Reduction and Climate Improv,$31.2611,-0.2047,-0.659684176603287%,down,
EMCS,Xtrackers MSCI Emerging Markets Climate Selection ETF,$29.4846,-0.2271,-0.7726171683631812%,down,
EMDM,First Trust Exchange-Traded Fund II First Trust Bloomberg Emer,$23.7922,0.0023,0.009707795359673817%,up,
EMDV,ProShares MSCI Emerging Markets Dividend Growers ETF,$45.1740,-0.0935,-0.2085940759282436%,down,
EMEQ,Macquarie Focused Emerging Markets Equity ETF,$27.7200,0.0450,0.16363636363636364%,up,
EMGF,iShares Emerging Markets Equity Factor ETF,$50.0000,-0.3900,-0.7870837537840566%,down,
EMHC,SPDR Bloomberg Emerging Markets USD Bond ETF,$24.1500,-0.0200,-0.0831255195344971%,down,
EMHY,iShares J.P. Morgan EM High Yield Bond ETF,$38.1900,-0.0500,-0.13095861707700368%,down,
EMIF,iShares Emerging Markets Infrastructure ETF,$23.3400,-0.1000,-0.42863266180882986%,down,
EMLC,VanEck J. P. Morgan EM Local Currency Bond ET,$24.7900,-0.0800,-0.3246753246753247%,down,
EMLP,First Trust North American Energy Infrastructure Fund,$36.8800,-0.3100,-0.8417051316861255%,down,
EMM,Global X Funds Global X Emerging Markets ex-China ETF,$28.1722,-0.0908,-0.322869700029869%,down,
EMMF,WisdomTree Emerging Markets Multifactor Fund,$27.8090,-0.1554,-0.5580413252224624%,down,
EMNT,PIMCO Enhanced Short Maturity Active ESG Exchange-Traded Fund,$98.6900,0.0190,0.019255325617690576%,up,
EMOT,First Trust Exchange-Traded Fund VI First Trust S&P 500 Econom,$21.9820,-0.1461,-0.6634335067978095%,down,
EMQQ,EMQQ The Emerging Markets Internet ETF,$39.6344,-0.2300,-0.5836082212636388%,down,
EMSF,Matthews International Funds Matthews Emerging Markets Sustain,$25.7500,-0.0552,-0.21555595473324948%,down,
EMTL,SPDR DoubleLine Emerging Markets Fixed Income ETF,$42.6218,-0.0201,-0.047199718210637544%,down,
EMTY,ProShares Decline of the Retail Store ETF,$12.7677,0.1012,0.7981072555205047%,up,
EMXC,iShares MSCI Emerging Markets ex China ETF,$59.8800,-0.0900,-0.15052684395383845%,down,
EMXF,iShares ESG Advanced MSCI EM ETF,$41.0983,-0.0500,-0.1221597849987784%,down,
ENFR,Alerian Energy Infrastructure ETF,$31.2900,-0.2700,-0.8612440191387559%,down,
ENOR,iShares Inc iShares MSCI Norway ETF,$27.4398,-0.2448,-0.8975186249780019%,down,
ENZL,iShares MSCI New Zealand ETF,$43.9700,-1.1500,-2.600045218177707%,down,
EOCT,Innovator Emerging Markets Power Buffer ETF - October,$27.3017,-0.0587,-0.2157192048891453%,down,
EPHE,iShares MSCI Philippines ETF,$27.8400,0.1500,0.5370569280343717%,up,
EPI,WisdomTree India Earnings Fund,$46.5300,-0.1700,-0.36732929991356955%,down,
EPOL,iShares Trust iShares MSCI Poland ETF,$30.7200,0.4300,1.376%,up,
EPP,iShares MSCI Pacific Ex-Japan Index Fund,$48.1400,-0.4500,-0.9373047281816289%,down,
EPRF,Innovator S&P Investment Grade Preferred ETF,$17.5050,-0.0872,-0.4990471176022847%,down,
EPS,WisdomTree U.S. LargeCap Fund,$61.2000,-0.4110,-0.6745556303238194%,down,
EPU,iShares MSCI Peru and Global Exposure ETF,$46.6136,-0.2872,-0.6170664420705244%,down,
EPV,ProShares UltraShort FTSE Europe ETF,$27.4351,0.5450,1.9650261402559945%,up,
EQAL,Invesco Russell 1000 Equal Weight ETF,$47.7300,-0.4200,-0.8817971866470711%,down,
EQIN,Columbia U.S. Equity Income ETF,$44.0900,-0.3400,-0.7736063708759954%,down,
EQL,ALPS Equal Sector Weight ETF,$42.6100,-0.2894,-0.6802209425314372%,down,
EQRR,ProShares Equities for Rising Rates ETF,$57.6000,-0.5200,-0.9051348999129678%,down,
EQTY,Valued Advisers Trust Kovitz Core Equity ETF,$23.7400,-0.1650,-0.6941522928060581%,down,
EQWL,Invesco S&P 100 Equal Weight ETF,$105.4600,-0.6000,-0.5699629524080935%,down,
ERET,iShares Environmentally Aware Real Estate ETF,$26.5107,-0.0240,-0.09127974198259599%,down,
ERNZ,TrueShares Active Yield ETF,$22.2700,-0.1877,-0.8401104631125711%,down,
ERTH,Invesco MSCI Sustainable Future ETF,$42.1714,-0.3039,-0.7271343870680621%,down,
ERX,Direxion Energy Bull 2X Shares,$48.1800,-1.2500,-2.6254988447805085%,down,
ERY,Direxion Daily Energy Bear 2x Shares,$24.7500,0.6050,2.4132429198244916%,up,
ESG,FlexShares STOXX US ESG Select Index Fund,$140.7057,-0.8167,-0.5822558475112787%,down,
ESGD,iShares ESG Aware MSCI EAFE ETF,$88.5300,-1.1100,-1.2596459373581481%,down,
ESGE,iShares ESG Aware MSCI EM ETF,$37.1300,-0.1800,-0.487012987012987%,down,
ESGG,FlexShares STOXX Global ESG Select Index Fund,$179.6128,-1.2378,-0.6918941398612187%,down,
ESGU,iShares ESG Aware MSCI USA ETF,$129.1200,-0.7800,-0.6067677946324387%,down,
ESGV,Vanguard ESG U.S. Stock ETF,$104.3200,-0.5000,-0.481000481000481%,down,
ESIX,SSGA Active Trust SPDR S&P SmallCap 600 ESG ETF,$28.6581,-0.3325,-1.1652397590319223%,down,
ESML,iShares ESG Aware MSCI USA Small-Cap ETF,$39.7400,-0.4400,-1.1099899091826437%,down,
ESMV,iShares ESG MSCI USA Min Vol Factor ETF,$28.5486,-0.2131,-0.7480631448139321%,down,
ESPO,VanEck Video Gaming and eSports ETF,$101.4100,-0.9100,-0.8898015058179329%,down,
ETEC,iShares Breakthrough Environmental Solutions ETF,$19.7004,-0.2400,-1.2213740458015268%,down,
ETH,Grayscale Ethereum Mini Trust (ETH) Common units of fractional,$24.9900,-0.6800,-2.75750202757502%,down,
ETHA,iShares Ethereum Trust,$20.0900,-0.5400,-2.721774193548387%,down,
ETHD,ProShares Trust ProShares UltraShort Ether ETF,$14.7800,0.7200,4.7587574355584925%,up,
ETHE,Grayscale Ethereum Trust (ETH) Common units of fractional undi,$22.0000,-0.6100,-2.807179015186378%,down,
ETHO,Amplify ETF Trust Amplify Etho Climate Leadership U.S. ETF,$56.8455,-0.6137,-1.0835806717599845%,down,
ETHT,ProShares Trust ProShares Ultra Ether ETF,$9.1600,-0.4800,-5.351170568561873%,down,
ETHU,Volatility Shares Trust 2x Ether ETF,$66.0100,-3.5900,-5.554695961627727%,down,
ETHV,VanEck Ethereum ETF VanEck Ethereum ETF,$38.8600,-1.0300,-2.682291666666667%,down,
ETHW,Bitwise Ethereum ETF Common shares of beneficial interest,$19.0300,-0.5100,-2.7127659574468086%,down,
EUDG,WisdomTree Europe Quality Dividend Growth Fund,$34.7803,-0.2798,-0.8083154221266957%,down,
EUDV,ProShares MSCI Europe Dividend Growers ETF,$53.7738,-0.5739,-1.0697888569718954%,down,
EUFN,iShares MSCI Europe Financials ETF,$31.7400,-0.3000,-0.9517766497461929%,down,
EUM,ProShares Short MSCI Emerging Markets,$24.4500,0.0745,0.3040257911812116%,up,
EUO,ProShares UltraShort Euro,$29.3800,0.1600,0.5383580080753702%,up,
EURL,Direxion Daily FTSE Europe Bull 3X Shares,$32.8800,-0.9600,-2.973056673892846%,down,
EUSA,iShares MSCI USA Equal Weighted ETF,$95.9000,-0.7676,-0.8025091479351802%,down,
EUSB,iShares ESG Advanced Total USD Bond Market ETF,$42.9900,-0.0500,-0.1167406023815083%,down,
EUSC,WisdomTree Europe Hedged SmallCap Equity Fund,$46.4100,0.0103,0.022253622155101266%,up,
EVAV,Direxion Shares ETF Trust Direxion Daily Electric and Autonomo,$22.4332,-0.6940,-2.9693269382987553%,down,
EVHY,Morgan Stanley ETF Trust Eaton Vance High Yield ETF,$52.7417,-0.0304,-0.05766892346916515%,down,
EVIM,Morgan Stanley ETF Trust Eaton Vance Intermediate Municipal In,$51.2450,0.0593,0.11586489332809694%,up,
EVLN,Morgan Stanley ETF Trust Eaton Vance Floating-Rate ETF,$50.0800,0.0400,0.08004802881729038%,up,
EVMT,Invesco Electric Vehicle Metals Commodity Strategy No K-1 ETF,$15.3000,-0.1800,-1.188118811881188%,down,
EVNT,AltShares Event-Driven ETF,$11.2000,0.0123,0.10950562217889478%,up,
EVSB,Morgan Stanley ETF Trust Eaton Vance Ultra-Short Income ETF,$50.9500,0.0100,0.019638648860958365%,up,
EVSD,Eaton Vance Short Duration Income ETF,$50.9675,-0.0200,-0.03930817610062893%,down,
EVSM,Morgan Stanley ETF Trust Eaton Vance Short Duration Municipal ,$49.8900,0.0200,0.04011231448054553%,up,
EVTR,Morgan Stanley ETF Trust Eaton Vance Total Return Bond ETF,$50.2900,-0.0097,-0.019330410522120367%,down,
EVUS,iShares Trust iShares ESG Aware MSCI USA Value ETF,$28.9257,-0.2372,-0.8231909407351109%,down,
EVX,VanEck Environmental Services ETF,$37.3267,-0.3288,-0.8753713938851793%,down,
EWA,iShares MSCI Australia Index Fund,$25.6400,-0.3100,-1.2128325508607198%,down,
EWC,iShares MSCI Canada Index Fund,$44.7800,-0.0600,-0.13404825737265416%,down,
EWD,iShares Inc iShares MSCI Sweden ETF,$45.3600,-0.3100,-0.6852343059239611%,down,
EWG,iShares MSCI Germany Index Fund,$41.8500,-0.5400,-1.2927938711994253%,down,
EWH,iShares MSCI Hong Kong Index Fund,$19.0400,-0.1200,-0.6376195536663124%,down,
EWI,iShares Inc iShares MSCI Italy ETF,$47.5800,-0.1100,-0.231335436382755%,down,
EWJ,iShares MSCI Japan Index Fund,$74.0300,-1.3400,-1.8204048362994159%,down,
EWJV,iShares MSCI Japan Value ETF,$35.2100,-0.5500,-1.567398119122257%,down,
EWK,iShares Inc iShares MSCI Belgium ETF,$22.0200,-0.1200,-0.5504587155963303%,down,
EWL,iShares Inc iShares MSCI Switzerland ETF,$54.9000,-0.5800,-1.0618820944708898%,down,
EWM,iShares MSCI Malaysia Index Fund,$24.3000,-0.0500,-0.2043318348998774%,down,
EWN,iShares MSCI Netherlands Index Fund,$52.9400,-0.4100,-0.779615896558281%,down,
EWO,iShares Inc iShares MSCI Austria ETF,$29.0300,-0.1600,-0.5530591081921881%,down,
EWP,iShares Inc iShares MSCI Spain ETF,$43.0800,-0.6500,-1.5158582089552237%,down,
EWQ,iShares MSCI France Index Fund,$42.7600,-0.4500,-1.0595714622086179%,down,
EWS,iShares Inc iShares MSCI Singapore ETF,$25.8800,0.0100,0.038461538461538464%,up,
EWT,iShares Inc iShares MSCI Taiwan ETF,$52.8700,-0.3200,-0.6008261359369133%,down,
EWU,iShares MSCI United Kingdom ETF,$39.7900,-0.4000,-1.008318628686665%,down,
EWUS,iShares MSCI United Kingdom Small Cap ETF,$40.3545,-0.0976,-0.24285010475398985%,down,
EWV,ProShares UltraShort MSCI Japan,$33.5132,1.1408,3.366204580729305%,up,
EWW,iShares Inc iShares MSCI Mexico ETF,$61.2300,-0.2300,-0.37766830870279144%,down,
EWX,SPDR S&P Emerging Markets Small Cap ETF,$59.9400,-0.2400,-0.4032935641068728%,down,
EWY,iShares Inc iShares MSCI South Korea ETF,$61.8000,0.7700,1.2674897119341564%,up,
EWZ,iShares Inc iShares MSCI Brazil ETF,$27.7000,-0.3000,-1.0834236186348862%,down,
EWZS,iShares MSCI Brazil Small-Cap ETF,$12.6900,-0.1100,-0.8654602675059008%,down,
EXI,iShares Global Industrials ETF,$160.9900,-1.2900,-0.8039386763056213%,down,
EYEG,AB Corporate Bond ETF,$35.0548,-0.0933,-0.267437160866462%,down,
EYLD,Cambria ETF Trust Cambria Emerging Shareholder Yield ETF,$34.5700,-0.0800,-0.23269342641070387%,down,
EZA,iShares MSCI South Africa Index Fund,$53.0500,0.1200,0.2306361714395541%,up,
EZBC,Franklin Templeton Digital Holdings Trust Shares of Franklin B,$61.2700,-1.7800,-2.8728211749515817%,down,
EZET,Franklin Ethereum ETF Franklin Ethereum ETF,$20.1500,-0.5400,-2.7122049221496733%,down,
EZJ,ProShares Ultra MSCI Japan,$42.5372,-1.5380,-3.6565070610051835%,down,
EZM,WisdomTree U.S. MidCap Fund,$60.3000,-0.7100,-1.1803823773898587%,down,
EZU,iShares MSCI Eurozone ETF,$59.0600,-0.5900,-1.00391356134082%,down,
FAAR,First Trust Alternative Absolute Return Strategy ETF,$26.7100,0.1143,0.42722104484138995%,up,
FAB,First Trust Multi Cap Value AlphaDEX Fund,$78.9100,-0.9400,-1.1972997070436886%,down,
FAD,First Trust Multi Cap Growth AlphaDEX Fund,$138.9300,-0.7722,-0.5549407114624506%,down,
FAI,First Trust Exchange-Traded Fund II First Trust Bloomberg Arti,$31.7400,0.0908,0.28432843065110586%,up,
FALN,iShares Fallen Angels USD Bond ETF,$26.5700,0.0000,0%,unch,
FAN,First Trust Global Wind Energy ETF,$17.1200,0.0100,0.05875440658049354%,up,
FAPR,FT Vest U.S. Equity Buffer ETF - April,$41.2101,-0.1256,-0.3055217708586718%,down,
FAS,Direxion Financial Bull 3X Shares,$155.3200,-3.0900,-2.016050107653161%,down,
FAUG,FT Vest U.S. Equity Buffer ETF - August,$47.2543,-0.1600,-0.3396306516663129%,down,
FAZ,Direxion Financial Bear 3X Shares,$4.8600,0.1000,2.032520325203252%,up,
FBCG,Fidelity Blue Chip Growth ETF,$44.8700,-0.2200,-0.4929419672865785%,down,
FBCV,Fidelity Blue Chip Value ETF,$32.0349,-0.2726,-0.8548295044748413%,down,
FBL,GraniteShares 2x Long META Daily ETF,$35.5200,0.1500,0.42360914995763915%,up,
FBND,Fidelity Total Bond ETF,$45.0900,-0.0800,-0.17726567693330378%,down,
FBOT,Fidelity Disruptive Automation ETF,$28.8692,-0.5000,-1.736714136853074%,down,
FBT,First Trust Amex Biotech Index Fund,$163.9800,-0.7500,-0.4637932100674046%,down,
FBTC,Fidelity Wise Origin Bitcoin Fund Common Shares of Beneficial ,$92.2100,-2.5900,-2.773316200878038%,down,
FBUF,Fidelity Dynamic Buffered Equity ETF,$27.1168,-0.0459,-0.1696782397823387%,down,
FBY,Tidal ETF Trust II YieldMax META Option Income Strategy ETF,$15.8700,0.0400,0.2526847757422615%,up,
FBZ,First Trust Brazil AlphaDEX Fund,$11.5700,-0.1700,-1.4912280701754386%,down,
FCA,First Trust China AlphaDEX Fund,$22.3700,-0.0500,-0.22321428571428573%,down,
FCAL,First Trust California Municipal High Income ETF,$47.9300,-0.0200,-0.04171881518564873%,down,
FCEF,First Trust Income Opportunities ETF,$21.7600,-0.1350,-0.6270320483046911%,down,
FCFY,First Trust Exchange-Traded Fund First Trust S&P 500 Diversifi,$23.6488,-0.2433,-1.028391727216241%,down,
FCG,First Trust Natural Gas ETF,$22.3300,-0.2700,-1.2102196324518153%,down,
FCLD,Fidelity Cloud Computing ETF,$27.0724,-0.0619,-0.22849760059062382%,down,
FCOM,Fidelity MSCI Communication Services Index ETF,$60.1200,-0.1500,-0.24834437086092717%,down,
FCOR,Fidelity Corporate Bond ETF,$46.4469,-0.1198,-0.2579811574697174%,down,
FCPI,Fidelity Stocks for Inflation ETF,$45.3061,-0.2029,-0.44882330430396994%,down,
FCSH,Federated Hermes ETF Trust Federated Hermes Short Duration Cor,$24.2100,-0.0249,-0.103019846835553%,down,
FCTE,SMI 3Fourteen Full-Cycle Trend ETF,$26.2400,-0.0872,-0.33278886225899523%,down,
FCTR,First Trust Lunt U.S. Factor Rotation ETF,$32.9700,-0.1250,-0.3788969551840682%,down,
KEMX,KraneShares MSCI Emerging Markets ex China Index ETF,$30.4205,-0.0025,-0.008229071003716249%,down,
KEUA,KraneShares European Carbon Allowance Strategy ETF,$22.9269,0.2641,1.1393344319721141%,up,
KGRN,KraneShares MSCI China Clean Technology Index ETF,$25.8113,-0.3500,-1.3613380007779075%,down,
KHYB,KraneShares Asia Pacific High Income USD Bond ETF,$23.7650,-0.0157,-0.0656299640498286%,down,
KIE,SPDR S&P Insurance ETF,$58.7100,-0.9400,-1.6201309893140297%,down,
KJAN,Innovator U.S. Small Cap Power Buffer ETF - January,$36.4300,-0.1896,-0.5211597453573903%,down,
KJUL,Innovator U.S. Small Cap Power Buffer ETF - July,$28.1900,-0.1913,-0.6792117876797443%,down,
KJUN,SHL Telemedicine Ltd Innovator U.S. Small Cap Power Buffer ETF,$25.3057,-0.1700,-0.6722024515618822%,down,
KLIP,KraneShares KWEB Covered Call Strategy ETF,$31.2700,-0.0200,-0.06289308176100629%,down,
KLMT,Invesco Exchange-Traded Fund Trust II Invesco MSCI Global Clim,$27.3608,-0.1704,-0.6249129009307681%,down,
KLXY,KraneShares Trust KraneShares Global Luxury Index ETF,$23.8809,-0.2382,-0.9977172296802027%,down,
KMID,Virtus ETF Trust II Virtus KAR Mid-Cap ETF,$24.7700,-0.0145,-0.058905973878247454%,down,
KMLM,KraneShares Mount Lucas Managed Futures Index Strategy ETF,$26.4300,-0.0100,-0.03787878787878788%,down,
KNCT,Invesco Next Gen Connectivity ETF,$108.1302,-0.6483,-0.5983563889288839%,down,
KNG,FT Vest S&P 500 Dividend Aristocrats Target Income ETF,$48.9900,-0.4400,-0.9036763195728076%,down,
KNGZ,First Trust S&P 500 Diversified Dividend Aristocrats ETF,$32.1232,-0.3355,-1.043383610635982%,down,
KNO,Investment Managers Series Trust II AXS Knowledge Leaders ETF,$47.3333,-0.5053,-1.0717179301188156%,down,
KNOV,Innovator ETFs Trust Innovator U.S. Small Cap Power Buffer ETF,$24.7551,-0.1456,-0.5888990903612266%,down,
KNOW,Fundamentals First ETF Fundamentals First ETF,$10.8569,-0.0542,-0.5011233669572935%,down,
KOCG,NEOS ETF Trust FIS Knights of Columbus Global Belief ETF,$29.9215,-0.3400,-1.1367435640254095%,down,
KOCT,Innovator U.S. Small Cap Power Buffer ETF - October,$29.7500,-0.1221,-0.4113881401617251%,down,
KOKU,Xtrackers MSCI Kokusai Equity ETF,$105.3569,-0.1652,-0.1568170319244165%,down,
KOLD,ProShares UltraShort Bloomberg Natural Gas,$25.7400,2.5600,10.110584518167457%,up,
KOMP,SPDR S&P Kensho New Economies Composite ETF,$50.3800,-0.4100,-0.8125247720967103%,down,
KONG,ETF Opportunities Trust Formidable Fortress ETF,$29.2869,-0.3019,-1.030836312481007%,down,
KOOL,Spinnaker ETF Series North Shore Equity Rotation ETF,$11.1002,-0.0474,-0.4272849377552217%,down,
KORP,American Century Diversified Corporate Bond ETF,$46.2000,-0.1500,-0.32580364900086883%,down,
KORU,Direxion Daily South Korea Bull 3X Shares,$53.2200,1.7500,3.4612341772151898%,up,
KPRO,KraneShares 100% KWEB Defined Outcome January 2027 ETF,$28.1300,-0.0309,-0.11007487941635377%,down,
KQQQ,Kurv Technology Titans Select ETF,$25.1800,-0.0900,-0.36%,down,
KRBN,KraneShares Global Carbon Strategy ETF,$28.9300,0.0500,0.17135023989033585%,up,
KRE,SPDR S&P Regional Banking ETF,$57.2900,-0.9400,-1.6549295774647887%,down,
KRMA,Global X Conscious Companies ETF,$38.7700,-0.2053,-0.5309025084044479%,down,
KROP,Global X AgTech & Food Innovation ETF,$10.6800,0.1100,1.0251630941286114%,up,
KSA,iShares Trust iShares MSCI Saudi Arabia ETF,$38.3900,0.3900,1.0103626943005182%,up,
KSEP,Innovator U.S. Small Cap Power Buffer ETF - September,$24.9617,-0.1260,-0.5054212445396454%,down,
KSPY,KraneShares Trust KraneShares Hedgeye Hedged Equity Index ETF,$25.8080,-0.0358,-0.1389503427183034%,down,
KSTR,KraneShares SSE STAR Market 50 Index ETF,$13.4400,-0.0600,-0.4528301886792453%,down,
KTEC,KraneShares Hang Seng TECH Index ETF,$15.8200,-0.1400,-0.9020618556701032%,down,
KURE,KraneShares MSCI All China Health Care Index ETF,$16.4900,-0.1300,-0.8135168961201502%,down,
KVLE,KraneShares Value Line Dynamic Dividend Equity Index ETF,$25.2500,-0.1700,-0.6754072308303536%,down,
KWEB,KraneShares Trust KraneShares CSI China Internet ETF,$33.7000,-0.3100,-0.9331727874774233%,down,
KWT,iShares Trust iShares MSCI Kuwait ETF,$37.1200,-0.1373,-0.3715832205683356%,down,
KXI,iShares Global Consumer Staples ETF,$66.7200,-0.4500,-0.6769971415676245%,down,
LABD,Direxion Daily S&P Biotech Bear 3x Shares,$8.2300,0.1800,2.0477815699658706%,up,
LABU,Direxion Daily S&P Biotech Bull 3x Shares,$53.1400,-1.1700,-2.3479831426851296%,down,
LALT,First Trust Exchange-Traded Fund VIII First Trust Multi-Strate,$20.9505,-0.0282,-0.13506846821819785%,down,
LAPR,Innovator ETFs Trust Innovator Premium Income 15 Buffer ETF - ,$25.1099,-0.0367,-0.14637084069508205%,down,
LBAY,Leatherback Long/Short Alternative Yield ETF,$24.4680,-0.0754,-0.30862049911384165%,down,
LBO,EA Series Trust WHITEWOLF Publicly Listed Private Equity ETF,$30.3505,-0.0581,-0.19120270119065638%,down,
LCDS,JPMorgan Fundamental Data Science Large Core ETF,$56.3298,-0.2426,-0.4324621105434477%,down,
LCF,Touchstone ETF Trust Touchstone US Large Cap Focused ETF,$36.3099,-0.1245,-0.3435781246981618%,down,
LCG,Sterling Capital Focus Equity ETF,$30.4442,-0.3856,-1.2836389299458049%,down,
LCLG,Advisors Series Trust Logan Capital Broad Innovative Growth ET,$53.2001,-0.1161,-0.21768151375837164%,down,
LCR,Managed Portfolio Series Leuthold Core ETF,$35.0007,-0.0950,-0.2718557733581342%,down,
LCTD,BlackRock World ex U.S. Carbon Transition Readiness ETF,$50.2588,-0.4182,-0.8344507231108131%,down,
LCTU,BlackRock U.S. Carbon Transition Readiness ETF,$64.1700,-0.3700,-0.5789391331560007%,down,
LDEM,iShares ESG MSCI EM Leaders ETF,$51.4186,-0.3600,-0.7043631383290941%,down,
LDRC,iShares Trust iShares iBonds 1-5 Year Corporate Ladder ETF,$25.1300,0.0086,0.034237440631879834%,up,
LDRH,iShares Trust iShares iBonds 1-5 Year High Yield  and Income L,$24.8700,-0.0200,-0.08049909438518817%,down,
LDRI,iShares Trust iShares iBonds 1-5 Year TIPS Ladder ETF,$25.3900,-0.0199,-0.07839244281094028%,down,
LDRT,iShares Trust iShares iBonds 1-5 Year Treasury Ladder ETF,$25.1900,-0.0100,-0.039761431411530816%,down,
LDSF,First Trust Low Duration Strategic Focus ETF,$18.8700,0.0000,0%,unch,
LDUR,PIMCO Enhanced Low Duration Active Exchange-Traded Fund,$95.4862,0.0100,0.010485477613505295%,up,
LEAD,Siren DIVCON Leaders Dividend ETF,$69.8500,-0.4263,-0.6133486418708645%,down,
LEGR,First Trust Indxx Innovative Transaction & Process ETF,$51.6700,-0.4500,-0.8746355685131195%,down,
LEMB,iShares J.P. Morgan EM Local Currency Bond,$39.2900,-0.1500,-0.3832396525293817%,down,
LEXI,Alexis Practical Tactical ETF,$31.1775,-0.1270,-0.40832074076455643%,down,
LFEQ,VanEck Long/Flat Trend ETF,$46.9543,-0.2072,-0.44248543556626174%,down,
LFSC,F/m Emerald Life Sciences Innovation ETF,$22.8906,-0.2354,-1.0448291167332444%,down,
LGCF,Themes US Cash Flow Champions ETF,$30.6575,-0.2100,-0.6864988558352403%,down,
LGH,HCM Defender 500 Index ETF,$50.9200,-0.3300,-0.6517874777799724%,down,
LGHT,Spinnaker ETF Series Langar Global HealthTech ETF,$10.2322,-0.0500,-0.49554013875123887%,down,
LGLV,SPDR SSGA US Large Cap Low Volatility Index ETF,$173.7000,-1.4800,-0.8550465075972038%,down,
LGOV,First Trust Long Duration Opportunities ETF,$21.0800,-0.0300,-0.14285714285714285%,down,
LGRO,Level Four Large Cap Growth Active ETF,$34.7207,-0.0800,-0.2298850574712644%,down,
LIT,Global X Lithium & Battery Tech ETF,$37.0300,-0.4500,-1.2191817935518832%,down,
LITP,Sprott Lithium Miners ETF,$5.4000,-0.1300,-2.41635687732342%,down,
LIVR,Intelligent Livermore ETF,$25.5500,-0.0750,-0.29399889456415645%,down,
LJAN,Innovator ETFs Trust Innovator Premium Income 15 Buffer ETF - ,$24.5703,-0.0141,-0.05742258132829426%,down,
LJUL,SHL Telemedicine Ltd Innovator Premium Income 15 Buffer ETF - ,$23.9550,0.0100,0.04175365344467641%,up,
LKOR,FlexShares Trust FlexShares Credit-Scored US Long Corporate Bo,$41.2400,-0.1779,-0.4347974855556316%,down,
LLDR,Global X Funds Global X Long-Term Treasury Ladder ETF,$44.6721,-0.2367,-0.5344261184678429%,down,
LLYX,Tidal Trust II Defiance Daily Target 2X Long LLY ETF,$13.7900,-0.2100,-1.5283842794759825%,down,
LMBO,Direxion Shares ETF Trust Direxion Daily Crypto Industry Bull ,$18.8400,-0.7752,-4.04804177545692%,down,
LMBS,First Trust Low Duration Opportunities ETF,$48.8500,-0.0500,-0.1025220422390814%,down,
LOCT,Innovator ETFs Trust Innovator Premium Income 15 Buffer ETF - ,$23.8500,-0.0100,-0.04194630872483222%,down,
LONZ,PIMCO U.S. Treasury Index Fund PIMCO Senior Loan Active Exchan,$50.7700,-0.0200,-0.039377830281551486%,down,
LOPP,Gabelli Love Our Planet & People ETF Gabelli Love Our Planet &,$28.7000,-0.1878,-0.655769761262095%,down,
LOUP,Innovator Deepwater Frontier Tech ETF,$54.4079,-0.0856,-0.1560287049070663%,down,
LOWV,AB Active ETFs Inc. AB US Low Volatility Equity ETF,$72.5153,-0.3018,-0.4171746576762625%,down,
LQAI,Exchange Listed Funds Trust LG QRAFT AI-Powered U.S. Large Cap,$33.5734,-0.1597,-0.47657700135482756%,down,
LQD,iShares iBoxx $ Investment Grade Corporate Bond ETF,$107.4600,-0.2600,-0.24303608151056272%,down,
LQDB,iShares Trust iShares BBB Rated Corporate Bond ETF,$85.3573,-0.1926,-0.22652214412736046%,down,
LQDH,iShares Interest Rate Hedged Corporate Bond ETF,$92.0800,0.1200,0.1304631441617743%,up,
LQDI,iShares Inflation Hedged Corporate Bond ETF,$25.8551,-0.0503,-0.1952268396151353%,down,
LQIG,SPDR Series Trust SPDR MarketAxess Investment Grade 400 Corpor,$93.9134,-0.2901,-0.31052343697316187%,down,
LRGC,AB Active ETFs Inc. AB US Large Cap Strategic Equities ETF,$67.2200,-0.2300,-0.3433860853986264%,down,
LRGE,ClearBridge Large Cap Growth ESG ETF,$75.5400,-0.3732,-0.4953096880026756%,down,
LRGF,iShares U.S. Equity Factor ETF,$61.1900,-0.3200,-0.5242463958060288%,down,
LRGG,Macquarie ETF Trust Macquarie Focused Large Growth ETF,$27.5100,-0.2000,-0.7312614259597806%,down,
LRND,NYLI U.S. Large Cap R&D Leaders ETF,$33.7962,-0.1609,-0.4768269227919713%,down,
LRNZ,TrueShares Technology AI & Deep Learning ETF,$40.9516,-0.3252,-0.790139294851703%,down,
LSAF,LeaderShares AlphaFactor US Core Equity ETF,$40.8196,-0.4200,-1.0279001468428781%,down,
LSAT,LeaderShares AlphaFactor Tactical Focused ETF,$39.6121,0.0414,0.10448213204118714%,up,
LSEQ,Harbor ETF Trust Harbor Long-Short Equity ETF,$28.7028,-0.0670,-0.23352921903646542%,down,
LSGR,Natixis ETF Trust II Natixis Loomis Sayles Focused Growth ETF,$39.4342,-0.1159,-0.29491094147582697%,down,
LTL,ProShares Ultra Communication Services,$86.4000,-0.0482,-0.05484015573694019%,down,
LTPZ,Pimco 15  Year U.S. TIPS Index Exchange-Traded Fund,$51.3600,-0.3000,-0.589159465828751%,down,
LUX,Tema ETF Trust Tema Luxury ETF,$22.3141,-0.1950,-0.8773903262092237%,down,
LVHD,Franklin U.S. Low Volatility High Dividend Index ETF,$39.6800,-0.3550,-0.9018163343071256%,down,
LVHI,Franklin International Low Volatility High Dividend Index ETF ,$33.0700,-0.1000,-0.30257186081694404%,down,
LYLD,Cambria ETF Trust Cambria Large Cap Shareholder Yield ETF,$25.3679,-0.2940,-1.1643195463114038%,down,
MADE,iShares Trust iShares U.S. Manufacturing ETF,$25.5197,-0.2104,-0.8270440251572326%,down,
MAGA,Point Bridge America First ETF,$48.6393,-0.4594,-0.9481607456497914%,down,
MAGG,Madison ETFs Trust Madison Aggregate Bond ETF,$20.0569,-0.1100,-0.5498625343664084%,down,
MAGS,Roundhill Magnificent Seven ETF,$52.9000,-0.3400,-0.6466337010270065%,down,
MAGX,Roundhill Daily 2X Long Magnificent Seven ETF,$39.6800,-0.2900,-0.7449267916773695%,down,
MAKX,ProShares S&P Kensho Smart Factories ETF,$39.8377,-0.0795,-0.1993800409293367%,down,
MAMB,Monarch Ambassador Income Index ETF,$22.7860,-0.0530,-0.2334770906111373%,down,
MAPP,Harbor ETF Trust Harbor Multi-Asset Explorer ETF,$23.7390,-0.1385,-0.5854553447634507%,down,
MARB,First Trust Merger Arbitrage ETF,$20.2304,0.0178,0.08809700569166048%,up,
MARM,SHL Telemedicine Ltd FT Vest U.S. Equity Max Buffer ETF - Marc,$31.7478,-0.0336,-0.10592285285550357%,down,
MART,AIM ETF Products Trust AllianzIM U.S. Large Cap Buffer10 Mar E,$34.6959,-0.0792,-0.2286842857514098%,down,
MARW,AIM ETF Products Trust AllianzIM U.S. Large Cap Buffer20 Mar E,$31.7744,-0.0734,-0.23139099403553462%,down,
MARZ,TrueShares Structured Outcome (March) ETF,$31.5161,-0.1138,-0.36206523537421886%,down,
MAXI,Simplify Bitcoin Strategy PLUS Income ETF,$31.1400,-2.0700,-6.50943396226415%,down,
MAYP,PGIM S&P 500 Buffer 12 ETF - May,$28.4809,-0.0665,-0.23387576097545534%,down,
MAYT,AIM ETF Products Trust AllianzIM U.S. Large Cap Buffer10 May E,$33.8557,-0.0931,-0.27566725688872046%,down,
MAYU,SHL Telemedicine Ltd AllianzIM U.S. Equity Buffer15 Uncapped M,$27.8220,-0.1101,-0.39687546184985056%,down,
MAYW,AIM ETF Products Trust AllianzIM U.S. Large Cap Buffer20 May E,$31.5532,-0.0695,-0.22049142621468573%,down,
MBB,iShares MBS ETF,$92.4300,-0.0900,-0.0977623289159244%,down,
MBBB,VanEck Moody's Analytics BBB Corporate Bond ETF,$21.3209,-0.0520,-0.2448441472831717%,down,
MBCC,Monarch Blue Chips Core Index ETF,$34.9441,-0.1210,-0.3468141821204391%,down,
MBND,SPDR Nuveen Municipal Bond ETF,$26.9450,0.0100,0.03712641544458883%,up,
MBNE,SPDR Series Trust SPDR Nuveen Municipal Bond ESG ETF,$28.6718,0.0300,0.10471204188481675%,up,
MBOX,Freedom Day Dividend ETF,$32.7365,-0.3824,-1.1727327371533018%,down,
MBS,Angel Oak Mortgage-Backed Securities ETF,$8.5400,-0.0100,-0.117096018735363%,down,
MBSD,FlexShares Trust FlexShares Disciplined Duration MBS Index Fun,$20.4320,-0.0017,-0.008334027835652971%,down,
MBSF,Valued Advisers Trust Regan Floating Rate MBS ETF,$25.4100,-0.0500,-0.1966955153422502%,down,
MCDS,JPMorgan Fundamental Data Science Mid Core ETF,$54.4351,-0.4250,-0.7813447955082786%,down,
MCH,Matthews International Funds Matthews China Active ETF,$23.4293,-0.1825,-0.7877414481493471%,down,
MCHI,iShares MSCI China ETF,$53.8600,-0.7100,-1.3313332083255205%,down,
MCHS,Matthews China Discovery Active ETF,$27.8220,-0.1000,-0.36258158085569253%,down,
MCSE,Martin Currie Sustainable International Equity ETF,$14.1103,-0.1490,-1.0637310545215708%,down,
MDEV,First Trust Indxx Medical Devices ETF,$20.1678,-0.1587,-0.7892812914969489%,down,
MDIV,Multi-Asset Diversified Income Index Fund,$15.8000,-0.0200,-0.1267427122940431%,down,
MDPL,Northern Lights Fund Trust IV Monarch Dividend Plus Index ETF,$25.4331,-0.2875,-1.1305544632324025%,down,
MDST,Ultimus Managers Trust Westwood Salient Enhanced Midstream Inc,$26.5700,-0.1158,-0.43096390026051357%,down,
MDY,SPDR S&P MIDCAP 400 ETF Trust,$550.9700,-7.2800,-1.3250336718721563%,down,
MDYG,SPDR S&P 400 Mid Cap Growth ETF (based on S&P MidCap 400 Growt,$84.3200,-1.0800,-1.2826603325415677%,down,
MDYV,SPDR S&P 400 Mid Cap Value ETF (based on S&P MidCap 400 Value ,$77.4300,-0.9500,-1.2320062248735573%,down,
MEAR,iShares Short Maturity Municipal Bond Active ETF,$50.1700,0.0100,0.01994813484939158%,up,
MEDI,Harbor ETF Trust Harbor Health Care ETF,$24.5807,-0.0293,-0.12092896558270841%,down,
MEDX,Horizon Kinetics Medical ETF,$25.9357,-0.0900,-0.3496503496503497%,down,
MEM,Matthews International Funds Matthews Emerging Markets Equity ,$30.9284,-0.1374,-0.44677260445016725%,down,
MEMS,Matthews Emerging Markets Discovery Active ETF,$24.6400,-0.3200,-1.3152486642005756%,down,
MEMX,Matthews International Funds Matthews Emerging Markets ex Chin,$30.7400,-0.0897,-0.2925139897995122%,down,
METD,Direxion Daily META Bear 1X Shares,$16.8800,-0.0300,-0.17730496453900707%,down,
METU,Direxion Daily META Bull 2X Shares,$35.3300,0.1600,0.45415838773772355%,up,
METV,Roundhill Ball Metaverse ETF,$15.6500,-0.0500,-0.31887755102040816%,down,
MEXX,Direxion Daily MSCI Mexico Bull 3X Shares,$17.4400,-0.1300,-0.7549361207897793%,down,
MFDX,PIMCO Equitiy Series PIMCO RAFI Dynamic Multi-Factor Internati,$35.0221,-0.3298,-0.945684775564744%,down,
MFEM,PIMCO Equitiy Series PIMCO RAFI Dynamic Multi-Factor Emerging ,$20.1162,-0.0378,-0.18869619911941776%,down,
MFLX,First Trust Flexible Municipal High Income ETF,$16.5600,-0.1950,-1.1778918755662942%,down,
MFUL,Mindful Conservative ETF,$21.5504,-0.0442,-0.20533499335680902%,down,
MFUS,PIMCO Equitiy Series PIMCO RAFI Dynamic Multi-Factor U.S. Equi,$51.4400,-0.3021,-0.5891564784785293%,down,
MFUT,Tidal Trust II Cambria Chesapeake Pure Trend ETF,$14.4208,-0.0700,-0.4878048780487806%,down,
MGC,Vanguard Mega Cap ETF,$213.9800,-0.9500,-0.4456955195871452%,down,
MGK,Vanguard Mega Cap Growth ETF,$345.3500,-1.4400,-0.41825205495367274%,down,
MGMT,Ballast Small/Mid Cap ETF,$38.4130,-0.5100,-1.3333333333333333%,down,
MGNR,American Beacon Select Funds American Beacon GLG Natural Resou,$31.3100,-0.2063,-0.6588170672900361%,down,
MGOV,First Trust Exchange-Traded Fund IV First Trust Intermediate G,$19.8200,-0.0573,-0.2903073813058259%,down,
MGRO,VanEck ETF Trust VanEck Morningstar Wide Moat Growth ETF,$29.8283,-0.3273,-1.108679746355211%,down,
MGV,Vanguard Mega Cap Value ETF,$126.8000,-0.8700,-0.6895458508361734%,down,
MID,American Century Mid Cap Growth Impact ETF,$62.7097,-0.5649,-0.8984464462936101%,down,
MIDE,Xtrackers S&P MidCap 400 Scored & Screened ETF,$29.6363,-0.3290,-1.1126442379232444%,down,
MIDU,Direxion Mid Cap Bull 3X Shares,$41.7400,-1.6600,-4.011599806669889%,down,
MIG,VanEck Moody's Analytics IG Corporate Bond ETF,$21.2100,-0.0500,-0.23663038334122102%,down,
MILN,Global X Millennial Consumer ETF,$46.3500,-0.0100,-0.021427040925648167%,down,
MINO,PIMCO Municipal Income Opportunities Active Exchange-Traded Fu,$44.0600,-0.0200,-0.04547521600727604%,down,
MINT,PIMCO Enhanced Short Maturity Active Exchange-Traded Fund,$100.5100,0.0400,0.03980099502487562%,up,
MINV,Matthews International Funds Matthews Asia Innovators Active E,$29.3281,-0.1941,-0.6647874974740815%,down,
MISL,First Trust Exchange-Traded Fund First Trust Indxx Aerospace &,$34.3800,-0.1765,-0.5154789719626167%,down,
MJ,Amplify ETF Trust Amplify Alternative Harvest ETF,$19.7300,-0.1600,-0.815910249872514%,down,
MKAM,MKAM ETF,$28.7808,-0.0486,-0.16914938048169287%,down,
MKOR,Matthews International Funds Matthews Korea Active ETF,$24.1666,0.1779,0.7434835484935994%,up,
MLDR,Global X Funds Global X Intermediate-Term Treasury Ladder ETF,$48.8140,-0.1095,-0.225074767987996%,down,
MLN,VanEck ETF Trust VanEck Long Muni ETF,$16.8800,-0.0300,-0.1775147928994083%,down,
MLPA,Global X MLP ETF,$49.5800,-0.3500,-0.7014028056112225%,down,
MLPB,NO Name,$25.5364,-0.2823,-1.0942835989254858%,down,
MLPD,Global X Funds Global X MLP & Energy Infrastructure Covered Ca,$24.4309,-0.0557,-0.22786032203167955%,down,
MLPR,ETRACS Quarterly Pay 1.5X Leveraged Alerian MLP Index ETN,$59.1065,-0.6907,-1.1473593459038423%,down,
MLPX,Global X MLP & Energy Infrastructure ETF,$60.5000,-0.3400,-0.5590266359750082%,down,
MMCA,NYLI MacKay California Muni Intermediate ETF,$21.1330,-0.0133,-0.06293980966622971%,down,
MMIN,NYLI MacKay Muni Insured ETF,$23.2006,0.0300,0.12925463162429987%,up,
MMIT,NYLI MacKay Muni Intermediate ETF,$23.7900,0.0000,0%,unch,
MMLG,First Trust Multi-Manager Large Growth ETF,$31.3500,-0.0479,-0.1526819752393824%,down,
MMSC,First Trust Multi-Manager Small Cap Opportunities ETF,$19.3922,-0.1645,-0.8479905973565374%,down,
MMTM,SPDR S&P 1500 Momentum Tilt ETF,$255.0053,-1.0179,-0.40059615193137404%,down,
MNA,NYLI Merger Arbitrage ETF,$34.9300,-0.0600,-0.1720183486238532%,down,
MNBD,ALPS ETF Trust ALPS Intermediate Municipal Bond ETF,$25.3001,-0.0200,-0.07919223916056227%,down,
MNTL,Tema Neuroscience and Mental Health ETF,$22.4893,-0.1518,-0.6822349261136879%,down,
MOAT,VanEck Morningstar Wide Moat ETF,$89.9500,-1.0000,-1.1224604332697272%,down,
MODL,VictoryShares WestEnd U.S. Sector ETF,$40.9600,-0.1800,-0.44052863436123346%,down,
MOO,VanEck Agribusiness ETF ,$72.2300,-0.4300,-0.5959805959805959%,down,
MOOD,Relative Sentiment Tactical Allocation ETF,$32.0729,-0.1497,-0.4686135362635505%,down,
MORT,VanEck Mortgage REIT Income ETF,$10.2600,0.0000,0%,unch,
MOTE,VanEck Morningstar ESG Moat ETF,$26.9992,-0.1813,-0.6772633033863165%,down,
MOTG,VanEck Morningstar Global Wide Moat ETF,$41.2897,-0.1893,-0.46194955891504086%,down,
MOTI,VanEck Morningstar International Moat ETF,$34.4800,-0.1636,-0.47762937011896944%,down,
MOTO,SmartETFs Smart Transportation & Technology ETF,$44.7383,-0.3067,-0.6896722314168525%,down,
MPRO,Monarch ProCap Index ETF,$29.1300,-0.0900,-0.3097040605643496%,down,
MQQQ,Tradr 2X Long Innovation 100 Monthly ETF,$27.7500,-0.2500,-0.9038322487346349%,down,
MRCP,PGIM S&P 500 Buffer 12 ETF - March,$28.8932,-0.0842,-0.2920680289570535%,down,
MRGR,ProShares Merger ETF,$41.8900,-0.0082,-0.019575030854545587%,down,
MRNY,Tidal Trust II YieldMax MRNA Option Income Strategy ETF,$2.4200,-0.0500,-2.1367521367521367%,down,
MRSK,Toews Agility Shares Managed Risk ETF,$32.4900,-0.1000,-0.3084515731030228%,down,
MSFD,Direxion Daily MSFT Bear 1X Shares,$12.2600,0.0900,0.7323026851098454%,up,
MSFL,GraniteShares 2x Long MSFT Daily ETF,$25.7700,-0.4800,-1.8779342723004695%,down,
MSFO,Tidal ETF Trust II YieldMax MSFT Option Income Strategy ETF,$17.2200,-0.0900,-0.5081874647092038%,down,
MSFU,Direxion Daily MSFT Bull 2X Shares,$42.9600,-0.6200,-1.449953227315248%,down,
MSFX,ETF Opportunities Trust T-Rex 2X Long Microsoft Daily Target E,$28.5888,-0.3600,-1.2640449438202248%,down,
MSFY,Kurv Yield Premium Strategy Microsoft (MSFT) ETF,$25.2376,-0.0810,-0.32173754160741663%,down,
MSMR,ETF Series Solutions McElhenny Sheffield Managed Risk ETF,$30.5200,-0.1208,-0.40079628400796286%,down,
MSOS,AdvisorShares Trust AdvisorShares Pure US Cannabis ETF,$2.5200,0.0500,1.9841269841269842%,up,
MSOX,AdvisorShares MSOS Daily Leveraged ETF,$3.2200,0.0500,1.572327044025157%,up,
MSSS,Northern Lights Fund Trust IV Monarch Select Subsector Index E,$28.0939,-0.2064,-0.7365220742517022%,down,
MSTB,Lha Market State Tactical Beta ETF,$35.8274,-0.1579,-0.4422040187635651%,down,
MSTI,Madison ETFs Trust Madison Short Term Strategic Income ETF,$20.4800,-0.1055,-0.5162711034988989%,down,
MSTQ,ETF Series Solutions LHA Market State Tactical Q ETF,$34.4770,-0.1252,-0.3636437569163475%,down,
MSTX,Defiance Daily Target 2x Long MSTR ETF,$35.4300,-1.6100,-4.699357851722125%,down,
MSTY,Tidal Trust II YieldMax MSTR Option Income Strategy ETF,$21.6600,-0.4200,-1.9736842105263157%,down,
MTBA,Simplify Exchange Traded Funds Simplify MBS ETF,$49.5300,0.0200,0.04044489383215369%,up,
MTGP,WisdomTree Mortgage Plus Bond Fund,$43.4150,-0.0696,-0.1608489868362668%,down,
MTUL,ETRACS 2x Leveraged MSCI US Momentum Factor TR ETN,$33.2359,-0.1068,-0.32133927469994794%,down,
MTUM,iShares MSCI USA Momentum Factor ETF,$230.3200,-0.4600,-0.1998957065878672%,down,
MUB,iShares National Muni Bond ETF,$103.9900,-0.1800,-0.17326017903551832%,down,
MUD,Direxion Daily MU Bear 1X Shares,$20.3190,0.0059,0.028884896136767535%,up,
MULL,GraniteShares 2x Long MU Daily ETF,$13.6300,-0.0600,-0.44510385756676557%,down,
MUNI,PIMCO Intermediate Municipal Bond Active Exchange-Traded Fund,$51.0100,-0.1100,-0.21585557299843014%,down,
MUSI,American Century Multisector Income ETF,$43.5025,-0.0460,-0.10601765424416325%,down,
MUSQ,MUSQ Global Music Industry Index ETF,$26.9376,-0.1455,-0.5366805478198966%,down,
MUST,Columbia Multi-Sector Municipal Income ETF,$19.9500,-0.0100,-0.04997501249375312%,down,
MUU,Direxion Daily MU Bull 2X Shares,$15.3400,-0.0300,-0.1977587343441002%,down,
MVAL,VanEck ETF Trust VanEck Morningstar Wide Moat Value ETF,$31.3808,-0.2866,-0.9197187573206854%,down,
MVFD,Northern Lights Fund Trust IV Monarch Volume Factor Dividend T,$25.2427,-0.1762,-0.6980042308088451%,down,
MVFG,Northern Lights Fund Trust IV Monarch Volume Factor Global Unc,$27.4084,-0.1955,-0.7149465892842123%,down,
MVPA,Advisor Managed Portfolios Miller Value Partners Appreciation ,$33.0440,-0.2212,-0.6673706441393875%,down,
MVPL,Advisor Managed Portfolios Miller Value Partners Leverage ETF,$28.9853,-0.3062,-1.0637558711542203%,down,
MVRL,ETRACS Monthly Pay 1.5X Leveraged Mortgage REIT ETN,$14.2089,0.0052,0.037049703602371184%,up,
MVV,ProShares Ultra MidCap400,$60.1153,-1.5800,-2.640374331550802%,down,
MXI,iShares Global Materials ETF,$84.9700,-1.0900,-1.2879593524754818%,down,
MYCF,SPDR SSGA My2026 Corporate Bond ETF,$25.0500,-0.0250,-0.09982032341784787%,down,
MYCG,SPDR SSGA My2027 Corporate Bond ETF,$24.9050,-0.0150,-0.06027727546714888%,down,
MYCH,SPDR SSGA My2028 Corporate Bond ETF,$24.8700,-0.0300,-0.12077294685990338%,down,
MYCI,SPDR SSGA My2029 Corporate Bond ETF,$24.7400,-0.0400,-0.16200891049007696%,down,
MYCJ,SPDR SSGA My2030 Corporate Bond ETF,$24.6050,-0.0450,-0.1833367284579344%,down,
MYCK,SPDR SSGA My2031 Corporate Bond ETF,$24.5272,-0.0491,-0.20085167655925942%,down,
MYCL,SPDR SSGA My2032 Corporate Bond ETF,$24.3052,-0.0541,-0.22336081648493655%,down,
MYCM,SPDR SSGA My2033 Corporate Bond ETF,$24.2512,-0.0399,-0.1650458529644138%,down,
MYCN,SPDR SSGA My2034 Corporate Bond ETF,$24.0733,-0.0723,-0.3016295505177348%,down,
MYLD,Cambria ETF Trust Cambria Micro and SmallCap Shareholder Yield,$22.5978,-0.2602,-1.1563622142425427%,down,
MYMF,SPDR SSGA My2026 Municipal Bond ETF,$24.8200,-0.0260,-0.10481757710139085%,down,
MYMG,SPDR SSGA My2027 Municipal Bond ETF,$24.5450,-0.0100,-0.040783034257748776%,down,
MYMH,SPDR SSGA My2028 Municipal Bond ETF,$24.3700,-0.0050,-0.02051702913418137%,down,
MYMI,SPDR SSGA My2029 Municipal Bond ETF,$24.3000,-0.0150,-0.06176652254478073%,down,
MYMJ,SPDR SSGA My2030 Municipal Bond ETF,$24.3600,-0.0200,-0.08215239268843705%,down,
MYY,ProShares Short MidCap400,$19.4300,0.2646,1.3572989443230434%,up,
MZZ,ProShares UltraShort MidCap400,$9.8168,0.2536,2.5710693864309175%,up,
NACP,Impact Shares Trust I Impact Shares NAACP Minority Empowerment,$41.7318,-0.2223,-0.5341656994975527%,down,
NAIL,Direxion Daily Homebuilders & Supplies Bull 3X Shares,$47.7200,-4.3100,-9.2409948542024%,down,
NANC,Unusual Whales Subversive Democratic Trading ETF,$39.2600,-0.2949,-0.7527740835377573%,down,
NANR,SPDR S&P North American Natural Resources ETF,$54.3287,-0.4248,-0.7834010449035596%,down,
NAPR,Innovator Growth-100 Power Buffer ETF - April,$49.7400,-0.0645,-0.1295440851576622%,down,
NATO,Themes Transatlantic Defense ETF,$33.5700,-0.3500,-1.045400238948626%,down,
NAUG,Innovator ETFs Trust Innovator Growth-100 Power Buffer ETF - A,$26.5202,-0.0580,-0.21902413419382127%,down,
NBCC,Neuberger Berman ETF Trust Neuberger Berman Next Generation Co,$26.1480,-0.2112,-0.8080591658472569%,down,
NBCE,Neuberger Berman ETF Trust Neuberger Berman China Equity ETF,$26.3041,-0.0451,-0.17263223974063058%,down,
NBCM,Neuberger Berman ETF Trust Neuberger Berman Commodity Strategy,$21.7300,-0.1490,-0.6844281120808452%,down,
NBCR,Neuberger Berman ETF Trust Neuberger Berman Core Equity ETF,$27.3251,-0.1199,-0.44032155592524447%,down,
NBDS,Neuberger Berman ETF Trust Neuberger Berman Disrupters ETF,$30.9449,0.0271,0.08746111046564166%,up,
NBET,Neuberger Berman Energy Transition & Infrastructure ETF,$31.8867,-0.3023,-0.9449503143061664%,down,
NBFC,Neuberger Berman ETF Trust Neuberger Berman Flexible Credit In,$50.3087,-0.0233,-0.04645904326274085%,down,
NBJP,Neuberger Berman ETF Trust Neuberger Berman Japan Equity ETF,$27.5665,-0.4574,-1.6673835857131398%,down,
NBOS,Neuberger Berman ETF Trust Neuberger Berman Option Strategy ET,$25.4473,-0.0650,-0.25635969236836914%,down,
NBSD,Neuberger Berman ETF Trust Neuberger Berman Short Duration Inc,$50.7900,0.0087,0.017166975474903656%,up,
NBSM,Neuberger Berman ETF Trust Neuberger Berman Small-Mid Cap ETF,$24.3800,-0.2789,-1.1498897111876145%,down,
NCPB,Nuveen Core Plus Bond ETF,$24.7646,-0.0400,-0.1620417257443792%,down,
NDAA,Ned Davis Research 360 Dynamic Allocation ETF,$19.5743,-0.0805,-0.41240810471579703%,down,
NDEC,Innovator ETFs Trust Innovator Growth-100 Power Buffer ETF - D,$24.9645,-0.0699,-0.28072176416962186%,down,
NDIA,Global X Funds Global X India Active ETF,$30.0323,-0.0665,-0.22297852364745924%,down,
NDIV,Amplify ETF Trust Amplify Natural Resources Dividend Income ET,$26.9054,-0.4019,-1.4935911967682833%,down,
NDOW,Collaborative Investment Series Trust Anydrus Advantage ETF,$25.0584,-0.0365,-0.14547628537265841%,down,
NDVG,Nuveen Dividend Growth ETF,$32.8604,-0.1398,-0.4272041656989891%,down,
NEAR,iShares Short Duration Bond Active ETF,$50.8500,-0.0150,-0.029521747687463098%,down,
NERD,Roundhill Video Games ETF,$24.5000,-0.0400,-0.1627339300244101%,down,
NETL,NETLease Corporate Real Estate ETF,$24.1173,-0.0341,-0.14149612441700277%,down,
NEWZ,StockSnips AI-Powered Sentiment US All Cap ETF,$27.9990,-0.1200,-0.42780748663101603%,down,
NFLP,Kurv Yield Premium Strategy Netflix (NFLX) ETF,$39.0495,-0.5083,-1.2774373847089513%,down,
NFLT,Virtus Newfleet Multi-Sector Bond ETF,$22.4300,0.0300,0.13297872340425532%,up,
NFLY,Tidal ETF Trust II YieldMax NFLX Option Income Strategy ETF,$18.0600,-0.0200,-0.10565240359218173%,down,
NFRA,FlexShares STOXX Global Broad Infrastructure Index Fund,$60.8350,-0.5300,-0.8721408589764686%,down,
NFTY,First Trust India NIFTY 50 Equal Weight ETF,$58.9300,-0.4300,-0.7351684048555308%,down,
NFXL,Direxion Daily NFLX Bull 2X Shares,$58.4900,-0.1400,-0.22920759659463003%,down,
THY,Toews Agility Shares Dynamic Tactical Income ETF,$22.1100,-0.0059,-0.026752395246235395%,down,
THYF,T. Rowe Price Exchange-Traded Funds Inc. T. Rowe Price U.S. H,$51.3034,-0.0225,-0.04388745306480714%,down,
TILL,Listed Funds Trust Teucrium Agricultural Strategy No K-1 ETF,$18.6782,-0.1328,-0.7128287707997853%,down,
TILT,FlexShares Mornigstar US Market Factors Tilt Index Fund ETF,$214.3052,-1.4482,-0.6779010438608809%,down,
TIME,Tidal Trust II Clockwise Core Equity & Innovation ETF,$23.8148,-0.0837,-0.35005834305717615%,down,
TINT,ProShares Smart Materials ETF,$29.0473,-0.1348,-0.46657644342760624%,down,
TINY,ProShares Nanotechnology ETF,$39.5119,-0.6297,-1.6017928276718172%,down,
TIP,iShares TIPS Bond ETF,$108.9300,-0.2500,-0.23016019149327932%,down,
TIPX,SPDR Bloomberg 1-10 Year TIPS ETF,$19.0000,-0.0300,-0.15814443858724303%,down,
TIPZ,PIMCO Broad U.S. TIPS Index Exchange-Traded Fund,$52.7500,-0.1400,-0.2663115845539281%,down,
TJUL,Innovator ETFs Trust Innovator Equity Defined Protection ETF -,$28.5150,-0.0400,-0.1404494382022472%,down,
TLH,iShares 10-20 Year Treasury Bond ETF,$99.3700,-0.4000,-0.40555611882794285%,down,
TLT,iShares 20+ Year Treasury Bond ETF,$86.1500,-0.3700,-0.43345829428303656%,down,
TLTD,FlexShares Morningstar Developed Markets ex-US Factor Tilt Ind,$81.5048,-0.7964,-0.9805261401817494%,down,
TLTE,FlexShares Morningstar Emerging Markets Factor Tilt Index Fund,$55.7663,-0.1428,-0.2575585684216602%,down,
TLTW,iShares Trust iShares 20+ Year Treasury Bond BuyWrite Strategy,$22.8400,-0.0700,-0.3083700440528635%,down,
TMAT,Main Thematic Innovation ETF,$20.7300,-0.1642,-0.7869751302439049%,down,
TMDV,ProShares Russell US Dividend Growers ETF,$47.0061,-0.5298,-1.1340504093755017%,down,
TMET,iShares Transition-Enabling Metals ETF,$23.0200,-0.2300,-1.001306051371354%,down,
TMF,Direxion Daily 20-Yr Treasury Bull 3x Shrs,$36.9400,-0.5900,-1.642081825772335%,down,
TMFC,Motley Fool 100 Index ETF ETF,$61.2433,-0.2400,-0.39292730844793716%,down,
TMFE,The RBB Fund Inc. Motley Fool Capital Efficiency 100 Index ET,$27.3200,-0.1100,-0.40307805056797363%,down,
TMFG,Motley Fool Global Opportunities ETF,$29.6800,-0.2783,-0.939250759365508%,down,
TMFM,Motley Fool Mid-Cap Growth ETF,$25.8564,-0.1401,-0.5398843930635838%,down,
TMFS,Motley Fool Small-Cap Growth ETF,$34.0858,-0.3539,-1.0418046564752912%,down,
TMFX,The RBB Fund Inc. Motley Fool Next Index ETF,$19.6111,-0.1599,-0.814569536423841%,down,
TMSL,T. Rowe Price Exchange-Traded Funds Inc. T. Rowe Price Small-,$31.5900,-0.2600,-0.8256589393458241%,down,
TMV,Direxion Daily 20-Year Treasury Bear 3X,$40.1500,0.7200,1.7429193899782134%,up,
TNA,Direxion Small Cap Bull 3X Shares,$29.5500,-0.9500,-3.242320819112628%,down,
TOAK,Manager Directed Portfolios Twin Oak Short Horizon Absolute Re,$27.6900,-0.0150,-0.0541809644211667%,down,
TOGA,Managed Portfolio Series Tremblant Global ETF,$32.3796,-0.1168,-0.35797693991013796%,down,
TOK,iShares MSCI Kokusai ETF,$121.1779,-0.7433,-0.6155922995059857%,down,
TOKE,Cambria Cannabis ETF,$4.6500,-0.0306,-0.6504548932913868%,down,
TOLL,Tema ETF Trust Tema Monopolies and Oligopolies ETF,$33.4700,-0.1282,-0.3853715137705687%,down,
TOLZ,ProShares DJ Brookfield Global Infrastructure ETF,$54.1700,-0.5255,-0.971169839216411%,down,
TOPT,iShares Trust iShares Top 20 U.S. Stocks ETF,$25.9100,-0.0700,-0.27173913043478265%,down,
TOTL,SPDR DoubleLine Total Return Tactical ETF,$39.6700,-0.0600,-0.15166835187057634%,down,
TOTR,T. Rowe Price Total Return ETF,$40.0400,-0.2400,-0.6030150753768845%,down,
TOUS,T. Rowe Price Exchange-Traded Funds Inc. T. Rowe Price Intern,$31.4500,-0.3200,-1.0220376876397317%,down,
TPHD,Timothy Plan High Dividend Stock ETF,$37.0001,-0.4400,-1.1953273566965499%,down,
TPHE,Timothy Plan High Dividend Stock Enhanced ETF,$24.5921,-0.0750,-0.30543677458766033%,down,
TPIF,Timothy Plan International ETF,$31.4700,-0.2431,-0.7761615284411638%,down,
TPLC,Timothy Plan US Large/Mid Cap Core ETF,$43.7084,-0.4280,-0.9820861069234775%,down,
TPLE,Timothy Plan US Large/Mid Cap Core Enhanced ETF,$26.0439,-0.2410,-0.9282404643513292%,down,
TPMN,The Timothy Plan Timothy Plan Market Neutral ETF,$24.3230,-0.0148,-0.06090284350438254%,down,
TPOR,Direxion Daily Transportation Bull 3X Shares,$22.6700,-0.6100,-2.63840830449827%,down,
TPSC,Timothy Plan US Small Cap Core ETF,$37.7700,-0.4100,-1.089556205155461%,down,
TPYP,Tortoise Capital Series Trust Tortoise North American Pipeline,$35.2400,-0.2800,-0.7959067652075044%,down,
TQQQ,ProShares UltraPro QQQ,$70.3700,-0.9100,-1.2994430958160788%,down,
TRFK,Pacer Funds Pacer Data and Digital Revolution ETF,$51.7320,-0.0801,-0.15424758566903204%,down,
TRFM,ETF Series Solutions AAM Transformers ETF,$39.7027,-0.3113,-0.7814971205358265%,down,
TRND,Pacer Trendpilot Fund of Funds ETF,$30.9684,-0.1230,-0.3980402182425392%,down,
TRPA,Hartford AAA CLO ETF,$38.8409,-0.0199,-0.051069508423902586%,down,
TRTY,Cambria Trinity ETF,$25.8720,-0.1400,-0.5430566330488752%,down,
TSDD,GraniteShares 2x Short TSLA Daily ETF,$20.1900,0.6500,3.1909671084928815%,up,
TSEC,Touchstone ETF Trust Touchstone Securitized Income ETF,$26.0750,0.0100,0.038204393505253106%,up,
TSL,GraniteShares 1.25x Long TSLA Daily ETF,$14.8000,-0.3200,-2.175390890550646%,down,
TSLL,Direxion Daily TSLA Bull 2X Shares,$16.0500,-0.5500,-3.456945317410434%,down,
TSLP,Kurv Yield Premium Strategy Tesla (TSLA) ETF,$22.5840,-0.1202,-0.5344645128013589%,down,
TSLQ,Tradr 2X Short TSLA Daily ETF,$16.0600,0.5100,3.1462060456508327%,up,
TSLR,GraniteShares 2x Long TSLA Daily ETF,$25.5200,-0.8600,-3.3978664559462666%,down,
TSLS,Direxion Daily TSLA Bear 1X Shares,$7.2400,0.1100,1.5151515151515151%,up,
TSLT,ETF Opportunities Trust T-REX 2X Long Tesla Daily Target ETF,$21.8600,-0.7400,-3.4164358264081254%,down,
TSLY,Tidal ETF Trust II YieldMax TSLA Option Income Strategy ETF,$9.5400,-0.0600,-0.6322444678609062%,down,
TSLZ,ETF Opportunities Trust T-Rex 2X Inverse Tesla Daily Target ET,$1.4600,0.0350,2.3809523809523814%,up,
TSME,Thrivent Small-Mid Cap Equity ETF,$35.1400,-0.6000,-1.7167381974248925%,down,
TSMU,GraniteShares 2x Long TSM Daily ETF,$21.2200,-0.3900,-1.8660287081339715%,down,
TSMX,Direxion Daily TSM Bull 2X Shares,$25.0500,-0.4500,-1.814516129032258%,down,
TSMY,Tidal Trust II YieldMax TSM Option Income Strategy ETF,$15.6200,-0.0600,-0.3861003861003861%,down,
TSMZ,Direxion Daily TSM Bear 1X Shares,$19.7200,0.2000,1.0070493454179255%,up,
TSPA,T. Rowe Price U.S. Equity Research ETF,$37.2800,-0.2000,-0.5406866720735334%,down,
TSPY,TappAlpha SPY Growth & Daily Income ETF,$23.4600,-0.1100,-0.46968403074295473%,down,
TTEQ,T. Rowe Price Technology ETF,$26.6496,-0.3000,-1.131648434552999%,down,
TTT,ProShares UltraPro Short 20 Year Treasury,$78.9123,1.3606,1.6744506593318689%,up,
TUA,Simplify Exchange Traded Funds Simplify Short Term Treasury Fu,$21.6700,-0.0700,-0.32482598607888635%,down,
TUG,STF Tactical Growth ETF,$34.1414,-0.0795,-0.23293290360386756%,down,
TUGN,STF Tactical Growth & Income ETF,$23.3300,-0.0500,-0.21431633090441493%,down,
TUR,iShares MSCI Turkey ETF,$30.5400,-0.3000,-0.9816753926701571%,down,
TUSI,Touchstone ETF Trust Touchstone Ultra Short Income ETF,$25.2900,-0.0500,-0.1972386587771203%,down,
TVAL,T. Rowe Price Exchange-Traded Funds Inc. T. Rowe Price Value ,$31.7400,-0.1900,-0.6016466117796074%,down,
TWM,ProShares UltraShort Russell2000,$47.9200,1.0600,2.1968911917098444%,up,
TXS,Texas Capital Funds Trust Texas Capital Texas Equity Index ETF,$33.4900,-0.4100,-1.2238805970149254%,down,
TXSS,Texas Capital Texas Small Cap Equity Index ETF,$25.1463,-0.3447,-1.3730168530151003%,down,
TYA,Simplify Intermediate Term Treasury Futures Strategy ETF,$12.9600,-0.0800,-0.625%,down,
TYD,Direxion Daily 10-Yr Treasury Bull 3x Shrs,$24.4200,-0.1900,-0.7870753935376967%,down,
TYLD,Cambria ETF Trust Cambria Tactical Yield ETF,$25.5000,0.0100,0.03922337713277113%,up,
TYLG,Global X Funds Global X Information Technology Covered Call & ,$31.3456,-0.0771,-0.24650780608052586%,down,
TYO,Direxion Daily 10-Yr Treasury Bear 3x Shrs,$14.1000,0.1099,0.7712280701754386%,up,
TZA,Direxion Small Cap Bear 3X Shares,$13.7700,0.4300,3.0979827089337175%,up,
UAE,iShares MSCI UAE ETF,$18.5900,0.0400,0.21436227224008575%,up,
UAPR,Innovator U.S. Equity Ultra Buffer ETF - April,$30.6000,-0.0300,-0.09807126511932004%,down,
UAUG,Innovator U.S. Equity Ultra Buffer ETF - August,$36.0242,-0.1463,-0.40730645983034003%,down,
UBND,VictoryShares Core Plus Intermediate Bond ETF,$21.5500,-0.0350,-0.16305613789890522%,down,
UBOT,Direxion Daily Robotics Artificial Intelligence & Automation ,$20.2122,-0.5840,-2.929373996789727%,down,
UBR,ProShares Ultra MSCI Brazil Capped,$19.5634,-0.3476,-1.7759793177092118%,down,
UBRL,GraniteShares 2x Long UBER Daily ETF,$27.8000,-0.5300,-1.7342931937172776%,down,
UBT,ProShares Ultra 20+ Year Treasury,$16.2800,-0.3400,-2.142407057340895%,down,
UCC,ProShares Ultra Consumer Discretionary,$44.4427,-0.8172,-1.8419053758302886%,down,
UCIB,NO Name,$25.7289,-0.1463,-0.56578016172882%,down,
UCO,ProShares Ultra Bloomberg Crude Oil,$20.4700,0.1800,0.8559201141226819%,up,
UCON,First Trust Smith Unconstrained Bond ETF,$24.6500,-0.0200,-0.08130081300813008%,down,
UCRD,VictoryShares Corporate Bond ETF,$21.1050,-0.0592,-0.2816995236803662%,down,
UCYB,ProShares Ultra Nasdaq Cybersecurity,$55.6900,-2.4900,-4.48567825617006%,down,
UDEC,Innovator U.S. Equity Ultra Buffer ETF - December,$35.3399,-0.1100,-0.31187978451942155%,down,
UDI,USCF ETF Trust USCF Dividend Income Fund,$29.1527,-0.1989,-0.6852524305962282%,down,
UDIV,Franklin U.S. Core Dividend Tilt Index ETF,$45.8110,-0.2422,-0.5307806771288754%,down,
UDN,Invesco DB USD Index Bearish ETF,$18.4200,-0.0600,-0.32751091703056767%,down,
UDOW,ProShares UltraPro Dow30,$84.0400,-1.4700,-1.7619561308881695%,down,
UEVM,VictoryShares Emerging Markets Value Momentum ETF,$49.9200,-0.3900,-0.7839195979899497%,down,
UFEB,Innovator U.S. Equity Ultra Buffer ETF - February,$33.4400,-0.0100,-0.030003000300030006%,down,
UFIV,US Treasury 5 Year Note ETF,$48.7356,-0.0795,-0.1635927015019662%,down,
UFO,Procure Space ETF,$24.7600,-0.0200,-0.07971303308090873%,down,
UGA,United States Gasoline Fund LP,$58.7332,0.0632,0.106805107717683%,up,
UGE,ProShares Ultra Consumer Staples,$19.0600,-0.2585,-1.3660841211877799%,down,
UGL,ProShares Ultra Gold,$140.3500,-0.6800,-0.49012541444428426%,down,
UITB,VictoryShares Core Intermediate Bond ETF,$46.3900,-0.0800,-0.17293558149589278%,down,
UIVM,VictoryShares International Value Momentum ETF,$56.3900,-0.2500,-0.44420753375977257%,down,
UJAN,Innovator U.S. Equity Ultra Buffer ETF - January,$39.3300,-0.1196,-0.3046955210267933%,down,
UJB,ProShares Ultra High Yield ETF,$74.4926,-0.1170,-0.1573904925380764%,down,
UJUL,Innovator U.S. Equity Ultra Buffer ETF - July,$34.9786,-0.1668,-0.47853890710664704%,down,
UJUN,Innovator U.S. Equity Ultra Buffer ETF - June,$34.7919,-0.1501,-0.43281055815549463%,down,
ULE,ProShares Ultra Euro,$12.5400,-0.0747,-0.6055791103580781%,down,
ULST,SPDR SSGA Ultra Short Term Bond ETF,$40.6150,0.0000,0%,unch,
ULTY,Tidal Trust II YieldMax Ultra Option Income Strategy ETF,$6.1300,-0.0100,-0.16025641025641024%,down,
ULVM,VictoryShares US Value Momentum ETF,$81.5900,-0.7110,-0.8736897725457426%,down,
UMAR,Innovator U.S. Equity Ultra Buffer ETF - March,$36.6452,-0.1143,-0.3126795240049241%,down,
UMAY,Innovator U.S. Equity Ultra Buffer ETF - May,$34.2702,-0.0699,-0.20441106802589792%,down,
UMDD,UltraPro MidCap400,$21.0700,-0.8700,-4.178674351585014%,down,
UMI,USCF Midstream Energy Income Fund ETF,$49.7424,-0.3786,-0.7603799087785117%,down,
UMMA,Wahed Dow Jones Islamic World ETF,$25.6140,-0.1700,-0.6645817044566068%,down,
UNG,United States Natural Gas Fund LP,$15.9900,-0.9200,-5.696594427244583%,down,
UNIY,WisdomTree Voya Yield Enhanced USD Universal Bond Fund,$48.0496,-0.0761,-0.15886303334453655%,down,
UNL,United States 12 Month Natural Gas Fund,$8.8100,-0.3100,-3.4909909909909906%,down,
UNOV,Innovator U.S. Equity Ultra Buffer ETF - November,$35.0487,-0.0900,-0.25701068022160034%,down,
UOCT,Innovator U.S. Equity Ultra Buffer ETF - October,$35.7231,-0.1230,-0.34520986233704276%,down,
UPAR,Tidal ETF Trust UPAR Ultra Risk Parity ETF,$13.6138,-0.1380,-1.0251077105927797%,down,
UPGD,Invesco Bloomberg Analyst Rating Improvers ETF,$70.3220,-0.6443,-0.9198162366196218%,down,
UPGR,Xtrackers US Green Infrastructure Select Equity ETF,$17.0400,-0.0758,-0.43525446308088966%,down,
UPRO,ProShares UltraPro S&P 500,$80.0600,-1.3900,-1.755715548818997%,down,
UPV,ProShares Ultra FTSE Europe,$76.4300,-1.6019,-2.11729096724735%,down,
UPW,ProShares Ultra Utilities,$79.4092,-2.2816,-2.9076672902722622%,down,
URA,Global X Uranium ETF,$32.2600,-0.0700,-0.21276595744680854%,down,
URAA,Direxion Shares ETF Trust Direxion Daily Uranium Industry Bull,$20.7045,-0.2074,-0.9578526366348613%,down,
URE,ProShares Ultra Real Estate,$63.3222,-0.0189,-0.030382921261614636%,down,
URNJ,Sprott Junior Uranium Miners ETF,$17.6300,0.0800,0.4294149221685454%,up,
URNM,Sprott Uranium Miners ETF,$40.3100,0.1400,0.33637674195098516%,up,
URTH,iShares Inc. iShares MSCI World ETF,$163.3500,-1.0600,-0.6512256558333845%,down,
URTY,ProShares UltraPro Russell2000,$34.6300,-1.1300,-3.292540792540792%,down,
USAF,Atlas America Fund,$26.3400,-0.0300,-0.11402508551881414%,down,
USAI,Pacer American Energy Independence ETF,$39.0799,-0.2877,-0.7332626492267227%,down,
USCA,DBX ETF Trust Xtrackers MSCI USA Climate Action Equity ETF,$37.0022,-0.2290,-0.6205793880924636%,down,
USCI,United States Commodity Index Fund ETV,$69.9394,-0.5443,-0.7720567375886525%,down,
USCL,iShares Climate Conscious & Transition MSCI USA ETF,$70.3900,-0.3700,-0.5272908650420407%,down,
USD,ProShares Ultra Semiconductors,$57.4600,-0.0800,-0.14445648248465148%,down,
USDU,WisdomTree Bloomberg U.S. Dollar Bullish Fund,$26.2150,0.1200,0.4557538928978352%,up,
USDX,SGI Enhanced Core ETF,$25.5800,0.0213,0.08317063647012886%,up,
USE,USCF ETF Trust USCF Energy Commodity Strategy Absolute Return ,$24.1891,0.4044,1.6584373615918373%,up,
USEP,Innovator U.S. Equity Ultra Buffer ETF - September,$35.6508,-0.1234,-0.3470386410934248%,down,
USFI,BrandywineGLOBAL - U.S. Fixed Income ETF,$24.2350,-0.0050,-0.0206782464846981%,down,
USFR,WisdomTree Floating Rate Treasury Fund,$50.3100,0.0200,0.0397456279809221%,up,
USG,USCF Gold Strategy Plus Income Fund,$35.2200,-0.0100,-0.02857142857142857%,down,
USHY,iShares Broad USD High Yield Corporate Bond ETF,$37.0000,-0.0200,-0.05411255411255411%,down,
USIG,iShares Broad USD Investment Grade Corporate Bond ETF,$50.6200,-0.0800,-0.15857284440039643%,down,
USIN,WisdomTree 7-10 Year Laddered Treasury Fund,$49.5191,-0.1147,-0.2325850192536596%,down,
USL,United States 12 Month Oil,$33.3450,0.1800,0.532938564026647%,up,
USMC,Principal U.S. Mega-Cap ETF,$59.9500,-0.2000,-0.3345040976751965%,down,
USMF,WisdomTree U.S. Multifactor Fund,$50.5300,-0.4400,-0.8735358348223149%,down,
USML,ETRACS 2x Leveraged MSCI US Minimum Volatility Factor TR ETN,$41.2717,-0.5412,-1.317756599739955%,down,
USMV,iShares MSCI USA Min Vol Factor ETF,$92.9700,-0.7000,-0.7555315704263357%,down,
USNZ,DBX ETF Trust Xtrackers Net Zero Pathway Paris Aligned US Equi,$37.1337,-0.1848,-0.4993865760132305%,down,
USO,United States Oil Fund,$67.1900,0.6100,0.8985122993077036%,up,
USOI,UBS AG,$54.5000,0.2900,0.5333823799889644%,up,
USOY,Defiance Oil Enhanced Options Income ETF,$10.2200,0.1400,1.361867704280156%,up,
USPX,Franklin U.S. Equity Index ETF,$51.8500,-0.2500,-0.4843084075939559%,down,
USRD,Themes US R&D Champions ETF,$30.2317,-0.2309,-0.7635986031006932%,down,
USRT,iShares Core U.S. REIT ETF,$57.1500,-0.0600,-0.10602579961123873%,down,
USSE,Segall Bryant & Hamill Trust Segall Bryant & Hamill Select Equ,$30.7800,-0.2000,-0.6499837504062399%,down,
USSG,Xtrackers MSCI USA Selection Equity ETF,$54.6600,-0.3300,-0.6075110456553755%,down,
USSH,WisdomTree 1-3 Year Laddered Treasury Fund,$50.4900,-0.0300,-0.05948250223059383%,down,
UST,ProShares Ultra 7-10 Year Treasury,$42.1684,-0.1658,-0.3951165689201975%,down,
USTB,VictoryShares Short-Term Bond ETF,$50.5900,-0.0200,-0.0395882818685669%,down,
USVM,VictoryShares US Small Mid Cap Value Momentum ETF,$81.1064,-0.8452,-1.0444432087094602%,down,
USVN,US Treasury 7 Year Note ETF,$47.8197,-0.1000,-0.20990764063811923%,down,
USXF,iShares ESG Advanced MSCI USA ETF,$51.0500,-0.2900,-0.5722178374112075%,down,
UTEN,US Treasury 10 Year Note ETF,$43.1941,-0.1400,-0.3255056963496862%,down,
UTES,Virtus Reaves Utilities ETF,$72.1300,-0.8500,-1.1810476587467%,down,
UTHY,US Treasury 30 Year Bond ETF,$40.9078,-0.1800,-0.4437869822485207%,down,
UTRE,US Treasury 3 Year Note ETF,$49.4950,-0.0422,-0.08538569243345176%,down,
UTSL,Direxion Daily Utilities Bull 3X Shares,$36.1400,-1.6100,-4.548022598870057%,down,
UTWO,US Treasury 2 Year Note ETF,$48.3450,-0.0300,-0.062118231701004244%,down,
UTWY,US Treasury 20 Year Bond ETF,$42.8900,-0.1900,-0.4463237021376556%,down,
UUP,Invesco DB USD Index Bullish Fund ETF,$27.4600,0.0900,0.3259688518652662%,up,
UVIX,VS TR 2x Long VIX Futures ETF,$28.8600,0.7000,2.412961047914512%,up,
UVXY,ProShares Trust Ultra VIX Short Term Futures ETF,$22.3300,0.4100,1.8336314847942756%,up,
UWM,ProShares Ultra Russell2000,$34.4300,-0.7500,-2.1910604732690624%,down,
UXI,ProShares Ultra Industrials,$40.3881,-0.4346,-1.077417371557768%,down,
UYG,ProShares Ultra Financials,$89.9400,-1.3300,-1.4917003140421714%,down,
UYLD,Angel Oak UltraShort Income ETF,$51.2385,-0.0237,-0.046305975033850255%,down,
UYM,ProShares Ultra Materials,$22.8414,-0.5800,-2.5438596491228065%,down,
VABS,Virtus Newfleet ABS/MBS ETF,$24.3550,-0.0150,-0.06165228113440198%,down,
VALQ,American Century U.S. Quality Value ETF,$60.5137,-0.4699,-0.7778436234700532%,down,
VAMO,Cambria ETF Trust Cambria Value and Momentum ETF,$29.7448,-0.1297,-0.43611591201016825%,down,
VAW,Vanguard Materials ETF,$190.7700,-2.8300,-1.488063939425807%,down,
VB,Vanguard Small-Cap ETF,$229.0200,-2.5400,-1.1117919985993172%,down,
VBK,Vanguard Small-Cap Growth ETF,$264.4100,-2.5700,-0.9729688801393201%,down,
VBND,Vident U.S. Bond Strategy ETF,$43.0100,-0.1300,-0.3037383177570094%,down,
VBR,Vanguard Small-Cap Value ETF,$189.8500,-2.3200,-1.2266046314899015%,down,
VCEB,Vanguard World Funds ETF,$62.4300,-0.1300,-0.2090032154340836%,down,
VCIT,Vanguard Intermediate-Term Corporate Bond ETF,$81.4900,-0.1600,-0.1970200714197759%,down,
VCLN,Virtus Duff & Phelps Clean Energy ETF,$18.2477,-0.0199,-0.10811280674971614%,down,
VCLT,Vanguard Long-Term Corporate Bond ETF,$73.8200,-0.2500,-0.34097108565193673%,down,
VCR,Vanguard Consumer Discretion ETF,$357.7600,-3.0900,-0.8640456350315978%,down,
VCRB,Vanguard Core Bond ETF,$76.5500,-0.1100,-0.14420555846879915%,down,
VCSH,Vanguard Short-Term Corporate Bond ETF,$78.9600,-0.0700,-0.08878741755454085%,down,
VDC,Vanguard Consumer Staples ETF,$222.2700,-1.4700,-0.6643767513332731%,down,
VDE,Vanguard Energy ETF,$115.0900,-1.3700,-1.1978665734021159%,down,
VEA,Vanguard FTSE Developed Markets ETF,$55.5100,-0.5100,-0.9224091155724362%,down,
VEGA,AdvisorShares STAR Global Buy-Write ETF,$44.3450,-0.4744,-1.075127478753541%,down,
VEGI,iShares MSCI Agriculture Producers ETF,$39.7449,-0.1185,-0.2970862979286692%,down,
VEGN,US Vegan Climate Index,$53.0920,-0.1493,-0.2816678206306114%,down,
VEMY,Virtus ETF Trust II Virtus Stone Harbor Emerging Markets High ,$26.4050,-0.0532,-0.20192205505032865%,down,
VERS,ProShares Trust ProShares Metaverse ETF,$49.8877,0.0231,0.04630474132487687%,up,
VETZ,Tidal ETF Trust Academy Veteran Impact ETF,$19.7200,-0.0100,-0.05091649694501018%,down,
VEU,Vanguard FTSE All World Ex US ETF,$65.3700,-0.5600,-0.85995085995086%,down,
VFH,Vanguard Financials ETF,$122.7300,-0.9400,-0.7697977233641798%,down,
VFLO,VictoryShares Free Cash Flow ETF,$33.9400,-0.3600,-1.0657193605683837%,down,
VFMF,Vanguard U.S. Multifactor ETF,$130.1901,-1.1609,-0.8936984597192883%,down,
VFMO,Vanguard U.S. Momentum Factor ETF,$163.8100,-1.0000,-0.6093845216331505%,down,
VFMV,Vanguard U.S. Minimum Volatility ETF,$126.2300,-0.6400,-0.5080171455786633%,down,
VFQY,Vanguard U.S. Quality Factor ETF,$138.8500,-1.2970,-0.9350106333129077%,down,
VFVA,Vanguard U.S. Value Factor ETF,$114.4500,-1.1400,-1.0014054813773716%,down,
VGIT,Vanguard Intermediate-Term Treasury ETF,$59.1300,-0.1100,-0.18656716417910446%,down,
VGK,Vanguard FTSEEuropean ETF,$76.7000,-0.7500,-0.9828331804481719%,down,
VGLT,Vanguard Long-Term Treasury ETF,$54.8200,-0.2500,-0.459896983075791%,down,
VGSH,Vanguard Short-Term Treasury ETF,$58.5600,-0.0300,-0.05127328661767219%,down,
VGSR,Vert Global Sustainable Real Estate ETF,$10.4800,0.0600,0.5774783445620789%,up,
VGT,Vanguard Information Tech ETF,$609.1300,-2.7600,-0.4547326797924046%,down,
VHT,Vanguard Health Care ETF,$243.3200,-1.3900,-0.5764525359764443%,down,
VICE,AdvisorShares Trust AdvisorShares Vice ETF,$33.1085,-0.0954,-0.28826455071220075%,down,
VIDI,Vident International Equity Strategy ETF,$28.8574,-0.1847,-0.64410834411497%,down,
VIG,Vanguard Div Appreciation ETF,$197.3400,-1.3000,-0.6612410986775178%,down,
VIGI,Vanguard International Dividend Appreciation ETF,$89.2900,-0.9300,-1.0430686406460297%,down,
VIOG,Vanguard S&P Small-Cap 600 Growth ETF,$110.4002,-1.3268,-1.2055987467879172%,down,
VIOO,Vanguard S&P Small-Cap 600 ETF,$97.7000,-1.2500,-1.2852148879292618%,down,
VIOV,Vanguard S&P Small-Cap 600 Value ETF,$82.9100,-1.0400,-1.2625956051960665%,down,
VIS,Vanguard Industrials ETF,$269.8300,-1.5600,-0.5787208784686155%,down,
VIXM,ProShares Trust VIX Mid-Term Futures ETF,$16.8700,0.1400,0.834326579261025%,up,
VIXY,ProShares Trust VIX Short-Term Futures ETF,$52.3100,0.5200,0.9954058192955589%,up,
VLLU,Harbor ETF Trust Harbor AlphaEdge Large Cap Value ETF,$20.9155,-0.1777,-0.8486231960190641%,down,
VLU,SPDR S&P 1500 Value Tilt ETF,$185.1004,-1.4336,-0.7761355638568566%,down,
VLUE,iShares MSCI USA Value Factor ETF,$107.0200,-0.8700,-0.8139208532135841%,down,
VMAX,Lattice Strategies Trust Hartford US Value ETF,$48.3837,-0.4009,-0.8291897973872971%,down,
VMBS,Vanguard Mortgage-Backed Securities ETF,$45.6400,-0.0300,-0.06597756762700682%,down,
VNAM,Global X Funds Global X MSCI Vietnam ETF,$16.8555,0.0500,0.29568302779420463%,up,
VNLA,Janus Henderson Short Duration Income ETF,$49.1400,-0.0300,-0.06109979633401222%,down,
VNM,VanEck Vietnam ETF,$13.5100,0.1250,0.911743253099927%,up,
VNQ,Vanguard Real Estate ETF,$89.3200,-0.0900,-0.1016719385449616%,down,
VNQI,Vanguard Global ex-U.S. Real Estate ETF,$44.0400,-0.0800,-0.1823985408116735%,down,
VNSE,Natixis Vaughan Nelson Select ETF,$33.6534,-0.1588,-0.47298082164036176%,down,
VO,Vanguard Mid-Cap ETF,$269.7200,-2.2200,-0.8258928571428572%,down,
VOE,Vanguard Mid-Cap Value ETF,$161.1600,-1.7500,-1.091498783758498%,down,
VOLT,Tema Electrification ETF,$23.7100,-0.1800,-0.7617435463393991%,down,
VONE,Vanguard Russell 1000 ETF,$268.4500,-1.5000,-0.5612722170252572%,down,
VONG,Vanguard Russell 1000 Growth ETF,$102.8700,-0.3800,-0.3705148205928237%,down,
VONV,Vanguard Russell 1000 Value ETF,$82.7600,-0.6700,-0.8131067961165048%,down,
VOO,Vanguard S&P 500 ETF,$542.3200,-3.1000,-0.5738190433881238%,down,
VOOG,Vanguard S&P 500 Growth ETF,$374.2200,-1.3500,-0.36179450072358904%,down,
VOOV,Vanguard S&P 500 Value ETF,$182.7300,-1.3100,-0.7198988844314997%,down,
VOT,Vanguard Mid-Cap Growth ETF,$267.5900,-1.4100,-0.5270633971291866%,down,
VOTE,TCW Transform 500 ETF,$69.3600,-0.3100,-0.4483007953723788%,down,
VOX,Vanguard Communication Services  ETF,$158.6800,-0.3700,-0.23217871485943772%,down,
VPC,Virtus Private Credit Strategy ETF,$20.6500,-0.0266,-0.12935604034352294%,down,
VPL,Vanguard FTSE Pacific ETF,$78.8900,-0.8900,-1.1333248440086592%,down,
VPLS,Vanguard Core Plus Bond ETF,$76.7300,-0.0600,-0.0784313725490196%,down,
VPU,Vanguard Utilities ETF,$175.3800,-2.6700,-1.5344827586206897%,down,
VRAI,Virtus Real Asset Income ETF,$22.6668,-0.1739,-0.771455695640987%,down,
VRIG,Invesco Variable Rate Investment Grade ETF,$25.0300,0.0100,0.039936102236421724%,up,
VRP,Invesco Variable Rate Preferred ETF,$24.1700,0.0100,0.041425020712510356%,up,
VSDA,VictoryShares Dividend Accelerator ETF,$50.8314,-0.4800,-0.9486166007905138%,down,
VSGX,Vanguard ESG International Stock ETF,$63.8500,-0.4700,-0.7395751376868608%,down,
VSHY,Virtus Newfleet Short Duration High Yield Bond ETF,$21.6689,-0.0190,-0.08814251252551493%,down,
VSLU,Applied Finance Valuation Large Cap ETF,$37.2200,0.0000,0%,unch,
VSMV,VictoryShares US Multi-Factor Minimum Volatility ETF,$48.6000,-0.3800,-0.7833436404864976%,down,
VSS,Vanguard FTSE All-Wld ex-US SmCp Idx ETF,$127.8800,-0.7000,-0.549709439296372%,down,
VT,Vanguard Total World Stock Index ETF,$123.5400,-0.8500,-0.6908322496749024%,down,
VTC,Vanguard Total Corporate Bond ETF,$76.0700,-0.1200,-0.158311345646438%,down,
VTEB,Vanguard Tax-Exempt Bond ETF,$48.8800,-0.0700,-0.14335449518738483%,down,
VTEC,Vanguard California Tax-Exempt Bond ETF,$97.2900,-0.0400,-0.041164968611711435%,down,
VTEI,Vanguard Tax-Managed Funds Vanguard Intermediate-Term Tax-Exem,$98.0600,-0.0500,-0.051036031438195364%,down,
VTES,Vanguard Wellington Fund Vanguard Short-Term Tax Exempt Bond E,$100.4200,0.0100,0.0099601593625498%,up,
VTHR,Vanguard Russell 3000 ETF,$260.4300,-1.4700,-0.5663866841334668%,down,
VTI,Vanguard Total Stock Market ETF,$290.1200,-1.7100,-0.5913067533455514%,down,
VTIP,Vanguard Short-Term Inflation-Protected Securities Index Fund ,$49.9600,-0.0400,-0.08011215701982775%,down,
VTV,Vanguard Value ETF,$171.1200,-1.2600,-0.739566825145272%,down,
VTWG,Vanguard Russell 2000 Growth ETF,$197.9900,-1.5500,-0.7835802032253172%,down,
VTWO,Vanguard Russell 2000 ETF,$83.3100,-0.9100,-1.0957254665863938%,down,
VTWV,Vanguard Russell 2000 Value ETF,$133.6600,-1.7900,-1.3478915662650601%,down,
VUG,Vanguard Growth ETF,$413.5300,-1.5900,-0.3854919264898415%,down,
